2025-10-24 12:03:06,410 - INFO - 
########################################################################################################################
2025-10-24 12:03:06,410 - INFO - Using device: cpu (local rank 0)
2025-10-24 12:03:06,410 - INFO - Saving the hyperparameters configurations:
2025-10-24 12:03:06,410 - INFO - {
      "vocab_size": 50259,
      "block_size": 448,
      "local_learning_rate": 1e-05,
      "peak_learning_rate": 0.0005,
      "warmup_steps": 217,
      "la": 0.5,
      "n_embed": 12,
      "dropout": 0.24684719512514441,
      "T": 10,
      "is_holding_error": true,
      "update_bias": false,
      "num_heads": 6,
      "n_blocks": 4,
      "batch_size": 8,
      "num_epochs": 20,
      "use_lateral": true,
      "internal_energy_fn_name": "pc_e",
      "output_energy_fn_name": "pc_e",
      "eos_token_id": 50258,
      "use_flash_attention": true,
      "combined_internal_weight": 0.7,
      "combined_output_weight": 0.3
}
2025-10-24 12:03:07,020 - INFO - ========== Training started ==========
2025-10-24 12:03:07,024 - INFO - 1.27 M parameters
2025-10-24 12:03:07,024 - INFO - Epoch 1/20
2025-10-24 12:04:20,563 - INFO -   Batch 10/5258 | Batch Energy: 1.7703 | Perplexity: 247433.8574
2025-10-24 12:05:39,248 - INFO -   Batch 20/5258 | Batch Energy: 1.7578 | Perplexity: 150294.9301
2025-11-20 13:44:57,517 - INFO - 
########################################################################################################################
2025-11-20 13:44:57,517 - INFO - Using device: cuda:0 (local rank 0)
2025-11-20 13:44:57,517 - INFO - Saving the hyperparameters configurations:
2025-11-20 13:44:57,517 - INFO - {
      "vocab_size": 1024,
      "block_size": 448,
      "lr": 0.00048332759589273905,
      "peak_learning_rate": 0.00483327595892739,
      "warmup_steps": 82,
      "n_embed": 64,
      "dropout": 0.010135021708591482,
      "T": 2,
      "update_bias": false,
      "num_heads": 4,
      "n_blocks": 4,
      "batch_size": 4,
      "num_epochs": 20,
      "internal_energy_fn_name": "pc_e",
      "output_energy_fn_name": "pc_e",
      "combined_internal_weight": 0.502141388705608,
      "combined_output_weight": 0.497858611294392,
      "use_flash_attention": false,
      "alpha": 0.5
}
2025-11-20 13:44:58,764 - INFO - ========== Training started ==========
2025-11-20 13:44:58,764 - INFO - 0.68 M parameters
2025-11-20 13:44:58,764 - INFO - Epoch 1/20
2025-11-20 13:44:59,692 - INFO -   Batch 10/165 | Batch Energy: 1.4454 | Perplexity: 1157.8436
2025-11-20 13:45:00,281 - INFO -   Batch 20/165 | Batch Energy: 1.4181 | Perplexity: 1115.4786
2025-11-20 13:45:00,823 - INFO -   Batch 30/165 | Batch Energy: 1.3946 | Perplexity: 1073.5978
2025-11-20 13:45:01,370 - INFO -   Batch 40/165 | Batch Energy: 1.3730 | Perplexity: 1026.1013
2025-11-20 13:45:01,929 - INFO -   Batch 50/165 | Batch Energy: 1.3594 | Perplexity: 1031.8468
2025-11-20 13:45:02,494 - INFO -   Batch 60/165 | Batch Energy: 1.3542 | Perplexity: 1004.5590
2025-11-20 13:45:03,055 - INFO -   Batch 70/165 | Batch Energy: 1.3461 | Perplexity: 967.1249
2025-11-20 13:45:03,611 - INFO -   Batch 80/165 | Batch Energy: 1.3394 | Perplexity: 944.7949
2025-11-20 13:45:04,145 - INFO -   Batch 90/165 | Batch Energy: 1.3380 | Perplexity: 944.1658
2025-11-20 13:45:04,685 - INFO -   Batch 100/165 | Batch Energy: 1.3372 | Perplexity: 923.2041
2025-11-20 13:45:05,219 - INFO -   Batch 110/165 | Batch Energy: 1.3365 | Perplexity: 976.7140
2025-11-20 13:45:05,775 - INFO -   Batch 120/165 | Batch Energy: 1.3368 | Perplexity: 920.4985
2025-11-20 13:45:06,307 - INFO -   Batch 130/165 | Batch Energy: 1.3317 | Perplexity: 919.5286
2025-11-20 13:45:06,837 - INFO -   Batch 140/165 | Batch Energy: 1.3311 | Perplexity: 914.4965
2025-11-20 13:45:07,370 - INFO -   Batch 150/165 | Batch Energy: 1.3317 | Perplexity: 920.2260
2025-11-20 13:45:07,900 - INFO -   Batch 160/165 | Batch Energy: 1.3291 | Perplexity: 903.2426
2025-11-20 13:45:08,427 - INFO - Epoch 1/20 | Train Energy: 1.3597 | Train Perplexity: 983.6121 | Val Energy: 1.3987 | Val Perplexity: 1145.2217
2025-11-20 13:45:08,427 - INFO - Epoch 2/20
2025-11-20 13:45:08,966 - INFO -   Batch 10/165 | Batch Energy: 1.3293 | Perplexity: 914.7320
2025-11-20 13:45:09,501 - INFO -   Batch 20/165 | Batch Energy: 1.3310 | Perplexity: 880.0748
2025-11-20 13:45:10,044 - INFO -   Batch 30/165 | Batch Energy: 1.3295 | Perplexity: 927.3430
2025-11-20 13:45:10,584 - INFO -   Batch 40/165 | Batch Energy: 1.3290 | Perplexity: 937.7362
2025-11-20 13:45:11,117 - INFO -   Batch 50/165 | Batch Energy: 1.3259 | Perplexity: 890.2399
2025-11-20 13:45:11,652 - INFO -   Batch 60/165 | Batch Energy: 1.3282 | Perplexity: 951.9603
2025-11-20 13:45:12,193 - INFO -   Batch 70/165 | Batch Energy: 1.3268 | Perplexity: 933.2380
2025-11-20 13:45:12,724 - INFO -   Batch 80/165 | Batch Energy: 1.3265 | Perplexity: 913.3687
2025-11-20 13:45:13,256 - INFO -   Batch 90/165 | Batch Energy: 1.3287 | Perplexity: 911.6243
2025-11-20 13:45:13,788 - INFO -   Batch 100/165 | Batch Energy: 1.3287 | Perplexity: 897.5012
2025-11-20 13:45:14,321 - INFO -   Batch 110/165 | Batch Energy: 1.3259 | Perplexity: 894.7967
2025-11-20 13:45:14,861 - INFO -   Batch 120/165 | Batch Energy: 1.3275 | Perplexity: 906.0845
2025-11-20 13:45:15,407 - INFO -   Batch 130/165 | Batch Energy: 1.3252 | Perplexity: 900.8438
2025-11-20 13:45:15,965 - INFO -   Batch 140/165 | Batch Energy: 1.3276 | Perplexity: 955.0553
2025-11-20 13:45:16,550 - INFO -   Batch 150/165 | Batch Energy: 1.3248 | Perplexity: 920.1053
2025-11-20 13:45:17,144 - INFO -   Batch 160/165 | Batch Energy: 1.3275 | Perplexity: 898.7641
2025-11-20 13:45:17,723 - INFO - Epoch 2/20 | Train Energy: 1.3275 | Train Perplexity: 926.8113 | Val Energy: 1.3945 | Val Perplexity: 1130.3112
2025-11-20 13:45:17,724 - INFO - Epoch 3/20
2025-11-20 13:45:18,304 - INFO -   Batch 10/165 | Batch Energy: 1.3243 | Perplexity: 933.6070
2025-11-20 13:45:18,843 - INFO -   Batch 20/165 | Batch Energy: 1.3245 | Perplexity: 936.6400
2025-11-20 13:45:19,377 - INFO -   Batch 30/165 | Batch Energy: 1.3294 | Perplexity: 923.5379
2025-11-20 13:45:19,907 - INFO -   Batch 40/165 | Batch Energy: 1.3278 | Perplexity: 935.4251
2025-11-20 13:45:20,463 - INFO -   Batch 50/165 | Batch Energy: 1.3238 | Perplexity: 908.9284
2025-11-20 13:45:21,035 - INFO -   Batch 60/165 | Batch Energy: 1.3223 | Perplexity: 927.7760
2025-11-20 13:45:21,586 - INFO -   Batch 70/165 | Batch Energy: 1.3277 | Perplexity: 909.8126
2025-11-20 13:45:22,124 - INFO -   Batch 80/165 | Batch Energy: 1.3257 | Perplexity: 936.4256
2025-11-20 13:45:22,662 - INFO -   Batch 90/165 | Batch Energy: 1.3241 | Perplexity: 890.0239
2025-11-20 13:45:23,199 - INFO -   Batch 100/165 | Batch Energy: 1.3263 | Perplexity: 944.3792
2025-11-20 13:45:23,743 - INFO -   Batch 110/165 | Batch Energy: 1.3237 | Perplexity: 894.3364
2025-11-20 13:45:24,275 - INFO -   Batch 120/165 | Batch Energy: 1.3217 | Perplexity: 956.0098
2025-11-20 13:45:24,814 - INFO -   Batch 130/165 | Batch Energy: 1.3246 | Perplexity: 943.5001
2025-11-20 13:45:25,356 - INFO -   Batch 140/165 | Batch Energy: 1.3248 | Perplexity: 957.2359
2025-11-20 13:45:25,893 - INFO -   Batch 150/165 | Batch Energy: 1.3245 | Perplexity: 930.8722
2025-11-20 13:45:26,432 - INFO -   Batch 160/165 | Batch Energy: 1.3275 | Perplexity: 955.1436
2025-11-20 13:45:26,954 - INFO - Epoch 3/20 | Train Energy: 1.3256 | Train Perplexity: 925.8649 | Val Energy: 1.3950 | Val Perplexity: 1136.6211
2025-11-20 13:45:26,954 - INFO - Epoch 4/20
2025-11-20 13:45:27,480 - INFO -   Batch 10/165 | Batch Energy: 1.3247 | Perplexity: 935.2984
2025-11-20 13:45:28,020 - INFO -   Batch 20/165 | Batch Energy: 1.3218 | Perplexity: 916.1005
2025-11-20 13:45:28,566 - INFO -   Batch 30/165 | Batch Energy: 1.3257 | Perplexity: 927.0437
2025-11-20 13:45:29,116 - INFO -   Batch 40/165 | Batch Energy: 1.3258 | Perplexity: 957.3021
2025-11-20 13:45:29,668 - INFO -   Batch 50/165 | Batch Energy: 1.3242 | Perplexity: 940.3987
2025-11-20 13:45:30,237 - INFO -   Batch 60/165 | Batch Energy: 1.3250 | Perplexity: 902.6863
2025-11-20 13:45:30,823 - INFO -   Batch 70/165 | Batch Energy: 1.3237 | Perplexity: 930.6028
2025-11-20 13:45:31,385 - INFO -   Batch 80/165 | Batch Energy: 1.3278 | Perplexity: 936.8995
2025-11-20 13:45:31,937 - INFO -   Batch 90/165 | Batch Energy: 1.3243 | Perplexity: 933.4080
2025-11-20 13:45:32,504 - INFO -   Batch 100/165 | Batch Energy: 1.3260 | Perplexity: 938.8628
2025-11-20 13:45:33,048 - INFO -   Batch 110/165 | Batch Energy: 1.3259 | Perplexity: 945.0107
2025-11-20 13:45:33,578 - INFO -   Batch 120/165 | Batch Energy: 1.3253 | Perplexity: 890.5728
2025-11-20 13:45:34,111 - INFO -   Batch 130/165 | Batch Energy: 1.3252 | Perplexity: 912.7866
2025-11-20 13:45:34,661 - INFO -   Batch 140/165 | Batch Energy: 1.3260 | Perplexity: 954.0967
2025-11-20 13:45:35,191 - INFO -   Batch 150/165 | Batch Energy: 1.3262 | Perplexity: 916.1568
2025-11-20 13:45:35,717 - INFO -   Batch 160/165 | Batch Energy: 1.3235 | Perplexity: 911.8552
2025-11-20 13:45:36,237 - INFO - Epoch 4/20 | Train Energy: 1.3253 | Train Perplexity: 925.7501 | Val Energy: 1.3958 | Val Perplexity: 1152.6560
2025-11-20 13:45:36,237 - INFO - Epoch 5/20
2025-11-20 13:45:36,791 - INFO -   Batch 10/165 | Batch Energy: 1.3259 | Perplexity: 876.8306
2025-11-20 13:45:37,334 - INFO -   Batch 20/165 | Batch Energy: 1.3277 | Perplexity: 908.3873
2025-11-20 13:45:37,876 - INFO -   Batch 30/165 | Batch Energy: 1.3253 | Perplexity: 917.5948
2025-11-20 13:45:38,411 - INFO -   Batch 40/165 | Batch Energy: 1.3246 | Perplexity: 910.4384
2025-11-20 13:45:38,946 - INFO -   Batch 50/165 | Batch Energy: 1.3244 | Perplexity: 949.6735
2025-11-20 13:45:39,485 - INFO -   Batch 60/165 | Batch Energy: 1.3231 | Perplexity: 951.3223
2025-11-20 13:45:40,020 - INFO -   Batch 70/165 | Batch Energy: 1.3255 | Perplexity: 930.5900
2025-11-20 13:45:40,565 - INFO -   Batch 80/165 | Batch Energy: 1.3247 | Perplexity: 885.9147
2025-11-20 13:45:41,115 - INFO -   Batch 90/165 | Batch Energy: 1.3287 | Perplexity: 885.8657
2025-11-20 13:45:41,657 - INFO -   Batch 100/165 | Batch Energy: 1.3237 | Perplexity: 931.6111
2025-11-20 13:45:42,203 - INFO -   Batch 110/165 | Batch Energy: 1.3254 | Perplexity: 941.3256
2025-11-20 13:45:42,783 - INFO -   Batch 120/165 | Batch Energy: 1.3262 | Perplexity: 953.3622
2025-11-20 13:45:43,326 - INFO -   Batch 130/165 | Batch Energy: 1.3261 | Perplexity: 956.2145
2025-11-20 13:45:43,863 - INFO -   Batch 140/165 | Batch Energy: 1.3251 | Perplexity: 919.3633
2025-11-20 13:45:44,411 - INFO -   Batch 150/165 | Batch Energy: 1.3256 | Perplexity: 946.3437
2025-11-20 13:45:44,949 - INFO -   Batch 160/165 | Batch Energy: 1.3225 | Perplexity: 931.6613
2025-11-20 13:45:45,483 - INFO - Epoch 5/20 | Train Energy: 1.3255 | Train Perplexity: 922.7666 | Val Energy: 1.3947 | Val Perplexity: 1146.3501
2025-11-20 13:45:45,497 - INFO - Saved checkpoint to checkpoints/model_epoch_5.pt
2025-11-20 13:45:45,497 - INFO - Epoch 6/20
2025-11-20 13:45:46,038 - INFO -   Batch 10/165 | Batch Energy: 1.3258 | Perplexity: 935.1677
2025-11-20 13:45:46,584 - INFO -   Batch 20/165 | Batch Energy: 1.3242 | Perplexity: 926.2042
2025-11-20 13:45:47,144 - INFO -   Batch 30/165 | Batch Energy: 1.3238 | Perplexity: 936.1609
2025-11-20 13:45:47,733 - INFO -   Batch 40/165 | Batch Energy: 1.3218 | Perplexity: 893.3195
2025-11-20 13:45:48,274 - INFO -   Batch 50/165 | Batch Energy: 1.3286 | Perplexity: 915.8236
2025-11-20 13:45:48,814 - INFO -   Batch 60/165 | Batch Energy: 1.3260 | Perplexity: 925.9366
2025-11-20 13:45:49,363 - INFO -   Batch 70/165 | Batch Energy: 1.3267 | Perplexity: 907.6897
2025-11-20 13:45:49,902 - INFO -   Batch 80/165 | Batch Energy: 1.3244 | Perplexity: 972.7911
2025-11-20 13:45:50,454 - INFO -   Batch 90/165 | Batch Energy: 1.3250 | Perplexity: 921.3381
2025-11-20 13:45:51,014 - INFO -   Batch 100/165 | Batch Energy: 1.3277 | Perplexity: 956.9571
2025-11-20 13:45:51,549 - INFO -   Batch 110/165 | Batch Energy: 1.3277 | Perplexity: 905.6944
2025-11-20 13:45:52,089 - INFO -   Batch 120/165 | Batch Energy: 1.3247 | Perplexity: 934.5534
2025-11-20 13:45:52,645 - INFO -   Batch 130/165 | Batch Energy: 1.3260 | Perplexity: 916.3355
2025-11-20 13:45:53,178 - INFO -   Batch 140/165 | Batch Energy: 1.3242 | Perplexity: 909.9774
2025-11-20 13:45:53,726 - INFO -   Batch 150/165 | Batch Energy: 1.3231 | Perplexity: 925.6576
2025-11-20 13:45:54,274 - INFO -   Batch 160/165 | Batch Energy: 1.3248 | Perplexity: 937.6812
2025-11-20 13:45:54,804 - INFO - Epoch 6/20 | Train Energy: 1.3255 | Train Perplexity: 924.7278 | Val Energy: 1.3951 | Val Perplexity: 1126.5270
2025-11-20 13:45:54,804 - INFO - Epoch 7/20
2025-11-20 13:45:55,345 - INFO -   Batch 10/165 | Batch Energy: 1.3278 | Perplexity: 959.2615
2025-11-20 13:45:55,889 - INFO -   Batch 20/165 | Batch Energy: 1.3240 | Perplexity: 919.3637
2025-11-20 13:45:56,434 - INFO -   Batch 30/165 | Batch Energy: 1.3260 | Perplexity: 896.3994
2025-11-20 13:45:56,973 - INFO -   Batch 40/165 | Batch Energy: 1.3259 | Perplexity: 911.8204
2025-11-20 13:45:57,522 - INFO -   Batch 50/165 | Batch Energy: 1.3264 | Perplexity: 865.3574
2025-11-20 13:45:58,062 - INFO -   Batch 60/165 | Batch Energy: 1.3233 | Perplexity: 897.6112
2025-11-20 13:45:58,607 - INFO -   Batch 70/165 | Batch Energy: 1.3245 | Perplexity: 909.6538
2025-11-20 13:45:59,157 - INFO -   Batch 80/165 | Batch Energy: 1.3258 | Perplexity: 935.0157
2025-11-20 13:45:59,703 - INFO -   Batch 90/165 | Batch Energy: 1.3245 | Perplexity: 963.1905
2025-11-20 13:46:00,259 - INFO -   Batch 100/165 | Batch Energy: 1.3258 | Perplexity: 884.4909
2025-11-20 13:46:00,815 - INFO -   Batch 110/165 | Batch Energy: 1.3259 | Perplexity: 947.6437
2025-11-20 13:46:01,366 - INFO -   Batch 120/165 | Batch Energy: 1.3289 | Perplexity: 863.5219
2025-11-20 13:46:01,912 - INFO -   Batch 130/165 | Batch Energy: 1.3271 | Perplexity: 922.3395
2025-11-20 13:46:02,459 - INFO -   Batch 140/165 | Batch Energy: 1.3258 | Perplexity: 942.5329
2025-11-20 13:46:03,037 - INFO -   Batch 150/165 | Batch Energy: 1.3257 | Perplexity: 921.8215
2025-11-20 13:46:03,585 - INFO -   Batch 160/165 | Batch Energy: 1.3232 | Perplexity: 903.4041
2025-11-20 13:46:04,122 - INFO - Epoch 7/20 | Train Energy: 1.3256 | Train Perplexity: 922.0628 | Val Energy: 1.3948 | Val Perplexity: 1149.3091
2025-11-20 13:46:04,122 - INFO - Epoch 8/20
2025-11-20 13:46:04,664 - INFO -   Batch 10/165 | Batch Energy: 1.3257 | Perplexity: 889.3710
2025-11-20 13:46:05,207 - INFO -   Batch 20/165 | Batch Energy: 1.3248 | Perplexity: 944.2770
2025-11-20 13:46:05,748 - INFO -   Batch 30/165 | Batch Energy: 1.3230 | Perplexity: 935.0406
2025-11-20 13:46:06,295 - INFO -   Batch 40/165 | Batch Energy: 1.3231 | Perplexity: 942.8246
2025-11-20 13:46:06,844 - INFO -   Batch 50/165 | Batch Energy: 1.3245 | Perplexity: 905.9584
2025-11-20 13:46:07,399 - INFO -   Batch 60/165 | Batch Energy: 1.3239 | Perplexity: 908.1685
2025-11-20 13:46:07,937 - INFO -   Batch 70/165 | Batch Energy: 1.3275 | Perplexity: 902.7040
2025-11-20 13:46:08,477 - INFO -   Batch 80/165 | Batch Energy: 1.3239 | Perplexity: 981.4756
2025-11-20 13:46:09,026 - INFO -   Batch 90/165 | Batch Energy: 1.3235 | Perplexity: 953.3431
2025-11-20 13:46:09,594 - INFO -   Batch 100/165 | Batch Energy: 1.3228 | Perplexity: 907.6793
2025-11-20 13:46:10,168 - INFO -   Batch 110/165 | Batch Energy: 1.3258 | Perplexity: 928.3859
2025-11-20 13:46:10,738 - INFO -   Batch 120/165 | Batch Energy: 1.3250 | Perplexity: 919.4900
2025-11-20 13:46:11,295 - INFO -   Batch 130/165 | Batch Energy: 1.3272 | Perplexity: 910.7250
2025-11-20 13:46:11,855 - INFO -   Batch 140/165 | Batch Energy: 1.3234 | Perplexity: 931.3717
2025-11-20 13:46:12,413 - INFO -   Batch 150/165 | Batch Energy: 1.3204 | Perplexity: 933.5638
2025-11-20 13:46:12,972 - INFO -   Batch 160/165 | Batch Energy: 1.3270 | Perplexity: 913.8357
2025-11-20 13:46:13,528 - INFO - Epoch 8/20 | Train Energy: 1.3255 | Train Perplexity: 922.9336 | Val Energy: 1.3950 | Val Perplexity: 1153.4161
2025-11-20 13:46:13,528 - INFO - Epoch 9/20
2025-11-20 13:46:14,078 - INFO -   Batch 10/165 | Batch Energy: 1.3253 | Perplexity: 927.7862
2025-11-20 13:46:14,622 - INFO -   Batch 20/165 | Batch Energy: 1.3233 | Perplexity: 940.7014
2025-11-20 13:46:15,166 - INFO -   Batch 30/165 | Batch Energy: 1.3246 | Perplexity: 930.0297
2025-11-20 13:46:15,707 - INFO -   Batch 40/165 | Batch Energy: 1.3269 | Perplexity: 937.5189
2025-11-20 13:46:16,256 - INFO -   Batch 50/165 | Batch Energy: 1.3272 | Perplexity: 895.1300
2025-11-20 13:46:16,806 - INFO -   Batch 60/165 | Batch Energy: 1.3276 | Perplexity: 922.8406
2025-11-20 13:46:17,351 - INFO -   Batch 70/165 | Batch Energy: 1.3288 | Perplexity: 980.4825
2025-11-20 13:46:17,892 - INFO -   Batch 80/165 | Batch Energy: 1.3265 | Perplexity: 929.8062
2025-11-20 13:46:18,441 - INFO -   Batch 90/165 | Batch Energy: 1.3254 | Perplexity: 915.8424
2025-11-20 13:46:19,023 - INFO -   Batch 100/165 | Batch Energy: 1.3248 | Perplexity: 942.1829
2025-11-20 13:46:19,591 - INFO -   Batch 110/165 | Batch Energy: 1.3274 | Perplexity: 910.2817
2025-11-20 13:46:20,143 - INFO -   Batch 120/165 | Batch Energy: 1.3241 | Perplexity: 882.4452
2025-11-20 13:46:20,694 - INFO -   Batch 130/165 | Batch Energy: 1.3252 | Perplexity: 913.5752
2025-11-20 13:46:21,250 - INFO -   Batch 140/165 | Batch Energy: 1.3250 | Perplexity: 941.5931
2025-11-20 13:46:21,812 - INFO -   Batch 150/165 | Batch Energy: 1.3233 | Perplexity: 899.0063
2025-11-20 13:46:22,383 - INFO -   Batch 160/165 | Batch Energy: 1.3243 | Perplexity: 904.6115
2025-11-20 13:46:22,946 - INFO - Epoch 9/20 | Train Energy: 1.3258 | Train Perplexity: 924.1673 | Val Energy: 1.3950 | Val Perplexity: 1148.4152
2025-11-20 13:46:22,946 - INFO - Epoch 10/20
2025-11-20 13:46:23,517 - INFO -   Batch 10/165 | Batch Energy: 1.3261 | Perplexity: 918.0570
2025-11-20 13:46:24,072 - INFO -   Batch 20/165 | Batch Energy: 1.3266 | Perplexity: 937.7617
2025-11-20 13:46:24,613 - INFO -   Batch 30/165 | Batch Energy: 1.3241 | Perplexity: 960.3444
2025-11-20 13:46:25,154 - INFO -   Batch 40/165 | Batch Energy: 1.3260 | Perplexity: 954.5467
2025-11-20 13:46:25,690 - INFO -   Batch 50/165 | Batch Energy: 1.3283 | Perplexity: 897.0096
2025-11-20 13:46:26,230 - INFO -   Batch 60/165 | Batch Energy: 1.3255 | Perplexity: 932.4031
2025-11-20 13:46:26,784 - INFO -   Batch 70/165 | Batch Energy: 1.3264 | Perplexity: 942.3491
2025-11-20 13:46:27,334 - INFO -   Batch 80/165 | Batch Energy: 1.3254 | Perplexity: 921.8976
2025-11-20 13:46:27,880 - INFO -   Batch 90/165 | Batch Energy: 1.3252 | Perplexity: 925.9984
2025-11-20 13:46:28,421 - INFO -   Batch 100/165 | Batch Energy: 1.3236 | Perplexity: 919.2940
2025-11-20 13:46:28,966 - INFO -   Batch 110/165 | Batch Energy: 1.3255 | Perplexity: 953.5922
2025-11-20 13:46:29,509 - INFO -   Batch 120/165 | Batch Energy: 1.3267 | Perplexity: 909.6729
2025-11-20 13:46:30,067 - INFO -   Batch 130/165 | Batch Energy: 1.3253 | Perplexity: 941.8810
2025-11-20 13:46:30,624 - INFO -   Batch 140/165 | Batch Energy: 1.3255 | Perplexity: 960.6915
2025-11-20 13:46:31,167 - INFO -   Batch 150/165 | Batch Energy: 1.3267 | Perplexity: 941.6479
2025-11-20 13:46:31,707 - INFO -   Batch 160/165 | Batch Energy: 1.3270 | Perplexity: 930.3837
2025-11-20 13:46:32,244 - INFO - Epoch 10/20 | Train Energy: 1.3258 | Train Perplexity: 923.9841 | Val Energy: 1.3947 | Val Perplexity: 1143.2833
2025-11-20 13:46:32,258 - INFO - Saved checkpoint to checkpoints/model_epoch_10.pt
2025-11-20 13:46:32,258 - INFO - Epoch 11/20
2025-11-20 13:46:32,803 - INFO -   Batch 10/165 | Batch Energy: 1.3241 | Perplexity: 866.4710
2025-11-20 13:46:33,358 - INFO -   Batch 20/165 | Batch Energy: 1.3267 | Perplexity: 935.5022
2025-11-20 13:46:33,904 - INFO -   Batch 30/165 | Batch Energy: 1.3252 | Perplexity: 940.2445
2025-11-20 13:46:34,489 - INFO -   Batch 40/165 | Batch Energy: 1.3278 | Perplexity: 990.1106
2025-11-20 13:46:35,056 - INFO -   Batch 50/165 | Batch Energy: 1.3281 | Perplexity: 939.2801
2025-11-20 13:46:35,609 - INFO -   Batch 60/165 | Batch Energy: 1.3272 | Perplexity: 934.8855
2025-11-20 13:46:36,169 - INFO -   Batch 70/165 | Batch Energy: 1.3248 | Perplexity: 961.3083
2025-11-20 13:46:36,709 - INFO -   Batch 80/165 | Batch Energy: 1.3256 | Perplexity: 907.2483
2025-11-20 13:46:37,249 - INFO -   Batch 90/165 | Batch Energy: 1.3252 | Perplexity: 960.1649
2025-11-20 13:46:37,788 - INFO -   Batch 100/165 | Batch Energy: 1.3250 | Perplexity: 914.7700
2025-11-20 13:46:38,328 - INFO -   Batch 110/165 | Batch Energy: 1.3287 | Perplexity: 928.7476
2025-11-20 13:46:38,868 - INFO -   Batch 120/165 | Batch Energy: 1.3290 | Perplexity: 923.5991
2025-11-20 13:46:39,416 - INFO -   Batch 130/165 | Batch Energy: 1.3255 | Perplexity: 918.1161
2025-11-20 13:46:39,976 - INFO -   Batch 140/165 | Batch Energy: 1.3248 | Perplexity: 980.4119
2025-11-20 13:46:40,530 - INFO -   Batch 150/165 | Batch Energy: 1.3245 | Perplexity: 918.7414
2025-11-20 13:46:41,067 - INFO -   Batch 160/165 | Batch Energy: 1.3251 | Perplexity: 928.1800
2025-11-20 13:46:41,595 - INFO - Epoch 11/20 | Train Energy: 1.3259 | Train Perplexity: 925.7038 | Val Energy: 1.3958 | Val Perplexity: 1152.0812
2025-11-20 13:46:41,596 - INFO - Epoch 12/20
2025-11-20 13:46:42,133 - INFO -   Batch 10/165 | Batch Energy: 1.3263 | Perplexity: 892.0025
2025-11-20 13:46:42,677 - INFO -   Batch 20/165 | Batch Energy: 1.3259 | Perplexity: 896.8860
2025-11-20 13:46:43,220 - INFO -   Batch 30/165 | Batch Energy: 1.3285 | Perplexity: 918.3683
2025-11-20 13:46:43,757 - INFO -   Batch 40/165 | Batch Energy: 1.3254 | Perplexity: 886.6859
2025-11-20 13:46:44,299 - INFO -   Batch 50/165 | Batch Energy: 1.3253 | Perplexity: 943.4511
2025-11-20 13:46:44,851 - INFO -   Batch 60/165 | Batch Energy: 1.3241 | Perplexity: 968.7449
2025-11-20 13:46:45,437 - INFO -   Batch 70/165 | Batch Energy: 1.3254 | Perplexity: 935.4224
2025-11-20 13:46:45,984 - INFO -   Batch 80/165 | Batch Energy: 1.3294 | Perplexity: 914.0466
2025-11-20 13:46:46,525 - INFO -   Batch 90/165 | Batch Energy: 1.3244 | Perplexity: 948.3991
2025-11-20 13:46:47,059 - INFO -   Batch 100/165 | Batch Energy: 1.3261 | Perplexity: 918.5237
2025-11-20 13:46:47,596 - INFO -   Batch 110/165 | Batch Energy: 1.3278 | Perplexity: 910.7510
2025-11-20 13:46:48,130 - INFO -   Batch 120/165 | Batch Energy: 1.3254 | Perplexity: 902.3235
2025-11-20 13:46:48,663 - INFO -   Batch 130/165 | Batch Energy: 1.3259 | Perplexity: 998.0403
2025-11-20 13:46:49,202 - INFO -   Batch 140/165 | Batch Energy: 1.3259 | Perplexity: 895.2102
2025-11-20 13:46:49,747 - INFO -   Batch 150/165 | Batch Energy: 1.3242 | Perplexity: 857.9401
2025-11-20 13:46:50,309 - INFO -   Batch 160/165 | Batch Energy: 1.3240 | Perplexity: 934.9024
2025-11-20 13:46:50,862 - INFO - Epoch 12/20 | Train Energy: 1.3262 | Train Perplexity: 921.6360 | Val Energy: 1.3955 | Val Perplexity: 1125.3105
2025-11-20 13:46:50,863 - INFO - Epoch 13/20
2025-11-20 13:46:51,399 - INFO -   Batch 10/165 | Batch Energy: 1.3260 | Perplexity: 934.2255
2025-11-20 13:46:51,941 - INFO -   Batch 20/165 | Batch Energy: 1.3276 | Perplexity: 923.6030
2025-11-20 13:46:52,483 - INFO -   Batch 30/165 | Batch Energy: 1.3259 | Perplexity: 992.6605
2025-11-20 13:46:53,028 - INFO -   Batch 40/165 | Batch Energy: 1.3252 | Perplexity: 888.7779
2025-11-20 13:46:53,570 - INFO -   Batch 50/165 | Batch Energy: 1.3259 | Perplexity: 877.6559
2025-11-20 13:46:54,109 - INFO -   Batch 60/165 | Batch Energy: 1.3263 | Perplexity: 913.2681
2025-11-20 13:46:54,649 - INFO -   Batch 70/165 | Batch Energy: 1.3278 | Perplexity: 944.4535
2025-11-20 13:46:55,186 - INFO -   Batch 80/165 | Batch Energy: 1.3256 | Perplexity: 931.4757
2025-11-20 13:46:55,764 - INFO -   Batch 90/165 | Batch Energy: 1.3265 | Perplexity: 893.8244
2025-11-20 13:46:56,331 - INFO -   Batch 100/165 | Batch Energy: 1.3262 | Perplexity: 955.0739
2025-11-20 13:46:56,892 - INFO -   Batch 110/165 | Batch Energy: 1.3269 | Perplexity: 897.7627
2025-11-20 13:46:57,446 - INFO -   Batch 120/165 | Batch Energy: 1.3269 | Perplexity: 920.5323
2025-11-20 13:46:57,995 - INFO -   Batch 130/165 | Batch Energy: 1.3258 | Perplexity: 927.0685
2025-11-20 13:46:58,541 - INFO -   Batch 140/165 | Batch Energy: 1.3276 | Perplexity: 938.3866
2025-11-20 13:46:59,095 - INFO -   Batch 150/165 | Batch Energy: 1.3286 | Perplexity: 922.1645
2025-11-20 13:46:59,650 - INFO -   Batch 160/165 | Batch Energy: 1.3273 | Perplexity: 893.1926
2025-11-20 13:47:00,196 - INFO - Epoch 13/20 | Train Energy: 1.3263 | Train Perplexity: 923.1112 | Val Energy: 1.3948 | Val Perplexity: 1155.7617
2025-11-20 13:47:00,196 - INFO - Epoch 14/20
2025-11-20 13:47:00,758 - INFO -   Batch 10/165 | Batch Energy: 1.3259 | Perplexity: 926.9222
2025-11-20 13:47:01,316 - INFO -   Batch 20/165 | Batch Energy: 1.3284 | Perplexity: 935.9685
2025-11-20 13:47:01,861 - INFO -   Batch 30/165 | Batch Energy: 1.3254 | Perplexity: 947.9809
2025-11-20 13:47:02,416 - INFO -   Batch 40/165 | Batch Energy: 1.3262 | Perplexity: 957.6194
2025-11-20 13:47:02,962 - INFO -   Batch 50/165 | Batch Energy: 1.3285 | Perplexity: 907.5439
2025-11-20 13:47:03,501 - INFO -   Batch 60/165 | Batch Energy: 1.3272 | Perplexity: 916.7984
2025-11-20 13:47:04,040 - INFO -   Batch 70/165 | Batch Energy: 1.3241 | Perplexity: 954.6983
2025-11-20 13:47:04,587 - INFO -   Batch 80/165 | Batch Energy: 1.3258 | Perplexity: 903.2654
2025-11-20 13:47:05,153 - INFO -   Batch 90/165 | Batch Energy: 1.3249 | Perplexity: 913.8292
2025-11-20 13:47:05,733 - INFO -   Batch 100/165 | Batch Energy: 1.3255 | Perplexity: 891.6916
2025-11-20 13:47:06,308 - INFO -   Batch 110/165 | Batch Energy: 1.3280 | Perplexity: 920.3322
2025-11-20 13:47:06,862 - INFO -   Batch 120/165 | Batch Energy: 1.3267 | Perplexity: 930.0745
2025-11-20 13:47:07,400 - INFO -   Batch 130/165 | Batch Energy: 1.3275 | Perplexity: 877.6295
2025-11-20 13:47:07,943 - INFO -   Batch 140/165 | Batch Energy: 1.3281 | Perplexity: 931.3473
2025-11-20 13:47:08,482 - INFO -   Batch 150/165 | Batch Energy: 1.3244 | Perplexity: 949.0135
2025-11-20 13:47:09,035 - INFO -   Batch 160/165 | Batch Energy: 1.3268 | Perplexity: 918.4589
2025-11-20 13:47:09,567 - INFO - Epoch 14/20 | Train Energy: 1.3263 | Train Perplexity: 926.6754 | Val Energy: 1.3953 | Val Perplexity: 1130.7713
2025-11-20 13:47:09,568 - INFO - Epoch 15/20
2025-11-20 13:47:10,113 - INFO -   Batch 10/165 | Batch Energy: 1.3275 | Perplexity: 919.7540
2025-11-20 13:47:10,665 - INFO -   Batch 20/165 | Batch Energy: 1.3288 | Perplexity: 900.5891
2025-11-20 13:47:11,202 - INFO -   Batch 30/165 | Batch Energy: 1.3278 | Perplexity: 925.7909
2025-11-20 13:47:11,736 - INFO -   Batch 40/165 | Batch Energy: 1.3249 | Perplexity: 924.1819
2025-11-20 13:47:12,287 - INFO -   Batch 50/165 | Batch Energy: 1.3263 | Perplexity: 911.0325
2025-11-20 13:47:12,827 - INFO -   Batch 60/165 | Batch Energy: 1.3272 | Perplexity: 935.0001
2025-11-20 13:47:13,363 - INFO -   Batch 70/165 | Batch Energy: 1.3267 | Perplexity: 903.2038
2025-11-20 13:47:13,901 - INFO -   Batch 80/165 | Batch Energy: 1.3258 | Perplexity: 919.7934
2025-11-20 13:47:14,436 - INFO -   Batch 90/165 | Batch Energy: 1.3260 | Perplexity: 937.6423
2025-11-20 13:47:14,969 - INFO -   Batch 100/165 | Batch Energy: 1.3252 | Perplexity: 930.0643
2025-11-20 13:47:15,518 - INFO -   Batch 110/165 | Batch Energy: 1.3257 | Perplexity: 888.1212
2025-11-20 13:47:16,058 - INFO -   Batch 120/165 | Batch Energy: 1.3258 | Perplexity: 932.7339
2025-11-20 13:47:16,596 - INFO -   Batch 130/165 | Batch Energy: 1.3270 | Perplexity: 922.8467
2025-11-20 13:47:17,135 - INFO -   Batch 140/165 | Batch Energy: 1.3251 | Perplexity: 915.9144
2025-11-20 13:47:17,673 - INFO -   Batch 150/165 | Batch Energy: 1.3268 | Perplexity: 949.5942
2025-11-20 13:47:18,218 - INFO -   Batch 160/165 | Batch Energy: 1.3255 | Perplexity: 925.7574
2025-11-20 13:47:18,762 - INFO - Epoch 15/20 | Train Energy: 1.3265 | Train Perplexity: 923.7911 | Val Energy: 1.3967 | Val Perplexity: 1152.7171
2025-11-20 13:47:18,776 - INFO - Saved checkpoint to checkpoints/model_epoch_15.pt
2025-11-20 13:47:18,777 - INFO - Epoch 16/20
2025-11-20 13:47:19,340 - INFO -   Batch 10/165 | Batch Energy: 1.3268 | Perplexity: 934.0830
2025-11-20 13:47:19,895 - INFO -   Batch 20/165 | Batch Energy: 1.3290 | Perplexity: 920.0803
2025-11-20 13:47:20,439 - INFO -   Batch 30/165 | Batch Energy: 1.3285 | Perplexity: 944.5337
2025-11-20 13:47:20,996 - INFO -   Batch 40/165 | Batch Energy: 1.3258 | Perplexity: 927.1220
2025-11-20 13:47:21,543 - INFO -   Batch 50/165 | Batch Energy: 1.3297 | Perplexity: 914.1643
2025-11-20 13:47:22,095 - INFO -   Batch 60/165 | Batch Energy: 1.3263 | Perplexity: 945.0819
2025-11-20 13:47:22,636 - INFO -   Batch 70/165 | Batch Energy: 1.3260 | Perplexity: 937.0988
2025-11-20 13:47:23,182 - INFO -   Batch 80/165 | Batch Energy: 1.3268 | Perplexity: 922.6619
2025-11-20 13:47:23,735 - INFO -   Batch 90/165 | Batch Energy: 1.3253 | Perplexity: 932.7579
2025-11-20 13:47:24,276 - INFO -   Batch 100/165 | Batch Energy: 1.3266 | Perplexity: 926.0179
2025-11-20 13:47:24,820 - INFO -   Batch 110/165 | Batch Energy: 1.3280 | Perplexity: 920.5547
2025-11-20 13:47:25,370 - INFO -   Batch 120/165 | Batch Energy: 1.3277 | Perplexity: 938.4318
2025-11-20 13:47:25,916 - INFO -   Batch 130/165 | Batch Energy: 1.3280 | Perplexity: 931.8253
2025-11-20 13:47:26,462 - INFO -   Batch 140/165 | Batch Energy: 1.3253 | Perplexity: 920.4503
2025-11-20 13:47:27,051 - INFO -   Batch 150/165 | Batch Energy: 1.3276 | Perplexity: 916.7555
2025-11-20 13:47:27,604 - INFO -   Batch 160/165 | Batch Energy: 1.3267 | Perplexity: 876.8051
2025-11-20 13:47:28,141 - INFO - Epoch 16/20 | Train Energy: 1.3267 | Train Perplexity: 924.8519 | Val Energy: 1.3964 | Val Perplexity: 1136.6548
2025-11-20 13:47:28,141 - INFO - Epoch 17/20
2025-11-20 13:47:28,688 - INFO -   Batch 10/165 | Batch Energy: 1.3255 | Perplexity: 911.1463
2025-11-20 13:47:29,235 - INFO -   Batch 20/165 | Batch Energy: 1.3262 | Perplexity: 922.8230
2025-11-20 13:47:29,777 - INFO -   Batch 30/165 | Batch Energy: 1.3274 | Perplexity: 898.1622
2025-11-20 13:47:30,325 - INFO -   Batch 40/165 | Batch Energy: 1.3269 | Perplexity: 909.3949
2025-11-20 13:47:30,866 - INFO -   Batch 50/165 | Batch Energy: 1.3255 | Perplexity: 948.6081
2025-11-20 13:47:31,413 - INFO -   Batch 60/165 | Batch Energy: 1.3270 | Perplexity: 990.5285
2025-11-20 13:47:31,961 - INFO -   Batch 70/165 | Batch Energy: 1.3258 | Perplexity: 951.1540
2025-11-20 13:47:32,562 - INFO -   Batch 80/165 | Batch Energy: 1.3280 | Perplexity: 919.6180
2025-11-20 13:47:33,110 - INFO -   Batch 90/165 | Batch Energy: 1.3274 | Perplexity: 947.3456
2025-11-20 13:47:33,650 - INFO -   Batch 100/165 | Batch Energy: 1.3250 | Perplexity: 887.2912
2025-11-20 13:47:34,187 - INFO -   Batch 110/165 | Batch Energy: 1.3260 | Perplexity: 930.1184
2025-11-20 13:47:34,731 - INFO -   Batch 120/165 | Batch Energy: 1.3273 | Perplexity: 916.6886
2025-11-20 13:47:35,282 - INFO -   Batch 130/165 | Batch Energy: 1.3260 | Perplexity: 909.3489
2025-11-20 13:47:35,819 - INFO -   Batch 140/165 | Batch Energy: 1.3287 | Perplexity: 912.8375
2025-11-20 13:47:36,374 - INFO -   Batch 150/165 | Batch Energy: 1.3253 | Perplexity: 899.7735
2025-11-20 13:47:36,922 - INFO -   Batch 160/165 | Batch Energy: 1.3299 | Perplexity: 929.4693
2025-11-20 13:47:37,454 - INFO - Epoch 17/20 | Train Energy: 1.3266 | Train Perplexity: 923.8199 | Val Energy: 1.3959 | Val Perplexity: 1136.2016
2025-11-20 13:47:37,455 - INFO - Epoch 18/20
2025-11-20 13:47:38,036 - INFO -   Batch 10/165 | Batch Energy: 1.3281 | Perplexity: 886.0359
2025-11-20 13:47:38,578 - INFO -   Batch 20/165 | Batch Energy: 1.3267 | Perplexity: 910.7167
2025-11-20 13:47:39,116 - INFO -   Batch 30/165 | Batch Energy: 1.3232 | Perplexity: 905.1211
2025-11-20 13:47:39,653 - INFO -   Batch 40/165 | Batch Energy: 1.3272 | Perplexity: 912.9433
2025-11-20 13:47:40,203 - INFO -   Batch 50/165 | Batch Energy: 1.3292 | Perplexity: 962.7363
2025-11-20 13:47:40,743 - INFO -   Batch 60/165 | Batch Energy: 1.3259 | Perplexity: 910.1354
2025-11-20 13:47:41,284 - INFO -   Batch 70/165 | Batch Energy: 1.3262 | Perplexity: 906.6853
2025-11-20 13:47:41,828 - INFO -   Batch 80/165 | Batch Energy: 1.3257 | Perplexity: 876.6132
2025-11-20 13:47:42,363 - INFO -   Batch 90/165 | Batch Energy: 1.3279 | Perplexity: 956.9868
2025-11-20 13:47:42,901 - INFO -   Batch 100/165 | Batch Energy: 1.3280 | Perplexity: 948.6271
2025-11-20 13:47:43,442 - INFO -   Batch 110/165 | Batch Energy: 1.3242 | Perplexity: 891.8281
2025-11-20 13:47:43,977 - INFO -   Batch 120/165 | Batch Energy: 1.3269 | Perplexity: 908.9341
2025-11-20 13:47:44,512 - INFO -   Batch 130/165 | Batch Energy: 1.3283 | Perplexity: 902.4057
2025-11-20 13:47:45,051 - INFO -   Batch 140/165 | Batch Energy: 1.3268 | Perplexity: 922.6769
2025-11-20 13:47:45,583 - INFO -   Batch 150/165 | Batch Energy: 1.3274 | Perplexity: 904.5473
2025-11-20 13:47:46,118 - INFO -   Batch 160/165 | Batch Energy: 1.3277 | Perplexity: 962.3233
2025-11-20 13:47:46,661 - INFO - Epoch 18/20 | Train Energy: 1.3269 | Train Perplexity: 924.9602 | Val Energy: 1.3955 | Val Perplexity: 1143.8633
2025-11-20 13:47:46,661 - INFO - Epoch 19/20
2025-11-20 13:47:47,202 - INFO -   Batch 10/165 | Batch Energy: 1.3255 | Perplexity: 944.1077
2025-11-20 13:47:47,744 - INFO -   Batch 20/165 | Batch Energy: 1.3277 | Perplexity: 932.4707
2025-11-20 13:47:48,288 - INFO -   Batch 30/165 | Batch Energy: 1.3241 | Perplexity: 912.3575
2025-11-20 13:47:48,826 - INFO -   Batch 40/165 | Batch Energy: 1.3272 | Perplexity: 932.5538
2025-11-20 13:47:49,362 - INFO -   Batch 50/165 | Batch Energy: 1.3287 | Perplexity: 950.4318
2025-11-20 13:47:49,897 - INFO -   Batch 60/165 | Batch Energy: 1.3234 | Perplexity: 933.8826
2025-11-20 13:47:50,443 - INFO -   Batch 70/165 | Batch Energy: 1.3294 | Perplexity: 911.6239
2025-11-20 13:47:50,991 - INFO -   Batch 80/165 | Batch Energy: 1.3273 | Perplexity: 923.9387
2025-11-20 13:47:51,530 - INFO -   Batch 90/165 | Batch Energy: 1.3289 | Perplexity: 916.8692
2025-11-20 13:47:52,064 - INFO -   Batch 100/165 | Batch Energy: 1.3281 | Perplexity: 942.0598
2025-11-20 13:47:52,604 - INFO -   Batch 110/165 | Batch Energy: 1.3279 | Perplexity: 959.5282
2025-11-20 13:47:53,137 - INFO -   Batch 120/165 | Batch Energy: 1.3249 | Perplexity: 915.3420
2025-11-20 13:47:53,687 - INFO -   Batch 130/165 | Batch Energy: 1.3258 | Perplexity: 963.0444
2025-11-20 13:47:54,229 - INFO -   Batch 140/165 | Batch Energy: 1.3256 | Perplexity: 927.3161
2025-11-20 13:47:54,768 - INFO -   Batch 150/165 | Batch Energy: 1.3271 | Perplexity: 862.8341
2025-11-20 13:47:55,306 - INFO -   Batch 160/165 | Batch Energy: 1.3287 | Perplexity: 895.7500
2025-11-20 13:47:55,840 - INFO - Epoch 19/20 | Train Energy: 1.3271 | Train Perplexity: 924.8251 | Val Energy: 1.3957 | Val Perplexity: 1130.7742
2025-11-20 13:47:55,840 - INFO - Epoch 20/20
2025-11-20 13:47:56,375 - INFO -   Batch 10/165 | Batch Energy: 1.3268 | Perplexity: 935.9341
2025-11-20 13:47:56,914 - INFO -   Batch 20/165 | Batch Energy: 1.3287 | Perplexity: 877.6362
2025-11-20 13:47:57,453 - INFO -   Batch 30/165 | Batch Energy: 1.3266 | Perplexity: 936.7499
2025-11-20 13:47:58,004 - INFO -   Batch 40/165 | Batch Energy: 1.3266 | Perplexity: 939.5256
2025-11-20 13:47:58,599 - INFO -   Batch 50/165 | Batch Energy: 1.3260 | Perplexity: 896.8381
2025-11-20 13:47:59,147 - INFO -   Batch 60/165 | Batch Energy: 1.3254 | Perplexity: 893.1253
2025-11-20 13:47:59,690 - INFO -   Batch 70/165 | Batch Energy: 1.3277 | Perplexity: 916.7835
2025-11-20 13:48:00,234 - INFO -   Batch 80/165 | Batch Energy: 1.3278 | Perplexity: 951.5215
2025-11-20 13:48:00,778 - INFO -   Batch 90/165 | Batch Energy: 1.3263 | Perplexity: 880.4782
2025-11-20 13:48:01,315 - INFO -   Batch 100/165 | Batch Energy: 1.3276 | Perplexity: 965.0671
2025-11-20 13:48:01,855 - INFO -   Batch 110/165 | Batch Energy: 1.3290 | Perplexity: 912.6947
2025-11-20 13:48:02,392 - INFO -   Batch 120/165 | Batch Energy: 1.3270 | Perplexity: 906.8323
2025-11-20 13:48:02,928 - INFO -   Batch 130/165 | Batch Energy: 1.3262 | Perplexity: 913.9059
2025-11-20 13:48:03,474 - INFO -   Batch 140/165 | Batch Energy: 1.3269 | Perplexity: 943.8948
2025-11-20 13:48:04,060 - INFO -   Batch 150/165 | Batch Energy: 1.3272 | Perplexity: 949.7876
2025-11-20 13:48:04,601 - INFO -   Batch 160/165 | Batch Energy: 1.3259 | Perplexity: 964.6760
2025-11-20 13:48:05,127 - INFO - Epoch 20/20 | Train Energy: 1.3273 | Train Perplexity: 923.0869 | Val Energy: 1.3960 | Val Perplexity: 1136.6247
2025-11-20 13:48:05,140 - INFO - Saved checkpoint to checkpoints/model_epoch_20.pt
2025-11-20 13:48:05,363 - INFO - Training completed in 186.60 seconds
2025-11-20 13:48:05,363 - INFO - Final model saved to: checkpoints/final_model.pt
2025-11-20 13:48:05,363 - INFO - ========== Training completed ==========
2025-11-20 13:49:25,354 - INFO - 
########################################################################################################################
2025-11-20 13:49:25,354 - INFO - Using device: cuda:0 (local rank 0)
2025-11-20 13:49:25,354 - INFO - Saving the hyperparameters configurations:
2025-11-20 13:49:25,354 - INFO - {
      "vocab_size": 1024,
      "block_size": 448,
      "lr": 0.00048332759589273905,
      "peak_learning_rate": 0.00483327595892739,
      "warmup_steps": 82,
      "n_embed": 64,
      "dropout": 0.010135021708591482,
      "T": 2,
      "update_bias": false,
      "num_heads": 4,
      "n_blocks": 4,
      "batch_size": 4,
      "num_epochs": 20,
      "internal_energy_fn_name": "pc_e",
      "output_energy_fn_name": "pc_e",
      "combined_internal_weight": 0.502141388705608,
      "combined_output_weight": 0.497858611294392,
      "use_flash_attention": false,
      "alpha": 0.5
}
2025-11-20 13:49:26,601 - INFO - ========== Training started ==========
2025-11-20 13:49:26,602 - INFO - 0.68 M parameters
2025-11-20 13:49:26,602 - INFO - Epoch 1/20
2025-11-20 13:49:27,487 - INFO -   Batch 10/165 | Batch Energy: 1.4439 | Perplexity: 1122.1483
2025-11-20 13:49:28,064 - INFO -   Batch 20/165 | Batch Energy: 1.4215 | Perplexity: 1083.1838
2025-11-20 13:49:28,608 - INFO -   Batch 30/165 | Batch Energy: 1.3982 | Perplexity: 1075.0368
2025-11-20 13:49:29,143 - INFO -   Batch 40/165 | Batch Energy: 1.3703 | Perplexity: 1017.3426
2025-11-20 13:49:29,676 - INFO -   Batch 50/165 | Batch Energy: 1.3621 | Perplexity: 976.7862
2025-11-20 13:49:30,233 - INFO -   Batch 60/165 | Batch Energy: 1.3548 | Perplexity: 969.1908
2025-11-20 13:49:30,776 - INFO -   Batch 70/165 | Batch Energy: 1.3452 | Perplexity: 933.3043
2025-11-20 13:49:31,314 - INFO -   Batch 80/165 | Batch Energy: 1.3381 | Perplexity: 957.5642
2025-11-20 13:49:31,866 - INFO -   Batch 90/165 | Batch Energy: 1.3414 | Perplexity: 931.5485
2025-11-20 13:49:32,406 - INFO -   Batch 100/165 | Batch Energy: 1.3351 | Perplexity: 910.8969
2025-11-20 13:49:32,981 - INFO -   Batch 110/165 | Batch Energy: 1.3369 | Perplexity: 943.7301
2025-11-20 13:49:33,517 - INFO -   Batch 120/165 | Batch Energy: 1.3343 | Perplexity: 906.7804
2025-11-20 13:49:34,057 - INFO -   Batch 130/165 | Batch Energy: 1.3299 | Perplexity: 919.6707
2025-11-20 13:49:34,592 - INFO -   Batch 140/165 | Batch Energy: 1.3324 | Perplexity: 928.3035
2025-11-20 13:49:35,143 - INFO -   Batch 150/165 | Batch Energy: 1.3322 | Perplexity: 924.5790
2025-11-20 13:49:35,746 - INFO -   Batch 160/165 | Batch Energy: 1.3307 | Perplexity: 921.4550
2025-11-20 13:49:36,322 - INFO - Epoch 1/20 | Train Energy: 1.3600 | Train Perplexity: 978.3351 | Val Energy: 1.3437 | Val Perplexity: 1161.4159
2025-11-20 13:49:36,323 - INFO - Epoch 2/20
2025-11-20 13:49:36,860 - INFO -   Batch 10/165 | Batch Energy: 1.3300 | Perplexity: 908.8951
2025-11-20 13:49:37,397 - INFO -   Batch 20/165 | Batch Energy: 1.3263 | Perplexity: 906.3784
2025-11-20 13:49:37,955 - INFO -   Batch 30/165 | Batch Energy: 1.3298 | Perplexity: 923.7453
2025-11-20 13:49:38,531 - INFO -   Batch 40/165 | Batch Energy: 1.3279 | Perplexity: 946.3866
2025-11-20 13:49:39,083 - INFO -   Batch 50/165 | Batch Energy: 1.3273 | Perplexity: 946.7589
2025-11-20 13:49:39,639 - INFO -   Batch 60/165 | Batch Energy: 1.3259 | Perplexity: 926.0629
2025-11-20 13:49:40,179 - INFO -   Batch 70/165 | Batch Energy: 1.3285 | Perplexity: 908.3409
2025-11-20 13:49:40,721 - INFO -   Batch 80/165 | Batch Energy: 1.3268 | Perplexity: 890.9156
2025-11-20 13:49:41,261 - INFO -   Batch 90/165 | Batch Energy: 1.3270 | Perplexity: 936.4734
2025-11-20 13:49:41,812 - INFO -   Batch 100/165 | Batch Energy: 1.3283 | Perplexity: 920.8691
2025-11-20 13:49:42,347 - INFO -   Batch 110/165 | Batch Energy: 1.3257 | Perplexity: 899.9271
2025-11-20 13:49:42,881 - INFO -   Batch 120/165 | Batch Energy: 1.3277 | Perplexity: 894.9486
2025-11-20 13:49:43,415 - INFO -   Batch 130/165 | Batch Energy: 1.3258 | Perplexity: 913.6976
2025-11-20 13:49:43,949 - INFO -   Batch 140/165 | Batch Energy: 1.3282 | Perplexity: 920.2422
2025-11-20 13:49:44,485 - INFO -   Batch 150/165 | Batch Energy: 1.3246 | Perplexity: 906.1039
2025-11-20 13:49:45,027 - INFO -   Batch 160/165 | Batch Energy: 1.3265 | Perplexity: 943.0355
2025-11-20 13:49:45,553 - INFO - Epoch 2/20 | Train Energy: 1.3276 | Train Perplexity: 918.1608 | Val Energy: 1.3398 | Val Perplexity: 1122.5517
2025-11-20 13:49:45,553 - INFO - Epoch 3/20
2025-11-20 13:49:46,089 - INFO -   Batch 10/165 | Batch Energy: 1.3281 | Perplexity: 872.9629
2025-11-20 13:49:46,624 - INFO -   Batch 20/165 | Batch Energy: 1.3244 | Perplexity: 949.4607
2025-11-20 13:49:47,159 - INFO -   Batch 30/165 | Batch Energy: 1.3300 | Perplexity: 898.6193
2025-11-20 13:49:47,697 - INFO -   Batch 40/165 | Batch Energy: 1.3240 | Perplexity: 905.2143
2025-11-20 13:49:48,265 - INFO -   Batch 50/165 | Batch Energy: 1.3269 | Perplexity: 915.9756
2025-11-20 13:49:48,824 - INFO -   Batch 60/165 | Batch Energy: 1.3257 | Perplexity: 911.5626
2025-11-20 13:49:49,377 - INFO -   Batch 70/165 | Batch Energy: 1.3285 | Perplexity: 915.6790
2025-11-20 13:49:49,922 - INFO -   Batch 80/165 | Batch Energy: 1.3247 | Perplexity: 910.0074
2025-11-20 13:49:50,491 - INFO -   Batch 90/165 | Batch Energy: 1.3256 | Perplexity: 933.8336
2025-11-20 13:49:51,078 - INFO -   Batch 100/165 | Batch Energy: 1.3250 | Perplexity: 940.2041
2025-11-20 13:49:51,657 - INFO -   Batch 110/165 | Batch Energy: 1.3238 | Perplexity: 916.5606
2025-11-20 13:49:52,218 - INFO -   Batch 120/165 | Batch Energy: 1.3261 | Perplexity: 960.2386
2025-11-20 13:49:52,805 - INFO -   Batch 130/165 | Batch Energy: 1.3255 | Perplexity: 932.7357
2025-11-20 13:49:53,377 - INFO -   Batch 140/165 | Batch Energy: 1.3252 | Perplexity: 878.2947
2025-11-20 13:49:53,934 - INFO -   Batch 150/165 | Batch Energy: 1.3262 | Perplexity: 934.4496
2025-11-20 13:49:54,476 - INFO -   Batch 160/165 | Batch Energy: 1.3269 | Perplexity: 940.1942
2025-11-20 13:49:55,011 - INFO - Epoch 3/20 | Train Energy: 1.3256 | Train Perplexity: 920.4059 | Val Energy: 1.3383 | Val Perplexity: 1128.0417
2025-11-20 13:49:55,011 - INFO - Epoch 4/20
2025-11-20 13:49:55,547 - INFO -   Batch 10/165 | Batch Energy: 1.3249 | Perplexity: 927.8145
2025-11-20 13:49:56,090 - INFO -   Batch 20/165 | Batch Energy: 1.3264 | Perplexity: 902.1798
2025-11-20 13:49:56,631 - INFO -   Batch 30/165 | Batch Energy: 1.3270 | Perplexity: 877.7120
2025-11-20 13:49:57,171 - INFO -   Batch 40/165 | Batch Energy: 1.3236 | Perplexity: 904.6948
2025-11-20 13:49:57,721 - INFO -   Batch 50/165 | Batch Energy: 1.3245 | Perplexity: 912.2649
2025-11-20 13:49:58,278 - INFO -   Batch 60/165 | Batch Energy: 1.3264 | Perplexity: 921.6462
2025-11-20 13:49:58,826 - INFO -   Batch 70/165 | Batch Energy: 1.3261 | Perplexity: 975.7132
2025-11-20 13:49:59,371 - INFO -   Batch 80/165 | Batch Energy: 1.3296 | Perplexity: 904.7686
2025-11-20 13:49:59,916 - INFO -   Batch 90/165 | Batch Energy: 1.3250 | Perplexity: 954.8057
2025-11-20 13:50:00,493 - INFO -   Batch 100/165 | Batch Energy: 1.3280 | Perplexity: 890.6251
2025-11-20 13:50:01,050 - INFO -   Batch 110/165 | Batch Energy: 1.3259 | Perplexity: 903.4248
2025-11-20 13:50:01,588 - INFO -   Batch 120/165 | Batch Energy: 1.3265 | Perplexity: 926.6619
2025-11-20 13:50:02,139 - INFO -   Batch 130/165 | Batch Energy: 1.3258 | Perplexity: 924.1660
2025-11-20 13:50:02,683 - INFO -   Batch 140/165 | Batch Energy: 1.3252 | Perplexity: 914.2890
2025-11-20 13:50:03,228 - INFO -   Batch 150/165 | Batch Energy: 1.3223 | Perplexity: 929.7220
2025-11-20 13:50:03,774 - INFO -   Batch 160/165 | Batch Energy: 1.3275 | Perplexity: 889.6085
2025-11-20 13:50:04,327 - INFO - Epoch 4/20 | Train Energy: 1.3256 | Train Perplexity: 917.3270 | Val Energy: 1.3395 | Val Perplexity: 1123.5106
2025-11-20 13:50:04,327 - INFO - Epoch 5/20
2025-11-20 13:50:04,873 - INFO -   Batch 10/165 | Batch Energy: 1.3241 | Perplexity: 884.7216
2025-11-20 13:50:05,425 - INFO -   Batch 20/165 | Batch Energy: 1.3259 | Perplexity: 934.2897
2025-11-20 13:50:05,973 - INFO -   Batch 30/165 | Batch Energy: 1.3257 | Perplexity: 880.4500
2025-11-20 13:50:06,521 - INFO -   Batch 40/165 | Batch Energy: 1.3277 | Perplexity: 923.4357
2025-11-20 13:50:07,069 - INFO -   Batch 50/165 | Batch Energy: 1.3253 | Perplexity: 921.3333
2025-11-20 13:50:07,619 - INFO -   Batch 60/165 | Batch Energy: 1.3241 | Perplexity: 897.8102
2025-11-20 13:50:08,153 - INFO -   Batch 70/165 | Batch Energy: 1.3249 | Perplexity: 889.1861
2025-11-20 13:50:08,684 - INFO -   Batch 80/165 | Batch Energy: 1.3257 | Perplexity: 945.9029
2025-11-20 13:50:09,245 - INFO -   Batch 90/165 | Batch Energy: 1.3252 | Perplexity: 941.1115
2025-11-20 13:50:09,793 - INFO -   Batch 100/165 | Batch Energy: 1.3239 | Perplexity: 928.5293
2025-11-20 13:50:10,344 - INFO -   Batch 110/165 | Batch Energy: 1.3265 | Perplexity: 894.7724
2025-11-20 13:50:10,902 - INFO -   Batch 120/165 | Batch Energy: 1.3234 | Perplexity: 917.6880
2025-11-20 13:50:11,439 - INFO -   Batch 130/165 | Batch Energy: 1.3260 | Perplexity: 907.5439
2025-11-20 13:50:11,973 - INFO -   Batch 140/165 | Batch Energy: 1.3258 | Perplexity: 904.5878
2025-11-20 13:50:12,507 - INFO -   Batch 150/165 | Batch Energy: 1.3246 | Perplexity: 912.4994
2025-11-20 13:50:13,050 - INFO -   Batch 160/165 | Batch Energy: 1.3251 | Perplexity: 916.8639
2025-11-20 13:50:13,587 - INFO - Epoch 5/20 | Train Energy: 1.3256 | Train Perplexity: 917.2254 | Val Energy: 1.3394 | Val Perplexity: 1126.3865
2025-11-20 13:50:13,602 - INFO - Saved checkpoint to checkpoints/model_epoch_5.pt
2025-11-20 13:50:13,602 - INFO - Epoch 6/20
2025-11-20 13:50:14,160 - INFO -   Batch 10/165 | Batch Energy: 1.3259 | Perplexity: 885.4623
2025-11-20 13:50:14,707 - INFO -   Batch 20/165 | Batch Energy: 1.3236 | Perplexity: 918.0942
2025-11-20 13:50:15,254 - INFO -   Batch 30/165 | Batch Energy: 1.3260 | Perplexity: 897.6685
2025-11-20 13:50:15,799 - INFO -   Batch 40/165 | Batch Energy: 1.3272 | Perplexity: 915.1548
2025-11-20 13:50:16,344 - INFO -   Batch 50/165 | Batch Energy: 1.3270 | Perplexity: 933.4044
2025-11-20 13:50:16,887 - INFO -   Batch 60/165 | Batch Energy: 1.3241 | Perplexity: 931.4121
2025-11-20 13:50:17,436 - INFO -   Batch 70/165 | Batch Energy: 1.3246 | Perplexity: 942.1298
2025-11-20 13:50:17,977 - INFO -   Batch 80/165 | Batch Energy: 1.3247 | Perplexity: 909.0138
2025-11-20 13:50:18,512 - INFO -   Batch 90/165 | Batch Energy: 1.3299 | Perplexity: 901.6074
2025-11-20 13:50:19,055 - INFO -   Batch 100/165 | Batch Energy: 1.3230 | Perplexity: 943.3301
2025-11-20 13:50:19,618 - INFO -   Batch 110/165 | Batch Energy: 1.3255 | Perplexity: 894.9110
2025-11-20 13:50:20,163 - INFO -   Batch 120/165 | Batch Energy: 1.3241 | Perplexity: 963.1367
2025-11-20 13:50:20,762 - INFO -   Batch 130/165 | Batch Energy: 1.3264 | Perplexity: 927.5283
2025-11-20 13:50:21,339 - INFO -   Batch 140/165 | Batch Energy: 1.3261 | Perplexity: 931.4055
2025-11-20 13:50:21,918 - INFO -   Batch 150/165 | Batch Energy: 1.3268 | Perplexity: 906.7497
2025-11-20 13:50:22,495 - INFO -   Batch 160/165 | Batch Energy: 1.3263 | Perplexity: 917.7217
2025-11-20 13:50:23,059 - INFO - Epoch 6/20 | Train Energy: 1.3257 | Train Perplexity: 916.4984 | Val Energy: 1.3392 | Val Perplexity: 1113.7468
2025-11-20 13:50:23,059 - INFO - Epoch 7/20
2025-11-20 13:50:23,633 - INFO -   Batch 10/165 | Batch Energy: 1.3266 | Perplexity: 936.5766
2025-11-20 13:50:24,204 - INFO -   Batch 20/165 | Batch Energy: 1.3274 | Perplexity: 877.3442
2025-11-20 13:50:24,777 - INFO -   Batch 30/165 | Batch Energy: 1.3248 | Perplexity: 896.5324
2025-11-20 13:50:25,327 - INFO -   Batch 40/165 | Batch Energy: 1.3271 | Perplexity: 915.9821
2025-11-20 13:50:25,893 - INFO -   Batch 50/165 | Batch Energy: 1.3244 | Perplexity: 872.4415
2025-11-20 13:50:26,456 - INFO -   Batch 60/165 | Batch Energy: 1.3260 | Perplexity: 910.5326
2025-11-20 13:50:27,036 - INFO -   Batch 70/165 | Batch Energy: 1.3258 | Perplexity: 903.1827
2025-11-20 13:50:27,606 - INFO -   Batch 80/165 | Batch Energy: 1.3243 | Perplexity: 903.5545
2025-11-20 13:50:28,159 - INFO -   Batch 90/165 | Batch Energy: 1.3277 | Perplexity: 938.7804
2025-11-20 13:50:28,714 - INFO -   Batch 100/165 | Batch Energy: 1.3251 | Perplexity: 967.8469
2025-11-20 13:50:29,285 - INFO -   Batch 110/165 | Batch Energy: 1.3263 | Perplexity: 909.7236
2025-11-20 13:50:29,866 - INFO -   Batch 120/165 | Batch Energy: 1.3232 | Perplexity: 922.3140
2025-11-20 13:50:30,460 - INFO -   Batch 130/165 | Batch Energy: 1.3238 | Perplexity: 921.8563
2025-11-20 13:50:31,039 - INFO -   Batch 140/165 | Batch Energy: 1.3240 | Perplexity: 903.1272
2025-11-20 13:50:31,582 - INFO -   Batch 150/165 | Batch Energy: 1.3267 | Perplexity: 944.1225
2025-11-20 13:50:32,125 - INFO -   Batch 160/165 | Batch Energy: 1.3238 | Perplexity: 868.0685
2025-11-20 13:50:32,661 - INFO - Epoch 7/20 | Train Energy: 1.3257 | Train Perplexity: 917.6689 | Val Energy: 1.3401 | Val Perplexity: 1129.3756
2025-11-20 13:50:32,661 - INFO - Epoch 8/20
2025-11-20 13:50:33,203 - INFO -   Batch 10/165 | Batch Energy: 1.3255 | Perplexity: 935.0019
2025-11-20 13:50:33,753 - INFO -   Batch 20/165 | Batch Energy: 1.3259 | Perplexity: 920.2787
2025-11-20 13:50:34,297 - INFO -   Batch 30/165 | Batch Energy: 1.3230 | Perplexity: 923.1332
2025-11-20 13:50:34,837 - INFO -   Batch 40/165 | Batch Energy: 1.3236 | Perplexity: 901.3310
2025-11-20 13:50:35,384 - INFO -   Batch 50/165 | Batch Energy: 1.3252 | Perplexity: 897.2894
2025-11-20 13:50:35,930 - INFO -   Batch 60/165 | Batch Energy: 1.3262 | Perplexity: 906.5858
2025-11-20 13:50:36,472 - INFO -   Batch 70/165 | Batch Energy: 1.3256 | Perplexity: 914.8481
2025-11-20 13:50:37,028 - INFO -   Batch 80/165 | Batch Energy: 1.3263 | Perplexity: 905.9899
2025-11-20 13:50:37,573 - INFO -   Batch 90/165 | Batch Energy: 1.3260 | Perplexity: 949.5444
2025-11-20 13:50:38,121 - INFO -   Batch 100/165 | Batch Energy: 1.3265 | Perplexity: 938.5606
2025-11-20 13:50:38,652 - INFO -   Batch 110/165 | Batch Energy: 1.3256 | Perplexity: 939.3594
2025-11-20 13:50:39,189 - INFO -   Batch 120/165 | Batch Energy: 1.3264 | Perplexity: 892.6910
2025-11-20 13:50:39,721 - INFO -   Batch 130/165 | Batch Energy: 1.3248 | Perplexity: 909.2154
2025-11-20 13:50:40,272 - INFO -   Batch 140/165 | Batch Energy: 1.3288 | Perplexity: 950.4731
2025-11-20 13:50:40,819 - INFO -   Batch 150/165 | Batch Energy: 1.3260 | Perplexity: 867.3109
2025-11-20 13:50:41,363 - INFO -   Batch 160/165 | Batch Energy: 1.3255 | Perplexity: 941.1470
2025-11-20 13:50:41,891 - INFO - Epoch 8/20 | Train Energy: 1.3257 | Train Perplexity: 916.3249 | Val Energy: 1.3393 | Val Perplexity: 1109.2724
2025-11-20 13:50:41,892 - INFO - Epoch 9/20
2025-11-20 13:50:42,422 - INFO -   Batch 10/165 | Batch Energy: 1.3260 | Perplexity: 945.6589
2025-11-20 13:50:42,955 - INFO -   Batch 20/165 | Batch Energy: 1.3269 | Perplexity: 956.5137
2025-11-20 13:50:43,507 - INFO -   Batch 30/165 | Batch Energy: 1.3277 | Perplexity: 931.6018
2025-11-20 13:50:44,042 - INFO -   Batch 40/165 | Batch Energy: 1.3256 | Perplexity: 865.4672
2025-11-20 13:50:44,571 - INFO -   Batch 50/165 | Batch Energy: 1.3269 | Perplexity: 932.9256
2025-11-20 13:50:45,107 - INFO -   Batch 60/165 | Batch Energy: 1.3268 | Perplexity: 955.5960
2025-11-20 13:50:45,680 - INFO -   Batch 70/165 | Batch Energy: 1.3264 | Perplexity: 939.6748
2025-11-20 13:50:46,224 - INFO -   Batch 80/165 | Batch Energy: 1.3242 | Perplexity: 919.7913
2025-11-20 13:50:46,777 - INFO -   Batch 90/165 | Batch Energy: 1.3294 | Perplexity: 885.1850
2025-11-20 13:50:47,316 - INFO -   Batch 100/165 | Batch Energy: 1.3267 | Perplexity: 900.2842
2025-11-20 13:50:47,852 - INFO -   Batch 110/165 | Batch Energy: 1.3289 | Perplexity: 898.7316
2025-11-20 13:50:48,396 - INFO -   Batch 120/165 | Batch Energy: 1.3277 | Perplexity: 957.3323
2025-11-20 13:50:48,937 - INFO -   Batch 130/165 | Batch Energy: 1.3277 | Perplexity: 921.6119
2025-11-20 13:50:49,479 - INFO -   Batch 140/165 | Batch Energy: 1.3266 | Perplexity: 931.0134
2025-11-20 13:50:50,032 - INFO -   Batch 150/165 | Batch Energy: 1.3248 | Perplexity: 894.2686
2025-11-20 13:50:50,593 - INFO -   Batch 160/165 | Batch Energy: 1.3284 | Perplexity: 902.7147
2025-11-20 13:50:51,158 - INFO - Epoch 9/20 | Train Energy: 1.3259 | Train Perplexity: 917.4497 | Val Energy: 1.3402 | Val Perplexity: 1128.8108
2025-11-20 13:50:51,158 - INFO - Epoch 10/20
2025-11-20 13:50:51,700 - INFO -   Batch 10/165 | Batch Energy: 1.3264 | Perplexity: 882.4183
2025-11-20 13:50:52,243 - INFO -   Batch 20/165 | Batch Energy: 1.3276 | Perplexity: 938.4403
2025-11-20 13:50:52,785 - INFO -   Batch 30/165 | Batch Energy: 1.3270 | Perplexity: 900.4062
2025-11-20 13:50:53,339 - INFO -   Batch 40/165 | Batch Energy: 1.3258 | Perplexity: 938.4689
2025-11-20 13:50:53,873 - INFO -   Batch 50/165 | Batch Energy: 1.3288 | Perplexity: 910.1424
2025-11-20 13:50:54,407 - INFO -   Batch 60/165 | Batch Energy: 1.3261 | Perplexity: 920.9854
2025-11-20 13:50:54,942 - INFO -   Batch 70/165 | Batch Energy: 1.3251 | Perplexity: 944.0991
2025-11-20 13:50:55,480 - INFO -   Batch 80/165 | Batch Energy: 1.3248 | Perplexity: 907.8845
2025-11-20 13:50:56,037 - INFO -   Batch 90/165 | Batch Energy: 1.3242 | Perplexity: 899.2014
2025-11-20 13:50:56,613 - INFO -   Batch 100/165 | Batch Energy: 1.3249 | Perplexity: 952.3095
2025-11-20 13:50:57,145 - INFO -   Batch 110/165 | Batch Energy: 1.3259 | Perplexity: 890.5567
2025-11-20 13:50:57,680 - INFO -   Batch 120/165 | Batch Energy: 1.3227 | Perplexity: 925.0443
2025-11-20 13:50:58,216 - INFO -   Batch 130/165 | Batch Energy: 1.3266 | Perplexity: 909.3147
2025-11-20 13:50:58,753 - INFO -   Batch 140/165 | Batch Energy: 1.3271 | Perplexity: 911.5556
2025-11-20 13:50:59,289 - INFO -   Batch 150/165 | Batch Energy: 1.3253 | Perplexity: 955.2862
2025-11-20 13:50:59,833 - INFO -   Batch 160/165 | Batch Energy: 1.3238 | Perplexity: 910.2027
2025-11-20 13:51:00,375 - INFO - Epoch 10/20 | Train Energy: 1.3260 | Train Perplexity: 918.2266 | Val Energy: 1.3393 | Val Perplexity: 1133.1908
2025-11-20 13:51:00,390 - INFO - Saved checkpoint to checkpoints/model_epoch_10.pt
2025-11-20 13:51:00,390 - INFO - Epoch 11/20
2025-11-20 13:51:00,928 - INFO -   Batch 10/165 | Batch Energy: 1.3257 | Perplexity: 901.9256
2025-11-20 13:51:01,489 - INFO -   Batch 20/165 | Batch Energy: 1.3262 | Perplexity: 908.5467
2025-11-20 13:51:02,050 - INFO -   Batch 30/165 | Batch Energy: 1.3224 | Perplexity: 894.7907
2025-11-20 13:51:02,584 - INFO -   Batch 40/165 | Batch Energy: 1.3272 | Perplexity: 937.7058
2025-11-20 13:51:03,126 - INFO -   Batch 50/165 | Batch Energy: 1.3274 | Perplexity: 907.6685
2025-11-20 13:51:03,659 - INFO -   Batch 60/165 | Batch Energy: 1.3254 | Perplexity: 926.2903
2025-11-20 13:51:04,190 - INFO -   Batch 70/165 | Batch Energy: 1.3243 | Perplexity: 947.3054
2025-11-20 13:51:04,720 - INFO -   Batch 80/165 | Batch Energy: 1.3269 | Perplexity: 914.1434
2025-11-20 13:51:05,252 - INFO -   Batch 90/165 | Batch Energy: 1.3268 | Perplexity: 927.2179
2025-11-20 13:51:05,785 - INFO -   Batch 100/165 | Batch Energy: 1.3257 | Perplexity: 913.2158
2025-11-20 13:51:06,328 - INFO -   Batch 110/165 | Batch Energy: 1.3272 | Perplexity: 917.5694
2025-11-20 13:51:06,855 - INFO -   Batch 120/165 | Batch Energy: 1.3243 | Perplexity: 930.1228
2025-11-20 13:51:07,388 - INFO -   Batch 130/165 | Batch Energy: 1.3260 | Perplexity: 928.3708
2025-11-20 13:51:07,923 - INFO -   Batch 140/165 | Batch Energy: 1.3267 | Perplexity: 959.9662
2025-11-20 13:51:08,455 - INFO -   Batch 150/165 | Batch Energy: 1.3277 | Perplexity: 930.3482
2025-11-20 13:51:08,990 - INFO -   Batch 160/165 | Batch Energy: 1.3255 | Perplexity: 880.2372
2025-11-20 13:51:09,532 - INFO - Epoch 11/20 | Train Energy: 1.3259 | Train Perplexity: 919.1591 | Val Energy: 1.3388 | Val Perplexity: 1141.1454
2025-11-20 13:51:09,532 - INFO - Epoch 12/20
2025-11-20 13:51:10,069 - INFO -   Batch 10/165 | Batch Energy: 1.3302 | Perplexity: 913.3905
2025-11-20 14:30:03,761 - INFO - 
########################################################################################################################
2025-11-20 14:30:03,762 - INFO - Using device: cuda:0 (local rank 0)
2025-11-20 14:30:03,762 - INFO - Saving the hyperparameters configurations:
2025-11-20 14:30:03,762 - INFO - {
      "vocab_size": 1024,
      "block_size": 208,
      "lr": 0.0003223786832283688,
      "peak_learning_rate": 0.003223786832283688,
      "warmup_steps": 369,
      "n_embed": 160,
      "dropout": 0.4546369920173881,
      "T": 2,
      "update_bias": false,
      "num_heads": 10,
      "n_blocks": 3,
      "batch_size": 8,
      "num_epochs": 10,
      "internal_energy_fn_name": "pc_e",
      "output_energy_fn_name": "pc_e",
      "combined_internal_weight": 0.5094684344308807,
      "combined_output_weight": 0.49053156556911925,
      "use_flash_attention": false,
      "alpha": 0.5
}
2025-11-20 14:30:04,991 - INFO - ========== Training started ==========
2025-11-20 14:30:04,992 - INFO - 2.77 M parameters
2025-11-20 14:30:04,992 - INFO - Epoch 1/10
2025-11-20 14:30:05,963 - INFO -   Batch 10/165 | Batch Energy: 1.4889 | Perplexity: 1151.1176
2025-11-20 14:30:06,616 - INFO -   Batch 20/165 | Batch Energy: 1.4768 | Perplexity: 1119.6117
2025-11-20 14:30:07,217 - INFO -   Batch 30/165 | Batch Energy: 1.4655 | Perplexity: 1121.4754
2025-11-20 14:30:07,821 - INFO -   Batch 40/165 | Batch Energy: 1.4536 | Perplexity: 1101.9951
2025-11-20 14:30:08,431 - INFO -   Batch 50/165 | Batch Energy: 1.4386 | Perplexity: 1084.2199
2025-11-20 14:30:09,030 - INFO -   Batch 60/165 | Batch Energy: 1.4284 | Perplexity: 1056.5234
2025-11-20 14:30:09,628 - INFO -   Batch 70/165 | Batch Energy: 1.4179 | Perplexity: 1065.1988
2025-11-20 14:30:10,237 - INFO -   Batch 80/165 | Batch Energy: 1.4067 | Perplexity: 1032.1918
2025-11-20 14:30:10,843 - INFO -   Batch 90/165 | Batch Energy: 1.3996 | Perplexity: 1021.5576
2025-11-20 14:30:11,453 - INFO -   Batch 100/165 | Batch Energy: 1.3898 | Perplexity: 992.7457
2025-11-20 14:30:12,054 - INFO -   Batch 110/165 | Batch Energy: 1.3830 | Perplexity: 1029.9282
2025-11-20 14:30:12,657 - INFO -   Batch 120/165 | Batch Energy: 1.3816 | Perplexity: 938.9479
2025-11-20 14:30:13,260 - INFO -   Batch 130/165 | Batch Energy: 1.3750 | Perplexity: 918.4642
2025-11-20 14:30:13,861 - INFO -   Batch 140/165 | Batch Energy: 1.3731 | Perplexity: 982.1563
2025-11-20 14:30:14,474 - INFO -   Batch 150/165 | Batch Energy: 1.3723 | Perplexity: 979.4587
2025-11-20 14:30:15,082 - INFO -   Batch 160/165 | Batch Energy: 1.3711 | Perplexity: 940.4646
2025-11-20 14:30:15,595 - INFO - Epoch 1/10 | Train Energy: 1.4163 | Train Perplexity: 1026.1550 | Val Energy: 1.3732 | Val Perplexity: 1166.0733
2025-11-20 14:30:15,595 - INFO - Epoch 2/10
2025-11-20 14:30:16,194 - INFO -   Batch 10/165 | Batch Energy: 1.3662 | Perplexity: 888.2657
2025-11-20 14:30:16,800 - INFO -   Batch 20/165 | Batch Energy: 1.3644 | Perplexity: 888.0382
2025-11-20 14:30:17,401 - INFO -   Batch 30/165 | Batch Energy: 1.3642 | Perplexity: 947.9063
2025-11-20 14:30:18,011 - INFO -   Batch 40/165 | Batch Energy: 1.3615 | Perplexity: 885.6667
2025-11-20 14:30:18,616 - INFO -   Batch 50/165 | Batch Energy: 1.3607 | Perplexity: 850.3446
2025-11-20 14:30:19,215 - INFO -   Batch 60/165 | Batch Energy: 1.3605 | Perplexity: 884.9630
2025-11-20 14:30:19,817 - INFO -   Batch 70/165 | Batch Energy: 1.3596 | Perplexity: 884.1890
2025-11-20 14:30:20,423 - INFO -   Batch 80/165 | Batch Energy: 1.3597 | Perplexity: 891.6576
2025-11-20 14:30:21,038 - INFO -   Batch 90/165 | Batch Energy: 1.3559 | Perplexity: 850.7567
2025-11-20 14:30:21,645 - INFO -   Batch 100/165 | Batch Energy: 1.3586 | Perplexity: 818.5061
2025-11-20 14:30:22,246 - INFO -   Batch 110/165 | Batch Energy: 1.3563 | Perplexity: 811.5995
2025-11-20 14:30:22,845 - INFO -   Batch 120/165 | Batch Energy: 1.3531 | Perplexity: 834.8742
2025-11-20 14:30:23,450 - INFO -   Batch 130/165 | Batch Energy: 1.3548 | Perplexity: 822.0534
2025-11-20 14:30:24,048 - INFO -   Batch 140/165 | Batch Energy: 1.3531 | Perplexity: 821.6255
2025-11-20 14:30:24,654 - INFO -   Batch 150/165 | Batch Energy: 1.3541 | Perplexity: 780.3770
2025-11-20 14:30:25,252 - INFO -   Batch 160/165 | Batch Energy: 1.3509 | Perplexity: 800.8600
2025-11-20 14:30:25,764 - INFO - Epoch 2/10 | Train Energy: 1.3588 | Train Perplexity: 859.3555 | Val Energy: 1.3595 | Val Perplexity: 1170.7766
2025-11-20 14:30:25,764 - INFO - Epoch 3/10
2025-11-20 14:30:26,361 - INFO -   Batch 10/165 | Batch Energy: 1.3527 | Perplexity: 774.5105
2025-11-20 14:30:26,958 - INFO -   Batch 20/165 | Batch Energy: 1.3517 | Perplexity: 799.7785
2025-11-20 14:30:27,564 - INFO -   Batch 30/165 | Batch Energy: 1.3527 | Perplexity: 787.6535
2025-11-20 14:30:28,164 - INFO -   Batch 40/165 | Batch Energy: 1.3496 | Perplexity: 786.5977
2025-11-20 14:30:28,764 - INFO -   Batch 50/165 | Batch Energy: 1.3505 | Perplexity: 834.0713
2025-11-20 14:30:29,365 - INFO -   Batch 60/165 | Batch Energy: 1.3517 | Perplexity: 803.7254
2025-11-20 14:30:29,965 - INFO -   Batch 70/165 | Batch Energy: 1.3508 | Perplexity: 755.0330
2025-11-20 14:30:30,587 - INFO -   Batch 80/165 | Batch Energy: 1.3520 | Perplexity: 802.0642
2025-11-20 14:30:31,190 - INFO -   Batch 90/165 | Batch Energy: 1.3522 | Perplexity: 817.9658
2025-11-20 14:30:31,786 - INFO -   Batch 100/165 | Batch Energy: 1.3490 | Perplexity: 815.5857
2025-11-20 14:30:32,379 - INFO -   Batch 110/165 | Batch Energy: 1.3512 | Perplexity: 823.4002
2025-11-20 14:30:32,973 - INFO -   Batch 120/165 | Batch Energy: 1.3513 | Perplexity: 791.5116
2025-11-20 14:30:33,566 - INFO -   Batch 130/165 | Batch Energy: 1.3516 | Perplexity: 818.7747
2025-11-20 14:30:34,177 - INFO -   Batch 140/165 | Batch Energy: 1.3502 | Perplexity: 767.5468
2025-11-20 14:30:34,769 - INFO -   Batch 150/165 | Batch Energy: 1.3502 | Perplexity: 840.9810
2025-11-20 14:30:35,363 - INFO -   Batch 160/165 | Batch Energy: 1.3493 | Perplexity: 852.9225
2025-11-20 14:30:35,870 - INFO - Epoch 3/10 | Train Energy: 1.3511 | Train Perplexity: 807.6305 | Val Energy: 1.3577 | Val Perplexity: 1226.3847
2025-11-20 14:30:35,870 - INFO - Epoch 4/10
2025-11-20 14:30:36,462 - INFO -   Batch 10/165 | Batch Energy: 1.3507 | Perplexity: 826.5338
2025-11-20 14:30:37,058 - INFO -   Batch 20/165 | Batch Energy: 1.3519 | Perplexity: 838.4920
2025-11-20 14:30:37,661 - INFO -   Batch 30/165 | Batch Energy: 1.3509 | Perplexity: 777.6579
2025-11-20 14:30:38,261 - INFO -   Batch 40/165 | Batch Energy: 1.3492 | Perplexity: 786.1305
2025-11-20 14:30:38,858 - INFO -   Batch 50/165 | Batch Energy: 1.3498 | Perplexity: 841.2120
2025-11-20 14:30:39,454 - INFO -   Batch 60/165 | Batch Energy: 1.3498 | Perplexity: 835.3318
2025-11-20 14:30:40,050 - INFO -   Batch 70/165 | Batch Energy: 1.3494 | Perplexity: 844.1509
2025-11-20 14:30:40,656 - INFO -   Batch 80/165 | Batch Energy: 1.3488 | Perplexity: 841.1017
2025-11-20 14:30:41,244 - INFO -   Batch 90/165 | Batch Energy: 1.3508 | Perplexity: 845.3299
2025-11-20 14:30:41,831 - INFO -   Batch 100/165 | Batch Energy: 1.3499 | Perplexity: 802.5244
2025-11-20 14:30:42,419 - INFO -   Batch 110/165 | Batch Energy: 1.3492 | Perplexity: 763.5394
2025-11-20 14:30:43,011 - INFO -   Batch 120/165 | Batch Energy: 1.3522 | Perplexity: 751.1063
2025-11-20 14:30:43,611 - INFO -   Batch 130/165 | Batch Energy: 1.3492 | Perplexity: 806.9207
2025-11-20 14:30:44,212 - INFO -   Batch 140/165 | Batch Energy: 1.3494 | Perplexity: 830.6183
2025-11-20 14:30:44,809 - INFO -   Batch 150/165 | Batch Energy: 1.3499 | Perplexity: 831.2626
2025-11-20 14:30:45,406 - INFO -   Batch 160/165 | Batch Energy: 1.3494 | Perplexity: 834.8221
2025-11-20 14:30:45,915 - INFO - Epoch 4/10 | Train Energy: 1.3500 | Train Perplexity: 817.3163 | Val Energy: 1.3556 | Val Perplexity: 1265.7270
2025-11-20 14:30:45,915 - INFO - Epoch 5/10
2025-11-20 14:30:46,511 - INFO -   Batch 10/165 | Batch Energy: 1.3494 | Perplexity: 802.1870
2025-11-20 14:30:47,113 - INFO -   Batch 20/165 | Batch Energy: 1.3483 | Perplexity: 847.9755
2025-11-20 14:30:47,713 - INFO -   Batch 30/165 | Batch Energy: 1.3506 | Perplexity: 779.2043
2025-11-20 14:30:48,310 - INFO -   Batch 40/165 | Batch Energy: 1.3486 | Perplexity: 821.6905
2025-11-20 14:30:48,904 - INFO -   Batch 50/165 | Batch Energy: 1.3470 | Perplexity: 790.4883
2025-11-20 14:30:49,503 - INFO -   Batch 60/165 | Batch Energy: 1.3474 | Perplexity: 802.8145
2025-11-20 14:30:50,104 - INFO -   Batch 70/165 | Batch Energy: 1.3494 | Perplexity: 832.4672
2025-11-20 14:30:50,719 - INFO -   Batch 80/165 | Batch Energy: 1.3499 | Perplexity: 812.4975
2025-11-20 14:30:51,322 - INFO -   Batch 90/165 | Batch Energy: 1.3490 | Perplexity: 831.2392
2025-11-20 14:30:51,932 - INFO -   Batch 100/165 | Batch Energy: 1.3495 | Perplexity: 816.1817
2025-11-20 14:30:52,527 - INFO -   Batch 110/165 | Batch Energy: 1.3502 | Perplexity: 765.3441
2025-11-20 14:30:53,126 - INFO -   Batch 120/165 | Batch Energy: 1.3477 | Perplexity: 820.7746
2025-11-20 14:30:53,734 - INFO -   Batch 130/165 | Batch Energy: 1.3504 | Perplexity: 804.5578
2025-11-20 14:30:54,337 - INFO -   Batch 140/165 | Batch Energy: 1.3500 | Perplexity: 785.3111
2025-11-20 14:30:54,933 - INFO -   Batch 150/165 | Batch Energy: 1.3520 | Perplexity: 811.2088
2025-11-20 14:30:55,530 - INFO -   Batch 160/165 | Batch Energy: 1.3522 | Perplexity: 797.2107
2025-11-20 14:30:56,036 - INFO - Epoch 5/10 | Train Energy: 1.3495 | Train Perplexity: 815.0315 | Val Energy: 1.3561 | Val Perplexity: 1229.6831
2025-11-20 14:30:56,086 - INFO - Saved checkpoint to checkpoints/model_epoch_5.pt
2025-11-20 14:30:56,086 - INFO - Epoch 6/10
2025-11-20 14:30:56,684 - INFO -   Batch 10/165 | Batch Energy: 1.3494 | Perplexity: 825.1374
2025-11-20 14:30:57,282 - INFO -   Batch 20/165 | Batch Energy: 1.3496 | Perplexity: 849.3323
2025-11-20 14:30:57,879 - INFO -   Batch 30/165 | Batch Energy: 1.3508 | Perplexity: 807.6744
2025-11-20 14:30:58,475 - INFO -   Batch 40/165 | Batch Energy: 1.3502 | Perplexity: 805.0644
2025-11-20 14:30:59,074 - INFO -   Batch 50/165 | Batch Energy: 1.3495 | Perplexity: 807.0611
2025-11-20 14:30:59,675 - INFO -   Batch 60/165 | Batch Energy: 1.3497 | Perplexity: 835.7278
2025-11-20 14:31:00,291 - INFO -   Batch 70/165 | Batch Energy: 1.3490 | Perplexity: 765.3145
2025-11-20 14:31:00,906 - INFO -   Batch 80/165 | Batch Energy: 1.3501 | Perplexity: 794.5837
2025-11-20 14:31:01,515 - INFO -   Batch 90/165 | Batch Energy: 1.3506 | Perplexity: 791.3515
2025-11-20 14:31:02,119 - INFO -   Batch 100/165 | Batch Energy: 1.3487 | Perplexity: 835.1119
2025-11-20 14:31:02,718 - INFO -   Batch 110/165 | Batch Energy: 1.3498 | Perplexity: 879.6238
2025-11-20 14:31:03,322 - INFO -   Batch 120/165 | Batch Energy: 1.3490 | Perplexity: 789.0064
2025-11-20 14:31:03,924 - INFO -   Batch 130/165 | Batch Energy: 1.3498 | Perplexity: 780.1802
2025-11-20 14:31:04,526 - INFO -   Batch 140/165 | Batch Energy: 1.3479 | Perplexity: 824.5368
2025-11-20 14:31:05,124 - INFO -   Batch 150/165 | Batch Energy: 1.3487 | Perplexity: 802.6668
2025-11-20 14:31:05,722 - INFO -   Batch 160/165 | Batch Energy: 1.3489 | Perplexity: 842.2058
2025-11-20 14:31:06,231 - INFO - Epoch 6/10 | Train Energy: 1.3494 | Train Perplexity: 817.0730 | Val Energy: 1.3562 | Val Perplexity: 1229.4795
2025-11-20 14:31:06,231 - INFO - Epoch 7/10
2025-11-20 14:31:06,842 - INFO -   Batch 10/165 | Batch Energy: 1.3495 | Perplexity: 831.2907
2025-11-20 14:31:07,445 - INFO -   Batch 20/165 | Batch Energy: 1.3509 | Perplexity: 804.8076
2025-11-20 14:31:08,042 - INFO -   Batch 30/165 | Batch Energy: 1.3495 | Perplexity: 822.6451
2025-11-20 14:31:08,638 - INFO -   Batch 40/165 | Batch Energy: 1.3493 | Perplexity: 836.4877
2025-11-20 14:31:09,237 - INFO -   Batch 50/165 | Batch Energy: 1.3471 | Perplexity: 798.4037
2025-11-20 14:31:09,854 - INFO -   Batch 60/165 | Batch Energy: 1.3505 | Perplexity: 789.7186
2025-11-20 14:31:10,458 - INFO -   Batch 70/165 | Batch Energy: 1.3495 | Perplexity: 830.8239
2025-11-20 14:31:11,067 - INFO -   Batch 80/165 | Batch Energy: 1.3495 | Perplexity: 785.4920
2025-11-20 14:31:11,663 - INFO -   Batch 90/165 | Batch Energy: 1.3479 | Perplexity: 809.2006
2025-11-20 14:31:12,256 - INFO -   Batch 100/165 | Batch Energy: 1.3482 | Perplexity: 799.2291
2025-11-20 14:31:12,854 - INFO -   Batch 110/165 | Batch Energy: 1.3496 | Perplexity: 816.2471
2025-11-20 14:31:13,456 - INFO -   Batch 120/165 | Batch Energy: 1.3514 | Perplexity: 792.9134
2025-11-20 14:31:14,056 - INFO -   Batch 130/165 | Batch Energy: 1.3505 | Perplexity: 839.4886
2025-11-20 14:31:14,650 - INFO -   Batch 140/165 | Batch Energy: 1.3497 | Perplexity: 819.6157
2025-11-20 14:31:15,245 - INFO -   Batch 150/165 | Batch Energy: 1.3484 | Perplexity: 819.6216
2025-11-20 14:31:15,844 - INFO -   Batch 160/165 | Batch Energy: 1.3478 | Perplexity: 861.9866
2025-11-20 14:31:16,362 - INFO - Epoch 7/10 | Train Energy: 1.3494 | Train Perplexity: 818.1697 | Val Energy: 1.3559 | Val Perplexity: 1239.8760
2025-11-20 14:31:16,362 - INFO - Epoch 8/10
2025-11-20 14:31:16,967 - INFO -   Batch 10/165 | Batch Energy: 1.3476 | Perplexity: 813.1665
2025-11-20 14:31:17,575 - INFO -   Batch 20/165 | Batch Energy: 1.3504 | Perplexity: 863.3909
2025-11-20 14:31:18,169 - INFO -   Batch 30/165 | Batch Energy: 1.3483 | Perplexity: 812.7164
2025-11-20 14:31:18,768 - INFO -   Batch 40/165 | Batch Energy: 1.3502 | Perplexity: 814.5379
2025-11-20 14:31:19,372 - INFO -   Batch 50/165 | Batch Energy: 1.3486 | Perplexity: 811.3171
2025-11-20 14:31:19,975 - INFO -   Batch 60/165 | Batch Energy: 1.3492 | Perplexity: 814.9264
2025-11-20 14:31:20,584 - INFO -   Batch 70/165 | Batch Energy: 1.3493 | Perplexity: 842.1877
2025-11-20 14:31:21,178 - INFO -   Batch 80/165 | Batch Energy: 1.3499 | Perplexity: 803.3686
2025-11-20 14:31:21,770 - INFO -   Batch 90/165 | Batch Energy: 1.3502 | Perplexity: 822.9578
2025-11-20 14:31:22,365 - INFO -   Batch 100/165 | Batch Energy: 1.3515 | Perplexity: 854.0107
2025-11-20 14:31:22,969 - INFO -   Batch 110/165 | Batch Energy: 1.3500 | Perplexity: 795.4290
2025-11-20 14:31:23,576 - INFO -   Batch 120/165 | Batch Energy: 1.3492 | Perplexity: 804.6890
2025-11-20 14:31:24,170 - INFO -   Batch 130/165 | Batch Energy: 1.3491 | Perplexity: 792.1927
2025-11-20 14:31:24,767 - INFO -   Batch 140/165 | Batch Energy: 1.3494 | Perplexity: 860.3982
2025-11-20 14:31:25,363 - INFO -   Batch 150/165 | Batch Energy: 1.3492 | Perplexity: 820.7448
2025-11-20 14:31:25,961 - INFO -   Batch 160/165 | Batch Energy: 1.3496 | Perplexity: 792.8643
2025-11-20 14:31:26,476 - INFO - Epoch 8/10 | Train Energy: 1.3494 | Train Perplexity: 815.2676 | Val Energy: 1.3574 | Val Perplexity: 1230.4086
2025-11-20 14:31:26,476 - INFO - Epoch 9/10
2025-11-20 14:31:27,071 - INFO -   Batch 10/165 | Batch Energy: 1.3514 | Perplexity: 818.9504
2025-11-20 14:31:27,664 - INFO -   Batch 20/165 | Batch Energy: 1.3480 | Perplexity: 823.4811
2025-11-20 14:31:28,256 - INFO -   Batch 30/165 | Batch Energy: 1.3496 | Perplexity: 799.1117
2025-11-20 14:31:28,849 - INFO -   Batch 40/165 | Batch Energy: 1.3504 | Perplexity: 776.7510
2025-11-20 14:31:29,456 - INFO -   Batch 50/165 | Batch Energy: 1.3484 | Perplexity: 830.7102
2025-11-20 14:31:30,054 - INFO -   Batch 60/165 | Batch Energy: 1.3491 | Perplexity: 839.2536
2025-11-20 14:31:30,658 - INFO -   Batch 70/165 | Batch Energy: 1.3506 | Perplexity: 835.3286
2025-11-20 14:31:31,259 - INFO -   Batch 80/165 | Batch Energy: 1.3496 | Perplexity: 794.7667
2025-11-20 14:31:31,875 - INFO -   Batch 90/165 | Batch Energy: 1.3503 | Perplexity: 856.9755
2025-11-20 14:31:32,476 - INFO -   Batch 100/165 | Batch Energy: 1.3487 | Perplexity: 842.0303
2025-11-20 14:31:33,081 - INFO -   Batch 110/165 | Batch Energy: 1.3472 | Perplexity: 819.7752
2025-11-20 14:31:33,682 - INFO -   Batch 120/165 | Batch Energy: 1.3476 | Perplexity: 839.4529
2025-11-20 14:31:34,281 - INFO -   Batch 130/165 | Batch Energy: 1.3490 | Perplexity: 884.4934
2025-11-20 14:31:34,880 - INFO -   Batch 140/165 | Batch Energy: 1.3487 | Perplexity: 807.6640
2025-11-20 14:31:35,475 - INFO -   Batch 150/165 | Batch Energy: 1.3501 | Perplexity: 819.6970
2025-11-20 14:31:36,080 - INFO -   Batch 160/165 | Batch Energy: 1.3496 | Perplexity: 848.3593
2025-11-20 14:31:36,589 - INFO - Epoch 9/10 | Train Energy: 1.3495 | Train Perplexity: 818.2878 | Val Energy: 1.3566 | Val Perplexity: 1237.0522
2025-11-20 14:31:36,589 - INFO - Epoch 10/10
2025-11-20 14:31:37,182 - INFO -   Batch 10/165 | Batch Energy: 1.3507 | Perplexity: 801.5347
2025-11-20 14:31:37,777 - INFO -   Batch 20/165 | Batch Energy: 1.3505 | Perplexity: 824.3505
2025-11-20 14:31:38,375 - INFO -   Batch 30/165 | Batch Energy: 1.3472 | Perplexity: 797.7309
2025-11-20 14:31:38,970 - INFO -   Batch 40/165 | Batch Energy: 1.3479 | Perplexity: 825.7298
2025-11-20 14:31:39,576 - INFO -   Batch 50/165 | Batch Energy: 1.3496 | Perplexity: 813.8507
2025-11-20 14:31:40,175 - INFO -   Batch 60/165 | Batch Energy: 1.3486 | Perplexity: 831.7590
2025-11-20 14:31:40,777 - INFO -   Batch 70/165 | Batch Energy: 1.3489 | Perplexity: 849.0610
2025-11-20 14:31:41,377 - INFO -   Batch 80/165 | Batch Energy: 1.3485 | Perplexity: 850.3641
2025-11-20 14:31:41,975 - INFO -   Batch 90/165 | Batch Energy: 1.3488 | Perplexity: 828.2184
2025-11-20 14:31:42,585 - INFO -   Batch 100/165 | Batch Energy: 1.3494 | Perplexity: 853.1714
2025-11-20 14:31:43,185 - INFO -   Batch 110/165 | Batch Energy: 1.3479 | Perplexity: 807.2763
2025-11-20 14:31:43,783 - INFO -   Batch 120/165 | Batch Energy: 1.3491 | Perplexity: 787.7786
2025-11-20 14:31:44,381 - INFO -   Batch 130/165 | Batch Energy: 1.3494 | Perplexity: 816.2226
2025-11-20 14:31:44,978 - INFO -   Batch 140/165 | Batch Energy: 1.3499 | Perplexity: 796.8979
2025-11-20 14:31:45,572 - INFO -   Batch 150/165 | Batch Energy: 1.3484 | Perplexity: 828.7924
2025-11-20 14:31:46,174 - INFO -   Batch 160/165 | Batch Energy: 1.3502 | Perplexity: 765.9483
2025-11-20 14:31:46,682 - INFO - Epoch 10/10 | Train Energy: 1.3492 | Train Perplexity: 818.9117 | Val Energy: 1.3569 | Val Perplexity: 1232.0889
2025-11-20 14:31:46,715 - INFO - Saved checkpoint to checkpoints/model_epoch_10.pt
2025-11-20 14:31:46,972 - INFO - Training completed in 101.98 seconds
2025-11-20 14:31:46,972 - INFO - Final model saved to: checkpoints/final_model.pt
2025-11-20 14:31:46,972 - INFO - ========== Training completed ==========
2025-11-20 14:33:50,844 - INFO - 
########################################################################################################################
2025-11-20 14:33:50,844 - INFO - Using device: cuda:0 (local rank 0)
2025-11-20 14:33:50,844 - INFO - Saving the hyperparameters configurations:
2025-11-20 14:33:50,844 - INFO - {
      "vocab_size": 1024,
      "block_size": 208,
      "lr": 0.0003223786832283688,
      "peak_learning_rate": 0.003223786832283688,
      "warmup_steps": 369,
      "n_embed": 160,
      "dropout": 0.4546369920173881,
      "T": 2,
      "update_bias": false,
      "num_heads": 10,
      "n_blocks": 3,
      "batch_size": 8,
      "num_epochs": 20,
      "internal_energy_fn_name": "pc_e",
      "output_energy_fn_name": "pc_e",
      "combined_internal_weight": 0.5094684344308807,
      "combined_output_weight": 0.49053156556911925,
      "use_flash_attention": false,
      "alpha": 0.5
}
2025-11-20 14:33:52,080 - INFO - ========== Training started ==========
2025-11-20 14:33:52,081 - INFO - 2.77 M parameters
2025-11-20 14:33:52,081 - INFO - Epoch 1/20
2025-11-20 14:33:53,046 - INFO -   Batch 10/165 | Batch Energy: 1.4920 | Perplexity: 1159.8130
2025-11-20 14:33:53,695 - INFO -   Batch 20/165 | Batch Energy: 1.4783 | Perplexity: 1123.5714
2025-11-20 14:33:54,290 - INFO -   Batch 30/165 | Batch Energy: 1.4689 | Perplexity: 1065.2588
2025-11-20 14:33:54,875 - INFO -   Batch 40/165 | Batch Energy: 1.4539 | Perplexity: 1115.5387
2025-11-20 14:33:55,464 - INFO -   Batch 50/165 | Batch Energy: 1.4415 | Perplexity: 1052.4707
2025-11-20 14:33:56,064 - INFO -   Batch 60/165 | Batch Energy: 1.4297 | Perplexity: 1045.7483
2025-11-20 14:33:56,649 - INFO -   Batch 70/165 | Batch Energy: 1.4158 | Perplexity: 1049.7301
2025-11-20 14:33:57,240 - INFO -   Batch 80/165 | Batch Energy: 1.4084 | Perplexity: 1037.2219
2025-11-20 14:33:57,833 - INFO -   Batch 90/165 | Batch Energy: 1.3989 | Perplexity: 1032.1342
2025-11-20 14:33:58,427 - INFO -   Batch 100/165 | Batch Energy: 1.3892 | Perplexity: 1006.6257
2025-11-20 14:33:59,024 - INFO -   Batch 110/165 | Batch Energy: 1.3834 | Perplexity: 977.0652
2025-11-20 14:33:59,619 - INFO -   Batch 120/165 | Batch Energy: 1.3794 | Perplexity: 958.3997
2025-11-20 14:34:00,221 - INFO -   Batch 130/165 | Batch Energy: 1.3750 | Perplexity: 951.8913
2025-11-20 14:34:00,815 - INFO -   Batch 140/165 | Batch Energy: 1.3741 | Perplexity: 996.4069
2025-11-20 14:34:01,404 - INFO -   Batch 150/165 | Batch Energy: 1.3718 | Perplexity: 907.4807
2025-11-20 14:34:01,993 - INFO -   Batch 160/165 | Batch Energy: 1.3715 | Perplexity: 911.6987
2025-11-20 14:34:02,505 - INFO - Epoch 1/20 | Train Energy: 1.4165 | Train Perplexity: 1024.1384 | Val Energy: 1.3769 | Val Perplexity: 1194.2798
2025-11-20 14:34:02,505 - INFO - Epoch 2/20
2025-11-20 14:34:03,095 - INFO -   Batch 10/165 | Batch Energy: 1.3673 | Perplexity: 884.6035
2025-11-20 14:34:03,687 - INFO -   Batch 20/165 | Batch Energy: 1.3658 | Perplexity: 891.8898
2025-11-20 14:34:04,280 - INFO -   Batch 30/165 | Batch Energy: 1.3646 | Perplexity: 911.8891
2025-11-20 14:34:04,876 - INFO -   Batch 40/165 | Batch Energy: 1.3603 | Perplexity: 876.7482
2025-11-20 14:34:05,472 - INFO -   Batch 50/165 | Batch Energy: 1.3610 | Perplexity: 852.5004
2025-11-20 14:34:06,068 - INFO -   Batch 60/165 | Batch Energy: 1.3576 | Perplexity: 878.4619
2025-11-20 14:34:06,662 - INFO -   Batch 70/165 | Batch Energy: 1.3606 | Perplexity: 867.7250
2025-11-20 14:34:07,252 - INFO -   Batch 80/165 | Batch Energy: 1.3574 | Perplexity: 895.8042
2025-11-20 14:34:07,843 - INFO -   Batch 90/165 | Batch Energy: 1.3568 | Perplexity: 865.8007
2025-11-20 14:34:08,436 - INFO -   Batch 100/165 | Batch Energy: 1.3549 | Perplexity: 884.2944
2025-11-20 14:34:09,037 - INFO -   Batch 110/165 | Batch Energy: 1.3559 | Perplexity: 868.9747
2025-11-20 14:34:09,625 - INFO -   Batch 120/165 | Batch Energy: 1.3548 | Perplexity: 885.4353
2025-11-20 14:34:10,229 - INFO -   Batch 130/165 | Batch Energy: 1.3547 | Perplexity: 890.3495
2025-11-20 14:34:10,827 - INFO -   Batch 140/165 | Batch Energy: 1.3535 | Perplexity: 831.7649
2025-11-20 14:34:11,425 - INFO -   Batch 150/165 | Batch Energy: 1.3541 | Perplexity: 826.4345
2025-11-20 14:34:12,027 - INFO -   Batch 160/165 | Batch Energy: 1.3505 | Perplexity: 789.8466
2025-11-20 14:34:12,536 - INFO - Epoch 2/20 | Train Energy: 1.3587 | Train Perplexity: 862.4913 | Val Energy: 1.3602 | Val Perplexity: 1202.0267
2025-11-20 14:34:12,536 - INFO - Epoch 3/20
2025-11-20 14:34:13,133 - INFO -   Batch 10/165 | Batch Energy: 1.3526 | Perplexity: 806.9226
2025-11-20 14:34:13,732 - INFO -   Batch 20/165 | Batch Energy: 1.3524 | Perplexity: 786.3457
2025-11-20 14:34:14,335 - INFO -   Batch 30/165 | Batch Energy: 1.3529 | Perplexity: 815.0243
2025-11-20 14:34:14,934 - INFO -   Batch 40/165 | Batch Energy: 1.3513 | Perplexity: 863.4572
2025-11-20 14:34:15,540 - INFO -   Batch 50/165 | Batch Energy: 1.3505 | Perplexity: 795.9610
2025-11-20 14:34:16,136 - INFO -   Batch 60/165 | Batch Energy: 1.3501 | Perplexity: 805.7787
2025-11-20 14:34:16,732 - INFO -   Batch 70/165 | Batch Energy: 1.3483 | Perplexity: 831.3957
2025-11-20 14:34:17,326 - INFO -   Batch 80/165 | Batch Energy: 1.3526 | Perplexity: 808.3922
2025-11-20 14:34:17,923 - INFO -   Batch 90/165 | Batch Energy: 1.3516 | Perplexity: 789.6203
2025-11-20 14:34:18,520 - INFO -   Batch 100/165 | Batch Energy: 1.3522 | Perplexity: 821.5741
2025-11-20 14:34:19,117 - INFO -   Batch 110/165 | Batch Energy: 1.3510 | Perplexity: 822.0236
2025-11-20 14:34:19,713 - INFO -   Batch 120/165 | Batch Energy: 1.3501 | Perplexity: 786.3588
2025-11-20 14:34:20,313 - INFO -   Batch 130/165 | Batch Energy: 1.3502 | Perplexity: 812.7404
2025-11-20 14:34:20,914 - INFO -   Batch 140/165 | Batch Energy: 1.3493 | Perplexity: 761.9024
2025-11-20 14:34:21,511 - INFO -   Batch 150/165 | Batch Energy: 1.3495 | Perplexity: 824.2915
2025-11-20 14:34:22,111 - INFO -   Batch 160/165 | Batch Energy: 1.3503 | Perplexity: 794.8724
2025-11-20 14:34:22,620 - INFO - Epoch 3/20 | Train Energy: 1.3510 | Train Perplexity: 811.8340 | Val Energy: 1.3599 | Val Perplexity: 1258.0747
2025-11-20 14:34:22,620 - INFO - Epoch 4/20
2025-11-20 14:34:23,212 - INFO -   Batch 10/165 | Batch Energy: 1.3496 | Perplexity: 844.7517
2025-11-20 14:34:23,817 - INFO -   Batch 20/165 | Batch Energy: 1.3489 | Perplexity: 796.4561
2025-11-20 14:34:24,406 - INFO -   Batch 30/165 | Batch Energy: 1.3506 | Perplexity: 823.0826
2025-11-20 14:34:25,000 - INFO -   Batch 40/165 | Batch Energy: 1.3492 | Perplexity: 871.8900
2025-11-20 14:34:25,597 - INFO -   Batch 50/165 | Batch Energy: 1.3480 | Perplexity: 787.7711
2025-11-20 14:34:26,191 - INFO -   Batch 60/165 | Batch Energy: 1.3488 | Perplexity: 808.5996
2025-11-20 14:34:26,780 - INFO -   Batch 70/165 | Batch Energy: 1.3501 | Perplexity: 775.8575
2025-11-20 14:34:27,372 - INFO -   Batch 80/165 | Batch Energy: 1.3493 | Perplexity: 739.5169
2025-11-20 14:34:27,963 - INFO -   Batch 90/165 | Batch Energy: 1.3494 | Perplexity: 851.7690
2025-11-20 14:34:28,569 - INFO -   Batch 100/165 | Batch Energy: 1.3495 | Perplexity: 823.4355
2025-11-20 14:34:29,162 - INFO -   Batch 110/165 | Batch Energy: 1.3524 | Perplexity: 797.0670
2025-11-20 14:34:29,749 - INFO -   Batch 120/165 | Batch Energy: 1.3506 | Perplexity: 809.0281
2025-11-20 14:34:30,359 - INFO -   Batch 130/165 | Batch Energy: 1.3493 | Perplexity: 848.4754
2025-11-20 14:34:30,961 - INFO -   Batch 140/165 | Batch Energy: 1.3498 | Perplexity: 832.5522
2025-11-20 14:34:31,564 - INFO -   Batch 150/165 | Batch Energy: 1.3479 | Perplexity: 784.2682
2025-11-20 14:34:32,152 - INFO -   Batch 160/165 | Batch Energy: 1.3501 | Perplexity: 811.4277
2025-11-20 14:34:32,654 - INFO - Epoch 4/20 | Train Energy: 1.3499 | Train Perplexity: 819.3890 | Val Energy: 1.3585 | Val Perplexity: 1245.1767
2025-11-20 14:34:32,654 - INFO - Epoch 5/20
2025-11-20 14:34:33,237 - INFO -   Batch 10/165 | Batch Energy: 1.3502 | Perplexity: 839.0740
2025-11-20 14:34:33,829 - INFO -   Batch 20/165 | Batch Energy: 1.3488 | Perplexity: 861.8509
2025-11-20 14:34:34,416 - INFO -   Batch 30/165 | Batch Energy: 1.3496 | Perplexity: 797.0138
2025-11-20 14:34:35,016 - INFO -   Batch 40/165 | Batch Energy: 1.3481 | Perplexity: 839.8113
2025-11-20 14:34:35,605 - INFO -   Batch 50/165 | Batch Energy: 1.3486 | Perplexity: 826.5768
2025-11-20 14:34:36,193 - INFO -   Batch 60/165 | Batch Energy: 1.3490 | Perplexity: 872.0767
2025-11-20 14:34:36,779 - INFO -   Batch 70/165 | Batch Energy: 1.3497 | Perplexity: 824.4299
2025-11-20 14:34:37,370 - INFO -   Batch 80/165 | Batch Energy: 1.3505 | Perplexity: 856.0501
2025-11-20 14:34:37,965 - INFO -   Batch 90/165 | Batch Energy: 1.3501 | Perplexity: 811.0703
2025-11-20 14:34:38,565 - INFO -   Batch 100/165 | Batch Energy: 1.3479 | Perplexity: 831.0525
2025-11-20 14:34:39,153 - INFO -   Batch 110/165 | Batch Energy: 1.3500 | Perplexity: 824.1049
2025-11-20 14:34:39,739 - INFO -   Batch 120/165 | Batch Energy: 1.3488 | Perplexity: 833.6605
2025-11-20 14:34:40,337 - INFO -   Batch 130/165 | Batch Energy: 1.3502 | Perplexity: 821.8464
2025-11-20 14:34:40,940 - INFO -   Batch 140/165 | Batch Energy: 1.3500 | Perplexity: 754.6748
2025-11-20 14:34:41,543 - INFO -   Batch 150/165 | Batch Energy: 1.3497 | Perplexity: 789.0234
2025-11-20 14:34:42,137 - INFO -   Batch 160/165 | Batch Energy: 1.3480 | Perplexity: 793.3029
2025-11-20 14:34:42,643 - INFO - Epoch 5/20 | Train Energy: 1.3493 | Train Perplexity: 818.6666 | Val Energy: 1.3584 | Val Perplexity: 1248.6452
2025-11-20 14:34:42,682 - INFO - Saved checkpoint to checkpoints/model_epoch_5.pt
2025-11-20 14:34:42,682 - INFO - Epoch 6/20
2025-11-20 14:34:43,278 - INFO -   Batch 10/165 | Batch Energy: 1.3513 | Perplexity: 849.7229
2025-11-20 14:34:43,877 - INFO -   Batch 20/165 | Batch Energy: 1.3504 | Perplexity: 831.2225
2025-11-20 14:34:44,474 - INFO -   Batch 30/165 | Batch Energy: 1.3488 | Perplexity: 887.5379
2025-11-20 14:34:45,070 - INFO -   Batch 40/165 | Batch Energy: 1.3472 | Perplexity: 755.1334
2025-11-20 14:34:45,662 - INFO -   Batch 50/165 | Batch Energy: 1.3499 | Perplexity: 886.5418
2025-11-20 14:34:46,263 - INFO -   Batch 60/165 | Batch Energy: 1.3489 | Perplexity: 809.4545
2025-11-20 14:34:46,862 - INFO -   Batch 70/165 | Batch Energy: 1.3495 | Perplexity: 848.5300
2025-11-20 14:34:47,455 - INFO -   Batch 80/165 | Batch Energy: 1.3502 | Perplexity: 777.9665
2025-11-20 14:34:48,056 - INFO -   Batch 90/165 | Batch Energy: 1.3505 | Perplexity: 796.3368
2025-11-20 14:34:48,649 - INFO -   Batch 100/165 | Batch Energy: 1.3492 | Perplexity: 806.2492
2025-11-20 14:34:49,246 - INFO -   Batch 110/165 | Batch Energy: 1.3494 | Perplexity: 801.7430
2025-11-20 14:34:49,840 - INFO -   Batch 120/165 | Batch Energy: 1.3498 | Perplexity: 848.8728
2025-11-20 14:34:50,447 - INFO -   Batch 130/165 | Batch Energy: 1.3489 | Perplexity: 800.8905
2025-11-20 14:34:51,056 - INFO -   Batch 140/165 | Batch Energy: 1.3482 | Perplexity: 834.5682
2025-11-20 14:34:51,652 - INFO -   Batch 150/165 | Batch Energy: 1.3503 | Perplexity: 822.8389
2025-11-20 14:34:52,246 - INFO -   Batch 160/165 | Batch Energy: 1.3491 | Perplexity: 821.6227
2025-11-20 14:34:52,752 - INFO - Epoch 6/20 | Train Energy: 1.3493 | Train Perplexity: 820.0991 | Val Energy: 1.3586 | Val Perplexity: 1254.2917
2025-11-20 14:34:52,752 - INFO - Epoch 7/20
2025-11-20 14:34:53,353 - INFO -   Batch 10/165 | Batch Energy: 1.3498 | Perplexity: 833.0871
2025-11-20 14:34:53,957 - INFO -   Batch 20/165 | Batch Energy: 1.3495 | Perplexity: 848.1275
2025-11-20 14:34:54,568 - INFO -   Batch 30/165 | Batch Energy: 1.3511 | Perplexity: 865.3487
2025-11-20 14:34:55,159 - INFO -   Batch 40/165 | Batch Energy: 1.3504 | Perplexity: 832.8730
2025-11-20 14:34:55,744 - INFO -   Batch 50/165 | Batch Energy: 1.3483 | Perplexity: 825.4286
2025-11-20 14:34:56,331 - INFO -   Batch 60/165 | Batch Energy: 1.3484 | Perplexity: 823.9850
2025-11-20 14:34:56,922 - INFO -   Batch 70/165 | Batch Energy: 1.3494 | Perplexity: 876.4167
2025-11-20 14:34:57,519 - INFO -   Batch 80/165 | Batch Energy: 1.3494 | Perplexity: 829.9654
2025-11-20 14:34:58,115 - INFO -   Batch 90/165 | Batch Energy: 1.3507 | Perplexity: 818.1944
2025-11-20 14:34:58,704 - INFO -   Batch 100/165 | Batch Energy: 1.3492 | Perplexity: 741.5731
2025-11-20 14:34:59,297 - INFO -   Batch 110/165 | Batch Energy: 1.3476 | Perplexity: 870.7620
2025-11-20 14:34:59,893 - INFO -   Batch 120/165 | Batch Energy: 1.3487 | Perplexity: 804.1919
2025-11-20 14:35:00,497 - INFO -   Batch 130/165 | Batch Energy: 1.3511 | Perplexity: 816.2393
2025-11-20 14:35:01,107 - INFO -   Batch 140/165 | Batch Energy: 1.3485 | Perplexity: 820.0367
2025-11-20 14:35:01,698 - INFO -   Batch 150/165 | Batch Energy: 1.3490 | Perplexity: 802.5267
2025-11-20 14:35:02,287 - INFO -   Batch 160/165 | Batch Energy: 1.3492 | Perplexity: 797.9237
2025-11-20 14:35:02,791 - INFO - Epoch 7/20 | Train Energy: 1.3491 | Train Perplexity: 819.7914 | Val Energy: 1.3588 | Val Perplexity: 1258.0445
2025-11-20 14:35:02,791 - INFO - Epoch 8/20
2025-11-20 14:35:03,378 - INFO -   Batch 10/165 | Batch Energy: 1.3502 | Perplexity: 804.0155
2025-11-20 14:35:03,976 - INFO -   Batch 20/165 | Batch Energy: 1.3485 | Perplexity: 811.8933
2025-11-20 14:35:04,581 - INFO -   Batch 30/165 | Batch Energy: 1.3506 | Perplexity: 785.6606
2025-11-20 14:35:05,172 - INFO -   Batch 40/165 | Batch Energy: 1.3481 | Perplexity: 778.4036
2025-11-20 14:35:05,762 - INFO -   Batch 50/165 | Batch Energy: 1.3494 | Perplexity: 806.8849
2025-11-20 14:35:06,352 - INFO -   Batch 60/165 | Batch Energy: 1.3501 | Perplexity: 858.5863
2025-11-20 14:35:06,942 - INFO -   Batch 70/165 | Batch Energy: 1.3485 | Perplexity: 815.9043
2025-11-20 14:35:07,552 - INFO -   Batch 80/165 | Batch Energy: 1.3483 | Perplexity: 845.1538
2025-11-20 14:35:08,148 - INFO -   Batch 90/165 | Batch Energy: 1.3501 | Perplexity: 806.6399
2025-11-20 14:35:08,737 - INFO -   Batch 100/165 | Batch Energy: 1.3493 | Perplexity: 801.4502
2025-11-20 14:35:09,337 - INFO -   Batch 110/165 | Batch Energy: 1.3487 | Perplexity: 850.7429
2025-11-20 14:35:09,934 - INFO -   Batch 120/165 | Batch Energy: 1.3492 | Perplexity: 803.0622
2025-11-20 14:35:10,547 - INFO -   Batch 130/165 | Batch Energy: 1.3497 | Perplexity: 832.6717
2025-11-20 14:35:11,155 - INFO -   Batch 140/165 | Batch Energy: 1.3484 | Perplexity: 794.4901
2025-11-20 14:35:11,748 - INFO -   Batch 150/165 | Batch Energy: 1.3486 | Perplexity: 776.0713
2025-11-20 14:35:12,332 - INFO -   Batch 160/165 | Batch Energy: 1.3495 | Perplexity: 839.3569
2025-11-20 14:35:12,836 - INFO - Epoch 8/20 | Train Energy: 1.3491 | Train Perplexity: 821.1802 | Val Energy: 1.3582 | Val Perplexity: 1259.6054
2025-11-20 14:35:12,836 - INFO - Epoch 9/20
2025-11-20 14:35:13,423 - INFO -   Batch 10/165 | Batch Energy: 1.3488 | Perplexity: 799.9707
2025-11-20 14:35:14,033 - INFO -   Batch 20/165 | Batch Energy: 1.3486 | Perplexity: 833.8816
2025-11-20 14:35:14,625 - INFO -   Batch 30/165 | Batch Energy: 1.3492 | Perplexity: 815.0041
2025-11-20 14:35:15,218 - INFO -   Batch 40/165 | Batch Energy: 1.3480 | Perplexity: 831.5670
2025-11-20 14:35:15,807 - INFO -   Batch 50/165 | Batch Energy: 1.3479 | Perplexity: 848.6012
2025-11-20 14:35:16,398 - INFO -   Batch 60/165 | Batch Energy: 1.3490 | Perplexity: 843.0741
2025-11-20 14:35:16,993 - INFO -   Batch 70/165 | Batch Energy: 1.3497 | Perplexity: 826.7711
2025-11-20 14:35:17,592 - INFO -   Batch 80/165 | Batch Energy: 1.3487 | Perplexity: 901.6143
2025-11-20 14:35:18,184 - INFO -   Batch 90/165 | Batch Energy: 1.3488 | Perplexity: 817.3084
2025-11-20 14:35:18,778 - INFO -   Batch 100/165 | Batch Energy: 1.3495 | Perplexity: 861.3407
2025-11-20 14:35:19,371 - INFO -   Batch 110/165 | Batch Energy: 1.3498 | Perplexity: 864.6434
2025-11-20 14:35:19,964 - INFO -   Batch 120/165 | Batch Energy: 1.3492 | Perplexity: 839.9715
2025-11-20 14:35:20,582 - INFO -   Batch 130/165 | Batch Energy: 1.3491 | Perplexity: 834.3982
2025-11-20 14:35:21,170 - INFO -   Batch 140/165 | Batch Energy: 1.3482 | Perplexity: 805.9736
2025-11-20 14:35:21,757 - INFO -   Batch 150/165 | Batch Energy: 1.3485 | Perplexity: 809.3847
2025-11-20 14:35:22,341 - INFO -   Batch 160/165 | Batch Energy: 1.3491 | Perplexity: 845.6404
2025-11-20 14:35:22,841 - INFO - Epoch 9/20 | Train Energy: 1.3491 | Train Perplexity: 822.3298 | Val Energy: 1.3584 | Val Perplexity: 1235.9975
2025-11-20 14:35:22,841 - INFO - Epoch 10/20
2025-11-20 14:35:23,440 - INFO -   Batch 10/165 | Batch Energy: 1.3494 | Perplexity: 771.6337
2025-11-20 14:35:24,034 - INFO -   Batch 20/165 | Batch Energy: 1.3478 | Perplexity: 802.4280
2025-11-20 14:35:24,619 - INFO -   Batch 30/165 | Batch Energy: 1.3497 | Perplexity: 869.5678
2025-11-20 14:35:25,209 - INFO -   Batch 40/165 | Batch Energy: 1.3480 | Perplexity: 809.8858
2025-11-20 14:35:25,799 - INFO -   Batch 50/165 | Batch Energy: 1.3483 | Perplexity: 780.9037
2025-11-20 14:35:26,387 - INFO -   Batch 60/165 | Batch Energy: 1.3503 | Perplexity: 808.8160
2025-11-20 14:35:26,981 - INFO -   Batch 70/165 | Batch Energy: 1.3480 | Perplexity: 761.4361
2025-11-20 14:35:27,565 - INFO -   Batch 80/165 | Batch Energy: 1.3492 | Perplexity: 854.1891
2025-11-20 14:35:28,152 - INFO -   Batch 90/165 | Batch Energy: 1.3496 | Perplexity: 772.0408
2025-11-20 14:35:28,741 - INFO -   Batch 100/165 | Batch Energy: 1.3476 | Perplexity: 875.8912
2025-11-20 14:35:29,328 - INFO -   Batch 110/165 | Batch Energy: 1.3492 | Perplexity: 840.0231
2025-11-20 14:35:29,925 - INFO -   Batch 120/165 | Batch Energy: 1.3466 | Perplexity: 790.5720
2025-11-20 14:35:30,529 - INFO -   Batch 130/165 | Batch Energy: 1.3499 | Perplexity: 829.3977
2025-11-20 14:35:31,118 - INFO -   Batch 140/165 | Batch Energy: 1.3512 | Perplexity: 830.4223
2025-11-20 14:35:31,706 - INFO -   Batch 150/165 | Batch Energy: 1.3498 | Perplexity: 848.2841
2025-11-20 14:35:32,293 - INFO -   Batch 160/165 | Batch Energy: 1.3487 | Perplexity: 799.0283
2025-11-20 14:35:32,796 - INFO - Epoch 10/20 | Train Energy: 1.3490 | Train Perplexity: 816.6783 | Val Energy: 1.3584 | Val Perplexity: 1244.4808
2025-11-20 14:35:32,833 - INFO - Saved checkpoint to checkpoints/model_epoch_10.pt
2025-11-20 14:35:32,834 - INFO - Epoch 11/20
2025-11-20 14:35:33,436 - INFO -   Batch 10/165 | Batch Energy: 1.3502 | Perplexity: 805.6350
2025-11-20 14:35:34,028 - INFO -   Batch 20/165 | Batch Energy: 1.3492 | Perplexity: 820.2722
2025-11-20 14:35:34,619 - INFO -   Batch 30/165 | Batch Energy: 1.3489 | Perplexity: 833.7786
2025-11-20 14:35:35,207 - INFO -   Batch 40/165 | Batch Energy: 1.3494 | Perplexity: 773.2581
2025-11-20 14:35:35,796 - INFO -   Batch 50/165 | Batch Energy: 1.3514 | Perplexity: 856.5450
2025-11-20 14:35:36,387 - INFO -   Batch 60/165 | Batch Energy: 1.3482 | Perplexity: 836.4693
2025-11-20 14:35:36,978 - INFO -   Batch 70/165 | Batch Energy: 1.3479 | Perplexity: 840.9670
2025-11-20 14:35:37,566 - INFO -   Batch 80/165 | Batch Energy: 1.3484 | Perplexity: 801.4017
2025-11-20 14:35:38,159 - INFO -   Batch 90/165 | Batch Energy: 1.3490 | Perplexity: 796.1591
2025-11-20 14:35:38,749 - INFO -   Batch 100/165 | Batch Energy: 1.3492 | Perplexity: 816.9550
2025-11-20 14:35:39,341 - INFO -   Batch 110/165 | Batch Energy: 1.3492 | Perplexity: 830.8342
2025-11-20 14:35:39,951 - INFO -   Batch 120/165 | Batch Energy: 1.3479 | Perplexity: 802.9363
2025-11-20 14:35:40,563 - INFO -   Batch 130/165 | Batch Energy: 1.3492 | Perplexity: 879.0401
2025-11-20 14:35:41,152 - INFO -   Batch 140/165 | Batch Energy: 1.3480 | Perplexity: 811.5980
2025-11-20 14:35:41,737 - INFO -   Batch 150/165 | Batch Energy: 1.3472 | Perplexity: 821.1715
2025-11-20 14:35:42,326 - INFO -   Batch 160/165 | Batch Energy: 1.3483 | Perplexity: 818.7267
2025-11-20 14:35:42,839 - INFO - Epoch 11/20 | Train Energy: 1.3490 | Train Perplexity: 821.2593 | Val Energy: 1.3594 | Val Perplexity: 1242.0763
2025-11-20 14:35:42,839 - INFO - Epoch 12/20
2025-11-20 14:35:43,438 - INFO -   Batch 10/165 | Batch Energy: 1.3506 | Perplexity: 853.5010
2025-11-20 14:35:44,028 - INFO -   Batch 20/165 | Batch Energy: 1.3480 | Perplexity: 815.8650
2025-11-20 14:35:44,619 - INFO -   Batch 30/165 | Batch Energy: 1.3498 | Perplexity: 791.3602
2025-11-20 14:35:45,206 - INFO -   Batch 40/165 | Batch Energy: 1.3489 | Perplexity: 805.9774
2025-11-20 14:35:45,797 - INFO -   Batch 50/165 | Batch Energy: 1.3496 | Perplexity: 828.4989
2025-11-20 14:35:46,399 - INFO -   Batch 60/165 | Batch Energy: 1.3491 | Perplexity: 869.9145
2025-11-20 14:35:46,990 - INFO -   Batch 70/165 | Batch Energy: 1.3478 | Perplexity: 801.8137
2025-11-20 14:35:47,584 - INFO -   Batch 80/165 | Batch Energy: 1.3485 | Perplexity: 772.8769
2025-11-20 14:35:48,176 - INFO -   Batch 90/165 | Batch Energy: 1.3494 | Perplexity: 806.9030
2025-11-20 14:35:48,765 - INFO -   Batch 100/165 | Batch Energy: 1.3509 | Perplexity: 793.8781
2025-11-20 14:35:49,369 - INFO -   Batch 110/165 | Batch Energy: 1.3498 | Perplexity: 829.0628
2025-11-20 14:35:49,971 - INFO -   Batch 120/165 | Batch Energy: 1.3492 | Perplexity: 852.4866
2025-11-20 14:35:50,576 - INFO -   Batch 130/165 | Batch Energy: 1.3475 | Perplexity: 851.9478
2025-11-20 14:35:51,172 - INFO -   Batch 140/165 | Batch Energy: 1.3500 | Perplexity: 848.6996
2025-11-20 14:35:51,764 - INFO -   Batch 150/165 | Batch Energy: 1.3467 | Perplexity: 848.0349
2025-11-20 14:35:52,348 - INFO -   Batch 160/165 | Batch Energy: 1.3501 | Perplexity: 807.5851
2025-11-20 14:35:52,865 - INFO - Epoch 12/20 | Train Energy: 1.3491 | Train Perplexity: 817.7773 | Val Energy: 1.3580 | Val Perplexity: 1235.1907
2025-11-20 14:35:52,865 - INFO - Epoch 13/20
2025-11-20 14:35:53,460 - INFO -   Batch 10/165 | Batch Energy: 1.3508 | Perplexity: 838.2214
2025-11-20 14:35:54,052 - INFO -   Batch 20/165 | Batch Energy: 1.3486 | Perplexity: 810.7343
2025-11-20 14:35:54,643 - INFO -   Batch 30/165 | Batch Energy: 1.3486 | Perplexity: 792.8650
2025-11-20 14:35:55,235 - INFO -   Batch 40/165 | Batch Energy: 1.3486 | Perplexity: 865.1280
2025-11-20 14:35:55,830 - INFO -   Batch 50/165 | Batch Energy: 1.3485 | Perplexity: 761.6198
2025-11-20 14:35:56,424 - INFO -   Batch 60/165 | Batch Energy: 1.3484 | Perplexity: 875.6949
2025-11-20 14:35:57,018 - INFO -   Batch 70/165 | Batch Energy: 1.3508 | Perplexity: 840.4619
2025-11-20 14:35:57,607 - INFO -   Batch 80/165 | Batch Energy: 1.3481 | Perplexity: 855.3870
2025-11-20 14:35:58,200 - INFO -   Batch 90/165 | Batch Energy: 1.3483 | Perplexity: 783.8528
2025-11-20 14:35:58,789 - INFO -   Batch 100/165 | Batch Energy: 1.3503 | Perplexity: 820.5386
2025-11-20 14:35:59,393 - INFO -   Batch 110/165 | Batch Energy: 1.3501 | Perplexity: 826.1563
2025-11-20 14:35:59,985 - INFO -   Batch 120/165 | Batch Energy: 1.3484 | Perplexity: 833.3533
2025-11-20 14:36:00,599 - INFO -   Batch 130/165 | Batch Energy: 1.3497 | Perplexity: 879.5110
2025-11-20 14:36:01,191 - INFO -   Batch 140/165 | Batch Energy: 1.3491 | Perplexity: 885.8530
2025-11-20 14:36:01,782 - INFO -   Batch 150/165 | Batch Energy: 1.3487 | Perplexity: 810.0484
2025-11-20 14:36:02,378 - INFO -   Batch 160/165 | Batch Energy: 1.3480 | Perplexity: 854.5798
2025-11-20 14:36:02,885 - INFO - Epoch 13/20 | Train Energy: 1.3493 | Train Perplexity: 821.7565 | Val Energy: 1.3584 | Val Perplexity: 1242.2341
2025-11-20 14:36:02,885 - INFO - Epoch 14/20
2025-11-20 14:36:03,479 - INFO -   Batch 10/165 | Batch Energy: 1.3491 | Perplexity: 811.9607
2025-11-20 14:36:04,074 - INFO -   Batch 20/165 | Batch Energy: 1.3480 | Perplexity: 784.8963
2025-11-20 14:36:04,665 - INFO -   Batch 30/165 | Batch Energy: 1.3505 | Perplexity: 874.9528
2025-11-20 14:36:05,258 - INFO -   Batch 40/165 | Batch Energy: 1.3495 | Perplexity: 853.1901
2025-11-20 14:36:05,862 - INFO -   Batch 50/165 | Batch Energy: 1.3494 | Perplexity: 860.6300
2025-11-20 14:36:06,454 - INFO -   Batch 60/165 | Batch Energy: 1.3489 | Perplexity: 829.5484
2025-11-20 14:36:07,045 - INFO -   Batch 70/165 | Batch Energy: 1.3480 | Perplexity: 807.3113
2025-11-20 14:36:07,629 - INFO -   Batch 80/165 | Batch Energy: 1.3490 | Perplexity: 825.1595
2025-11-20 14:36:08,218 - INFO -   Batch 90/165 | Batch Energy: 1.3491 | Perplexity: 792.6065
2025-11-20 14:36:08,810 - INFO -   Batch 100/165 | Batch Energy: 1.3486 | Perplexity: 808.4061
2025-11-20 14:36:09,410 - INFO -   Batch 110/165 | Batch Energy: 1.3486 | Perplexity: 831.7118
2025-11-20 14:36:10,000 - INFO -   Batch 120/165 | Batch Energy: 1.3484 | Perplexity: 802.8830
2025-11-20 14:36:10,607 - INFO -   Batch 130/165 | Batch Energy: 1.3481 | Perplexity: 777.7443
2025-11-20 14:36:11,195 - INFO -   Batch 140/165 | Batch Energy: 1.3482 | Perplexity: 846.9697
2025-11-20 14:36:11,788 - INFO -   Batch 150/165 | Batch Energy: 1.3508 | Perplexity: 762.3858
2025-11-20 14:36:12,391 - INFO -   Batch 160/165 | Batch Energy: 1.3496 | Perplexity: 808.6617
2025-11-20 14:36:12,900 - INFO - Epoch 14/20 | Train Energy: 1.3490 | Train Perplexity: 819.4711 | Val Energy: 1.3590 | Val Perplexity: 1206.8149
2025-11-20 14:36:12,900 - INFO - Epoch 15/20
2025-11-20 14:36:13,494 - INFO -   Batch 10/165 | Batch Energy: 1.3505 | Perplexity: 839.9494
2025-11-20 14:36:14,089 - INFO -   Batch 20/165 | Batch Energy: 1.3491 | Perplexity: 818.6873
2025-11-20 14:36:14,686 - INFO -   Batch 30/165 | Batch Energy: 1.3475 | Perplexity: 803.9055
2025-11-20 14:36:15,279 - INFO -   Batch 40/165 | Batch Energy: 1.3511 | Perplexity: 829.6536
2025-11-20 14:36:15,880 - INFO -   Batch 50/165 | Batch Energy: 1.3495 | Perplexity: 831.4651
2025-11-20 14:36:16,468 - INFO -   Batch 60/165 | Batch Energy: 1.3493 | Perplexity: 813.2646
2025-11-20 14:36:17,056 - INFO -   Batch 70/165 | Batch Energy: 1.3495 | Perplexity: 823.4226
2025-11-20 14:36:17,645 - INFO -   Batch 80/165 | Batch Energy: 1.3484 | Perplexity: 797.7719
2025-11-20 14:36:18,241 - INFO -   Batch 90/165 | Batch Energy: 1.3495 | Perplexity: 798.4585
2025-11-20 14:36:18,839 - INFO -   Batch 100/165 | Batch Energy: 1.3496 | Perplexity: 864.3586
2025-11-20 14:36:19,438 - INFO -   Batch 110/165 | Batch Energy: 1.3497 | Perplexity: 819.4469
2025-11-20 14:36:20,043 - INFO -   Batch 120/165 | Batch Energy: 1.3479 | Perplexity: 756.4658
2025-11-20 14:36:20,652 - INFO -   Batch 130/165 | Batch Energy: 1.3494 | Perplexity: 820.8935
2025-11-20 14:36:21,248 - INFO -   Batch 140/165 | Batch Energy: 1.3497 | Perplexity: 802.2646
2025-11-20 14:36:21,846 - INFO -   Batch 150/165 | Batch Energy: 1.3496 | Perplexity: 864.3491
2025-11-20 14:36:22,449 - INFO -   Batch 160/165 | Batch Energy: 1.3500 | Perplexity: 793.0280
2025-11-20 14:36:22,962 - INFO - Epoch 15/20 | Train Energy: 1.3493 | Train Perplexity: 818.0198 | Val Energy: 1.3586 | Val Perplexity: 1263.5024
2025-11-20 14:36:22,996 - INFO - Saved checkpoint to checkpoints/model_epoch_15.pt
2025-11-20 14:36:22,996 - INFO - Epoch 16/20
2025-11-20 14:36:23,598 - INFO -   Batch 10/165 | Batch Energy: 1.3491 | Perplexity: 828.5214
2025-11-20 14:36:24,193 - INFO -   Batch 20/165 | Batch Energy: 1.3496 | Perplexity: 870.4564
2025-11-20 14:36:24,788 - INFO -   Batch 30/165 | Batch Energy: 1.3496 | Perplexity: 802.2409
2025-11-20 14:36:25,394 - INFO -   Batch 40/165 | Batch Energy: 1.3497 | Perplexity: 828.0810
2025-11-20 14:36:25,995 - INFO -   Batch 50/165 | Batch Energy: 1.3484 | Perplexity: 819.9851
2025-11-20 14:36:26,595 - INFO -   Batch 60/165 | Batch Energy: 1.3484 | Perplexity: 789.4784
2025-11-20 14:36:27,188 - INFO -   Batch 70/165 | Batch Energy: 1.3489 | Perplexity: 834.3581
2025-11-20 14:36:27,782 - INFO -   Batch 80/165 | Batch Energy: 1.3496 | Perplexity: 869.7967
2025-11-20 14:36:28,379 - INFO -   Batch 90/165 | Batch Energy: 1.3501 | Perplexity: 839.6751
2025-11-20 14:36:28,977 - INFO -   Batch 100/165 | Batch Energy: 1.3488 | Perplexity: 807.1878
2025-11-20 14:36:29,574 - INFO -   Batch 110/165 | Batch Energy: 1.3481 | Perplexity: 847.7467
2025-11-20 14:36:30,173 - INFO -   Batch 120/165 | Batch Energy: 1.3505 | Perplexity: 793.2696
2025-11-20 14:36:30,779 - INFO -   Batch 130/165 | Batch Energy: 1.3503 | Perplexity: 858.3165
2025-11-20 14:36:31,375 - INFO -   Batch 140/165 | Batch Energy: 1.3485 | Perplexity: 809.4499
2025-11-20 14:36:31,978 - INFO -   Batch 150/165 | Batch Energy: 1.3503 | Perplexity: 811.7656
2025-11-20 14:36:32,571 - INFO -   Batch 160/165 | Batch Energy: 1.3478 | Perplexity: 823.3460
2025-11-20 14:36:33,077 - INFO - Epoch 16/20 | Train Energy: 1.3489 | Train Perplexity: 823.2730 | Val Energy: 1.3591 | Val Perplexity: 1259.7774
2025-11-20 14:36:33,077 - INFO - Epoch 17/20
2025-11-20 14:36:33,666 - INFO -   Batch 10/165 | Batch Energy: 1.3481 | Perplexity: 803.8656
2025-11-20 14:36:34,261 - INFO -   Batch 20/165 | Batch Energy: 1.3485 | Perplexity: 807.4318
2025-11-20 14:36:34,857 - INFO -   Batch 30/165 | Batch Energy: 1.3481 | Perplexity: 840.6566
2025-11-20 14:36:35,459 - INFO -   Batch 40/165 | Batch Energy: 1.3482 | Perplexity: 846.7884
2025-11-20 14:36:36,061 - INFO -   Batch 50/165 | Batch Energy: 1.3494 | Perplexity: 812.6943
2025-11-20 14:36:36,661 - INFO -   Batch 60/165 | Batch Energy: 1.3501 | Perplexity: 846.8126
2025-11-20 14:36:37,257 - INFO -   Batch 70/165 | Batch Energy: 1.3487 | Perplexity: 843.9899
2025-11-20 14:36:37,850 - INFO -   Batch 80/165 | Batch Energy: 1.3475 | Perplexity: 769.7008
2025-11-20 14:36:38,451 - INFO -   Batch 90/165 | Batch Energy: 1.3472 | Perplexity: 808.9726
2025-11-20 14:36:39,044 - INFO -   Batch 100/165 | Batch Energy: 1.3474 | Perplexity: 860.9231
2025-11-20 14:36:39,633 - INFO -   Batch 110/165 | Batch Energy: 1.3508 | Perplexity: 894.1659
2025-11-20 14:36:40,235 - INFO -   Batch 120/165 | Batch Energy: 1.3507 | Perplexity: 837.8465
2025-11-20 14:36:40,846 - INFO -   Batch 130/165 | Batch Energy: 1.3493 | Perplexity: 855.6257
2025-11-20 14:36:41,438 - INFO -   Batch 140/165 | Batch Energy: 1.3492 | Perplexity: 808.0173
2025-11-20 14:36:42,032 - INFO -   Batch 150/165 | Batch Energy: 1.3495 | Perplexity: 803.6388
2025-11-20 14:36:42,625 - INFO -   Batch 160/165 | Batch Energy: 1.3492 | Perplexity: 876.4339
2025-11-20 14:36:43,127 - INFO - Epoch 17/20 | Train Energy: 1.3491 | Train Perplexity: 821.2260 | Val Energy: 1.3582 | Val Perplexity: 1254.5713
2025-11-20 14:36:43,128 - INFO - Epoch 18/20
2025-11-20 14:36:43,720 - INFO -   Batch 10/165 | Batch Energy: 1.3503 | Perplexity: 847.5967
2025-11-20 14:36:44,313 - INFO -   Batch 20/165 | Batch Energy: 1.3482 | Perplexity: 874.0292
2025-11-20 14:36:44,912 - INFO -   Batch 30/165 | Batch Energy: 1.3487 | Perplexity: 763.4094
2025-11-20 14:36:45,502 - INFO -   Batch 40/165 | Batch Energy: 1.3478 | Perplexity: 797.8355
2025-11-20 14:36:46,099 - INFO -   Batch 50/165 | Batch Energy: 1.3482 | Perplexity: 858.7845
2025-11-20 14:36:46,689 - INFO -   Batch 60/165 | Batch Energy: 1.3490 | Perplexity: 819.7572
2025-11-20 14:36:47,277 - INFO -   Batch 70/165 | Batch Energy: 1.3464 | Perplexity: 799.7037
2025-11-20 14:36:47,868 - INFO -   Batch 80/165 | Batch Energy: 1.3495 | Perplexity: 829.6548
2025-11-20 14:36:48,459 - INFO -   Batch 90/165 | Batch Energy: 1.3507 | Perplexity: 810.6477
2025-11-20 14:36:49,051 - INFO -   Batch 100/165 | Batch Energy: 1.3480 | Perplexity: 783.0138
2025-11-20 14:36:49,641 - INFO -   Batch 110/165 | Batch Energy: 1.3462 | Perplexity: 807.6652
2025-11-20 14:36:50,234 - INFO -   Batch 120/165 | Batch Energy: 1.3491 | Perplexity: 793.3097
2025-11-20 14:36:50,828 - INFO -   Batch 130/165 | Batch Energy: 1.3499 | Perplexity: 841.5221
2025-11-20 14:36:51,440 - INFO -   Batch 140/165 | Batch Energy: 1.3495 | Perplexity: 828.1319
2025-11-20 14:36:52,035 - INFO -   Batch 150/165 | Batch Energy: 1.3498 | Perplexity: 825.4436
2025-11-20 14:36:52,622 - INFO -   Batch 160/165 | Batch Energy: 1.3508 | Perplexity: 830.4484
2025-11-20 14:36:53,125 - INFO - Epoch 18/20 | Train Energy: 1.3492 | Train Perplexity: 818.5234 | Val Energy: 1.3595 | Val Perplexity: 1243.7734
2025-11-20 14:36:53,126 - INFO - Epoch 19/20
2025-11-20 14:36:53,720 - INFO -   Batch 10/165 | Batch Energy: 1.3478 | Perplexity: 857.8889
2025-11-20 14:36:54,312 - INFO -   Batch 20/165 | Batch Energy: 1.3505 | Perplexity: 849.4449
2025-11-20 14:36:54,908 - INFO -   Batch 30/165 | Batch Energy: 1.3504 | Perplexity: 820.5820
2025-11-20 14:36:55,496 - INFO -   Batch 40/165 | Batch Energy: 1.3484 | Perplexity: 803.2499
2025-11-20 14:36:56,087 - INFO -   Batch 50/165 | Batch Energy: 1.3489 | Perplexity: 839.0439
2025-11-20 14:36:56,676 - INFO -   Batch 60/165 | Batch Energy: 1.3484 | Perplexity: 755.2163
2025-11-20 14:36:57,264 - INFO -   Batch 70/165 | Batch Energy: 1.3496 | Perplexity: 819.6161
2025-11-20 14:36:57,862 - INFO -   Batch 80/165 | Batch Energy: 1.3478 | Perplexity: 840.4506
2025-11-20 14:36:58,446 - INFO -   Batch 90/165 | Batch Energy: 1.3491 | Perplexity: 760.9022
2025-11-20 14:36:59,032 - INFO -   Batch 100/165 | Batch Energy: 1.3496 | Perplexity: 811.6587
2025-11-20 14:36:59,628 - INFO -   Batch 110/165 | Batch Energy: 1.3480 | Perplexity: 803.4820
2025-11-20 14:37:00,224 - INFO -   Batch 120/165 | Batch Energy: 1.3490 | Perplexity: 836.0790
2025-11-20 14:37:00,837 - INFO -   Batch 130/165 | Batch Energy: 1.3504 | Perplexity: 824.5781
2025-11-20 14:37:01,440 - INFO -   Batch 140/165 | Batch Energy: 1.3495 | Perplexity: 770.2408
2025-11-20 14:37:02,030 - INFO -   Batch 150/165 | Batch Energy: 1.3503 | Perplexity: 843.5393
2025-11-20 14:37:02,623 - INFO -   Batch 160/165 | Batch Energy: 1.3490 | Perplexity: 825.5495
2025-11-20 14:37:03,127 - INFO - Epoch 19/20 | Train Energy: 1.3495 | Train Perplexity: 818.4999 | Val Energy: 1.3587 | Val Perplexity: 1264.2590
2025-11-20 14:37:03,127 - INFO - Epoch 20/20
2025-11-20 14:37:03,710 - INFO -   Batch 10/165 | Batch Energy: 1.3504 | Perplexity: 783.4642
2025-11-20 14:37:04,313 - INFO -   Batch 20/165 | Batch Energy: 1.3498 | Perplexity: 839.5266
2025-11-20 14:37:04,913 - INFO -   Batch 30/165 | Batch Energy: 1.3496 | Perplexity: 825.9401
2025-11-20 14:37:05,506 - INFO -   Batch 40/165 | Batch Energy: 1.3496 | Perplexity: 838.2062
2025-11-20 14:37:06,114 - INFO -   Batch 50/165 | Batch Energy: 1.3496 | Perplexity: 864.6306
2025-11-20 14:37:06,707 - INFO -   Batch 60/165 | Batch Energy: 1.3483 | Perplexity: 868.6287
2025-11-20 14:37:07,301 - INFO -   Batch 70/165 | Batch Energy: 1.3481 | Perplexity: 815.5604
2025-11-20 14:37:07,911 - INFO -   Batch 80/165 | Batch Energy: 1.3481 | Perplexity: 803.4928
2025-11-20 14:37:08,511 - INFO -   Batch 90/165 | Batch Energy: 1.3490 | Perplexity: 828.2698
2025-11-20 14:37:09,115 - INFO -   Batch 100/165 | Batch Energy: 1.3498 | Perplexity: 869.4061
2025-11-20 14:37:09,717 - INFO -   Batch 110/165 | Batch Energy: 1.3490 | Perplexity: 807.8709
2025-11-20 14:37:10,315 - INFO -   Batch 120/165 | Batch Energy: 1.3504 | Perplexity: 773.7493
2025-11-20 14:37:10,918 - INFO -   Batch 130/165 | Batch Energy: 1.3498 | Perplexity: 816.4386
2025-11-20 14:37:11,515 - INFO -   Batch 140/165 | Batch Energy: 1.3494 | Perplexity: 834.1047
2025-11-20 14:37:12,101 - INFO -   Batch 150/165 | Batch Energy: 1.3501 | Perplexity: 822.1024
2025-11-20 14:37:12,680 - INFO -   Batch 160/165 | Batch Energy: 1.3487 | Perplexity: 767.1059
2025-11-20 14:37:13,175 - INFO - Epoch 20/20 | Train Energy: 1.3494 | Train Perplexity: 817.6238 | Val Energy: 1.3593 | Val Perplexity: 1244.5087
2025-11-20 14:37:13,210 - INFO - Saved checkpoint to checkpoints/model_epoch_20.pt
2025-11-20 14:37:13,452 - INFO - Training completed in 201.37 seconds
2025-11-20 14:37:13,452 - INFO - Final model saved to: checkpoints/final_model.pt
2025-11-20 14:37:13,452 - INFO - ========== Training completed ==========
2025-11-21 10:49:31,521 - INFO - 
########################################################################################################################
2025-11-21 10:49:31,521 - INFO - Using device: cuda:0 (local rank 0)
2025-11-21 10:49:31,521 - INFO - Saving the hyperparameters configurations:
2025-11-21 10:49:31,522 - INFO - {
      "vocab_size": 1024,
      "block_size": 112,
      "lr": 0.0009625830751732409,
      "peak_learning_rate": 0.009625830751732409,
      "warmup_steps": 112,
      "n_embed": 448,
      "dropout": 0.045380500201275084,
      "T": 2,
      "update_bias": true,
      "num_heads": 7,
      "n_blocks": 12,
      "batch_size": 8,
      "num_epochs": 20,
      "internal_energy_fn_name": "pc_e",
      "output_energy_fn_name": "pc_e",
      "combined_internal_weight": 0.8812754330348704,
      "combined_output_weight": 0.11872456696512956,
      "use_flash_attention": false,
      "alpha": 0.5
}
2025-11-21 10:49:33,214 - INFO - ========== Training started ==========
2025-11-21 10:49:33,215 - INFO - 75.89 M parameters
2025-11-21 10:49:33,215 - INFO - Epoch 1/20
2025-11-21 10:49:37,139 - INFO -   Batch 10/165 | Batch Energy: 1.5982 | Perplexity: 582.9362
2025-11-21 10:49:40,614 - INFO -   Batch 20/165 | Batch Energy: 1.5835 | Perplexity: 470.5881
2025-11-21 10:49:44,039 - INFO -   Batch 30/165 | Batch Energy: 1.5679 | Perplexity: 395.6552
2025-11-21 10:49:47,434 - INFO -   Batch 40/165 | Batch Energy: 1.5571 | Perplexity: 347.7112
2025-11-21 10:49:50,900 - INFO -   Batch 50/165 | Batch Energy: 1.5489 | Perplexity: 326.3907
2025-11-21 10:49:54,313 - INFO -   Batch 60/165 | Batch Energy: 1.5458 | Perplexity: 342.0527
2025-11-21 10:49:58,417 - INFO -   Batch 70/165 | Batch Energy: 1.5401 | Perplexity: 315.5537
2025-11-21 10:50:01,874 - INFO -   Batch 80/165 | Batch Energy: 1.5367 | Perplexity: 322.2540
2025-11-21 10:50:05,268 - INFO -   Batch 90/165 | Batch Energy: 1.5313 | Perplexity: 306.4310
2025-11-21 10:50:08,671 - INFO -   Batch 100/165 | Batch Energy: 1.5272 | Perplexity: 340.8270
2025-11-21 10:50:12,107 - INFO -   Batch 110/165 | Batch Energy: 1.5234 | Perplexity: 342.1298
2025-11-21 10:50:16,214 - INFO -   Batch 120/165 | Batch Energy: 1.5237 | Perplexity: 312.8221
2025-11-21 10:50:19,621 - INFO -   Batch 130/165 | Batch Energy: 1.5227 | Perplexity: 348.9866
2025-11-21 10:50:23,063 - INFO -   Batch 140/165 | Batch Energy: 1.5237 | Perplexity: 336.4126
2025-11-21 10:50:26,493 - INFO -   Batch 150/165 | Batch Energy: 1.5230 | Perplexity: 375.3016
2025-11-21 10:50:29,908 - INFO -   Batch 160/165 | Batch Energy: 1.5229 | Perplexity: 291.6431
2025-11-21 10:50:32,935 - INFO - Epoch 1/20 | Train Energy: 1.5442 | Train Perplexity: 367.9575 | Val Energy: 1.5232 | Val Perplexity: 2140.3027
2025-11-21 10:50:32,935 - INFO - Epoch 2/20
2025-11-21 10:50:36,236 - INFO -   Batch 10/165 | Batch Energy: 1.5223 | Perplexity: 334.8953
2025-11-21 10:50:39,603 - INFO -   Batch 20/165 | Batch Energy: 1.5234 | Perplexity: 362.4673
2025-11-21 10:50:43,042 - INFO -   Batch 30/165 | Batch Energy: 1.5220 | Perplexity: 371.2403
2025-11-21 10:50:46,437 - INFO -   Batch 40/165 | Batch Energy: 1.5215 | Perplexity: 339.4473
2025-11-21 10:50:50,614 - INFO -   Batch 50/165 | Batch Energy: 1.5217 | Perplexity: 353.2861
2025-11-21 10:50:54,011 - INFO -   Batch 60/165 | Batch Energy: 1.5222 | Perplexity: 373.5101
2025-11-21 10:50:57,418 - INFO -   Batch 70/165 | Batch Energy: 1.5220 | Perplexity: 326.7039
2025-11-21 10:51:00,888 - INFO -   Batch 80/165 | Batch Energy: 1.5216 | Perplexity: 378.6638
2025-11-21 10:51:04,296 - INFO -   Batch 90/165 | Batch Energy: 1.5215 | Perplexity: 358.9250
2025-11-21 10:51:07,711 - INFO -   Batch 100/165 | Batch Energy: 1.5216 | Perplexity: 354.3664
2025-11-21 10:51:11,867 - INFO -   Batch 110/165 | Batch Energy: 1.5214 | Perplexity: 360.8575
2025-11-21 10:51:15,241 - INFO -   Batch 120/165 | Batch Energy: 1.5219 | Perplexity: 381.9112
2025-11-21 10:51:18,638 - INFO -   Batch 130/165 | Batch Energy: 1.5220 | Perplexity: 355.8621
2025-11-21 10:51:22,089 - INFO -   Batch 140/165 | Batch Energy: 1.5210 | Perplexity: 357.7612
2025-11-21 10:51:25,507 - INFO -   Batch 150/165 | Batch Energy: 1.5210 | Perplexity: 354.4432
2025-11-21 10:51:28,905 - INFO -   Batch 160/165 | Batch Energy: 1.5207 | Perplexity: 370.1675
2025-11-21 10:51:31,891 - INFO - Epoch 2/20 | Train Energy: 1.5219 | Train Perplexity: 351.6227 | Val Energy: 1.5221 | Val Perplexity: 2096.6592
2025-11-21 10:51:31,891 - INFO - Epoch 3/20
2025-11-21 10:51:35,146 - INFO -   Batch 10/165 | Batch Energy: 1.5206 | Perplexity: 341.2772
2025-11-21 10:51:38,566 - INFO -   Batch 20/165 | Batch Energy: 1.5222 | Perplexity: 345.4703
2025-11-21 10:51:42,015 - INFO -   Batch 30/165 | Batch Energy: 1.5225 | Perplexity: 326.1032
2025-11-21 10:51:45,435 - INFO -   Batch 40/165 | Batch Energy: 1.5214 | Perplexity: 338.9604
2025-11-21 10:51:49,545 - INFO -   Batch 50/165 | Batch Energy: 1.5216 | Perplexity: 358.8158
2025-11-21 10:51:52,982 - INFO -   Batch 60/165 | Batch Energy: 1.5217 | Perplexity: 327.4896
2025-11-21 10:51:56,382 - INFO -   Batch 70/165 | Batch Energy: 1.5212 | Perplexity: 380.9289
2025-11-21 10:51:59,793 - INFO -   Batch 80/165 | Batch Energy: 1.5215 | Perplexity: 309.4289
2025-11-21 10:52:03,280 - INFO -   Batch 90/165 | Batch Energy: 1.5210 | Perplexity: 349.3089
2025-11-21 10:52:06,688 - INFO -   Batch 100/165 | Batch Energy: 1.5211 | Perplexity: 387.1794
2025-11-21 10:52:10,872 - INFO -   Batch 110/165 | Batch Energy: 1.5218 | Perplexity: 343.9155
2025-11-21 10:52:14,296 - INFO -   Batch 120/165 | Batch Energy: 1.5216 | Perplexity: 336.7521
2025-11-21 10:52:17,714 - INFO -   Batch 130/165 | Batch Energy: 1.5218 | Perplexity: 351.6486
2025-11-21 10:52:21,187 - INFO -   Batch 140/165 | Batch Energy: 1.5218 | Perplexity: 325.5692
2025-11-21 10:52:24,614 - INFO -   Batch 150/165 | Batch Energy: 1.5217 | Perplexity: 380.8684
2025-11-21 10:52:28,718 - INFO -   Batch 160/165 | Batch Energy: 1.5236 | Perplexity: 337.1605
2025-11-21 10:52:30,974 - INFO - Epoch 3/20 | Train Energy: 1.5217 | Train Perplexity: 347.5875 | Val Energy: 1.5227 | Val Perplexity: 2076.6368
2025-11-21 10:52:30,974 - INFO - Epoch 4/20
2025-11-21 10:52:34,251 - INFO -   Batch 10/165 | Batch Energy: 1.5214 | Perplexity: 365.4999
2025-11-21 10:52:37,638 - INFO -   Batch 20/165 | Batch Energy: 1.5216 | Perplexity: 351.9866
2025-11-21 10:52:41,104 - INFO -   Batch 30/165 | Batch Energy: 1.5222 | Perplexity: 324.4556
2025-11-21 10:52:44,490 - INFO -   Batch 40/165 | Batch Energy: 1.5224 | Perplexity: 321.0332
2025-11-21 10:52:48,606 - INFO -   Batch 50/165 | Batch Energy: 1.5216 | Perplexity: 314.2612
2025-11-21 10:52:52,068 - INFO -   Batch 60/165 | Batch Energy: 1.5225 | Perplexity: 338.4711
2025-11-21 10:52:55,496 - INFO -   Batch 70/165 | Batch Energy: 1.5210 | Perplexity: 371.9037
2025-11-21 10:52:58,903 - INFO -   Batch 80/165 | Batch Energy: 1.5222 | Perplexity: 324.9240
2025-11-21 10:53:02,380 - INFO -   Batch 90/165 | Batch Energy: 1.5227 | Perplexity: 345.3498
2025-11-21 10:53:06,504 - INFO -   Batch 100/165 | Batch Energy: 1.5224 | Perplexity: 329.5102
2025-11-21 10:53:09,933 - INFO -   Batch 110/165 | Batch Energy: 1.5215 | Perplexity: 306.5949
2025-11-21 10:53:13,396 - INFO -   Batch 120/165 | Batch Energy: 1.5232 | Perplexity: 310.9642
2025-11-21 10:53:16,805 - INFO -   Batch 130/165 | Batch Energy: 1.5226 | Perplexity: 369.4111
2025-11-21 10:53:20,269 - INFO -   Batch 140/165 | Batch Energy: 1.5227 | Perplexity: 348.9955
2025-11-21 10:53:23,704 - INFO -   Batch 150/165 | Batch Energy: 1.5222 | Perplexity: 343.2588
2025-11-21 10:53:27,830 - INFO -   Batch 160/165 | Batch Energy: 1.5237 | Perplexity: 333.5019
2025-11-21 10:53:30,076 - INFO - Epoch 4/20 | Train Energy: 1.5225 | Train Perplexity: 343.3985 | Val Energy: 1.5237 | Val Perplexity: 2041.3834
2025-11-21 10:53:30,077 - INFO - Epoch 5/20
2025-11-21 10:53:33,354 - INFO -   Batch 10/165 | Batch Energy: 1.5228 | Perplexity: 351.2995
2025-11-21 10:53:36,800 - INFO -   Batch 20/165 | Batch Energy: 1.5230 | Perplexity: 359.8617
2025-11-21 10:53:40,254 - INFO -   Batch 30/165 | Batch Energy: 1.5236 | Perplexity: 331.2757
2025-11-21 10:53:44,418 - INFO -   Batch 40/165 | Batch Energy: 1.5225 | Perplexity: 349.2268
2025-11-21 10:53:47,820 - INFO -   Batch 50/165 | Batch Energy: 1.5238 | Perplexity: 387.2150
2025-11-21 10:53:51,296 - INFO -   Batch 60/165 | Batch Energy: 1.5229 | Perplexity: 360.5147
2025-11-21 10:53:54,720 - INFO -   Batch 70/165 | Batch Energy: 1.5235 | Perplexity: 340.2155
2025-11-21 10:53:58,135 - INFO -   Batch 80/165 | Batch Energy: 1.5231 | Perplexity: 345.1371
2025-11-21 10:54:01,594 - INFO -   Batch 90/165 | Batch Energy: 1.5225 | Perplexity: 334.1633
2025-11-21 10:54:05,699 - INFO -   Batch 100/165 | Batch Energy: 1.5231 | Perplexity: 352.5033
2025-11-21 10:54:09,095 - INFO -   Batch 110/165 | Batch Energy: 1.5244 | Perplexity: 313.4973
2025-11-21 10:54:12,579 - INFO -   Batch 120/165 | Batch Energy: 1.5227 | Perplexity: 377.4459
2025-11-21 10:54:15,999 - INFO -   Batch 130/165 | Batch Energy: 1.5236 | Perplexity: 354.1008
2025-11-21 10:54:19,436 - INFO -   Batch 140/165 | Batch Energy: 1.5230 | Perplexity: 342.8095
2025-11-21 10:54:22,911 - INFO -   Batch 150/165 | Batch Energy: 1.5238 | Perplexity: 280.3430
2025-11-21 10:54:26,982 - INFO -   Batch 160/165 | Batch Energy: 1.5251 | Perplexity: 357.4520
2025-11-21 10:54:29,251 - INFO - Epoch 5/20 | Train Energy: 1.5236 | Train Perplexity: 337.4044 | Val Energy: 1.5246 | Val Perplexity: 2033.2691
2025-11-21 10:54:30,031 - INFO - Saved checkpoint to checkpoints/model_epoch_5.pt
2025-11-21 10:54:30,031 - INFO - Epoch 6/20
2025-11-21 10:54:33,307 - INFO -   Batch 10/165 | Batch Energy: 1.5257 | Perplexity: 344.0451
2025-11-21 10:54:36,708 - INFO -   Batch 20/165 | Batch Energy: 1.5309 | Perplexity: 325.3147
2025-11-21 10:54:40,845 - INFO -   Batch 30/165 | Batch Energy: 1.5391 | Perplexity: 299.1516
2025-11-21 10:54:44,252 - INFO -   Batch 40/165 | Batch Energy: 1.5478 | Perplexity: 379.5703
2025-11-21 10:54:47,663 - INFO -   Batch 50/165 | Batch Energy: 1.5278 | Perplexity: 328.0244
2025-11-21 10:54:51,078 - INFO -   Batch 60/165 | Batch Energy: 1.5275 | Perplexity: 305.3042
2025-11-21 10:54:54,459 - INFO -   Batch 70/165 | Batch Energy: 1.5306 | Perplexity: 323.3529
2025-11-21 10:54:58,589 - INFO -   Batch 80/165 | Batch Energy: 1.5341 | Perplexity: 348.8729
2025-11-21 10:55:02,015 - INFO -   Batch 90/165 | Batch Energy: 1.5314 | Perplexity: 346.0675
2025-11-21 10:55:05,394 - INFO -   Batch 100/165 | Batch Energy: 1.5315 | Perplexity: 331.6341
2025-11-21 10:55:08,804 - INFO -   Batch 110/165 | Batch Energy: 1.5313 | Perplexity: 344.8781
2025-11-21 10:55:12,291 - INFO -   Batch 120/165 | Batch Energy: 1.5341 | Perplexity: 365.2776
2025-11-21 10:55:16,326 - INFO -   Batch 130/165 | Batch Energy: 1.5312 | Perplexity: 329.0383
2025-11-21 10:55:19,741 - INFO -   Batch 140/165 | Batch Energy: 1.5323 | Perplexity: 382.9079
2025-11-21 10:55:23,195 - INFO -   Batch 150/165 | Batch Energy: 1.5337 | Perplexity: 316.9023
2025-11-21 10:55:26,586 - INFO -   Batch 160/165 | Batch Energy: 1.5360 | Perplexity: 333.7088
2025-11-21 10:55:29,504 - INFO - Epoch 6/20 | Train Energy: 1.5331 | Train Perplexity: 333.4402 | Val Energy: 1.5331 | Val Perplexity: 2003.3841
2025-11-21 10:55:29,505 - INFO - Epoch 7/20
2025-11-21 10:55:32,847 - INFO -   Batch 10/165 | Batch Energy: 1.5330 | Perplexity: 321.6591
2025-11-21 10:55:36,270 - INFO -   Batch 20/165 | Batch Energy: 1.5331 | Perplexity: 311.9449
2025-11-21 10:55:39,689 - INFO -   Batch 30/165 | Batch Energy: 1.5377 | Perplexity: 370.1557
2025-11-21 10:55:43,123 - INFO -   Batch 40/165 | Batch Energy: 1.5386 | Perplexity: 319.0155
2025-11-21 10:55:47,123 - INFO -   Batch 50/165 | Batch Energy: 1.5382 | Perplexity: 313.9325
2025-11-21 10:55:50,556 - INFO -   Batch 60/165 | Batch Energy: 1.5363 | Perplexity: 299.8806
2025-11-21 10:55:53,934 - INFO -   Batch 70/165 | Batch Energy: 1.5349 | Perplexity: 349.6767
2025-11-21 10:55:57,269 - INFO -   Batch 80/165 | Batch Energy: 1.5358 | Perplexity: 335.5843
2025-11-21 10:56:00,689 - INFO -   Batch 90/165 | Batch Energy: 1.5379 | Perplexity: 349.6495
2025-11-21 10:56:04,762 - INFO -   Batch 100/165 | Batch Energy: 1.5363 | Perplexity: 333.7211
2025-11-21 10:56:08,107 - INFO -   Batch 110/165 | Batch Energy: 1.5381 | Perplexity: 355.5091
2025-11-21 10:56:11,532 - INFO -   Batch 120/165 | Batch Energy: 1.5342 | Perplexity: 313.2079
2025-11-21 10:56:14,930 - INFO -   Batch 130/165 | Batch Energy: 1.5388 | Perplexity: 300.4295
2025-11-21 10:56:18,974 - INFO -   Batch 140/165 | Batch Energy: 1.5387 | Perplexity: 319.5788
2025-11-21 10:56:22,363 - INFO -   Batch 150/165 | Batch Energy: 1.5367 | Perplexity: 332.4256
2025-11-21 10:56:25,779 - INFO -   Batch 160/165 | Batch Energy: 1.5380 | Perplexity: 348.7586
2025-11-21 10:56:28,719 - INFO - Epoch 7/20 | Train Energy: 1.5357 | Train Perplexity: 328.6557 | Val Energy: 1.5361 | Val Perplexity: 1943.8136
2025-11-21 10:56:28,719 - INFO - Epoch 8/20
2025-11-21 10:56:32,130 - INFO -   Batch 10/165 | Batch Energy: 1.5368 | Perplexity: 325.1067
2025-11-21 10:56:35,520 - INFO -   Batch 20/165 | Batch Energy: 1.5356 | Perplexity: 340.9626
2025-11-21 10:56:38,923 - INFO -   Batch 30/165 | Batch Energy: 1.5402 | Perplexity: 349.8973
2025-11-21 10:56:42,378 - INFO -   Batch 40/165 | Batch Energy: 1.5390 | Perplexity: 297.9987
2025-11-21 10:56:46,400 - INFO -   Batch 50/165 | Batch Energy: 1.5376 | Perplexity: 313.1176
2025-11-21 10:56:49,790 - INFO -   Batch 60/165 | Batch Energy: 1.5393 | Perplexity: 330.1905
2025-11-21 10:56:53,255 - INFO -   Batch 70/165 | Batch Energy: 1.5386 | Perplexity: 337.0912
2025-11-21 10:56:56,622 - INFO -   Batch 80/165 | Batch Energy: 1.5410 | Perplexity: 317.2873
2025-11-21 10:56:59,983 - INFO -   Batch 90/165 | Batch Energy: 1.5405 | Perplexity: 309.9051
2025-11-21 10:57:04,125 - INFO -   Batch 100/165 | Batch Energy: 1.5410 | Perplexity: 323.5842
2025-11-21 10:57:07,478 - INFO -   Batch 110/165 | Batch Energy: 1.5383 | Perplexity: 328.5388
2025-11-21 10:57:10,895 - INFO -   Batch 120/165 | Batch Energy: 1.5425 | Perplexity: 299.5065
2025-11-21 10:57:14,301 - INFO -   Batch 130/165 | Batch Energy: 1.5391 | Perplexity: 330.9559
2025-11-21 10:57:18,348 - INFO -   Batch 140/165 | Batch Energy: 1.5399 | Perplexity: 303.1147
2025-11-21 10:57:21,768 - INFO -   Batch 150/165 | Batch Energy: 1.5402 | Perplexity: 320.7350
2025-11-21 10:57:25,150 - INFO -   Batch 160/165 | Batch Energy: 1.5398 | Perplexity: 299.1920
2025-11-21 10:57:28,080 - INFO - Epoch 8/20 | Train Energy: 1.5392 | Train Perplexity: 323.5181 | Val Energy: 1.5377 | Val Perplexity: 1931.0912
2025-11-21 10:57:28,080 - INFO - Epoch 9/20
2025-11-21 10:57:31,480 - INFO -   Batch 10/165 | Batch Energy: 1.5397 | Perplexity: 374.3171
2025-11-21 10:57:34,853 - INFO -   Batch 20/165 | Batch Energy: 1.5416 | Perplexity: 344.8155
2025-11-21 10:57:38,262 - INFO -   Batch 30/165 | Batch Energy: 1.5436 | Perplexity: 292.4084
2025-11-21 10:57:41,692 - INFO -   Batch 40/165 | Batch Energy: 1.5423 | Perplexity: 303.9622
2025-11-21 10:57:45,711 - INFO -   Batch 50/165 | Batch Energy: 1.5420 | Perplexity: 350.0754
2025-11-21 10:57:49,080 - INFO -   Batch 60/165 | Batch Energy: 1.5416 | Perplexity: 279.1192
2025-11-21 10:57:52,507 - INFO -   Batch 70/165 | Batch Energy: 1.5439 | Perplexity: 314.9868
2025-11-21 10:57:55,879 - INFO -   Batch 80/165 | Batch Energy: 1.5420 | Perplexity: 325.1388
2025-11-21 10:57:59,234 - INFO -   Batch 90/165 | Batch Energy: 1.5433 | Perplexity: 321.2760
2025-11-21 10:58:03,347 - INFO -   Batch 100/165 | Batch Energy: 1.5411 | Perplexity: 342.2320
2025-11-21 10:58:06,694 - INFO -   Batch 110/165 | Batch Energy: 1.5411 | Perplexity: 329.7036
2025-11-21 10:58:10,051 - INFO -   Batch 120/165 | Batch Energy: 1.5430 | Perplexity: 319.6723
2025-11-21 10:58:13,470 - INFO -   Batch 130/165 | Batch Energy: 1.5440 | Perplexity: 316.8104
2025-11-21 10:58:17,532 - INFO -   Batch 140/165 | Batch Energy: 1.5461 | Perplexity: 293.3967
2025-11-21 10:58:20,929 - INFO -   Batch 150/165 | Batch Energy: 1.5468 | Perplexity: 326.4408
2025-11-21 10:58:24,320 - INFO -   Batch 160/165 | Batch Energy: 1.5417 | Perplexity: 322.2264
2025-11-21 10:58:27,254 - INFO - Epoch 9/20 | Train Energy: 1.5426 | Train Perplexity: 320.0035 | Val Energy: 1.5408 | Val Perplexity: 1866.2861
2025-11-21 10:58:27,254 - INFO - Epoch 10/20
2025-11-21 10:58:30,639 - INFO -   Batch 10/165 | Batch Energy: 1.5394 | Perplexity: 322.2265
2025-11-21 10:58:33,988 - INFO -   Batch 20/165 | Batch Energy: 1.5440 | Perplexity: 326.7928
2025-11-21 10:58:37,374 - INFO -   Batch 30/165 | Batch Energy: 1.5431 | Perplexity: 316.5563
2025-11-21 10:58:40,820 - INFO -   Batch 40/165 | Batch Energy: 1.5442 | Perplexity: 310.5524
2025-11-21 10:58:44,834 - INFO -   Batch 50/165 | Batch Energy: 1.5475 | Perplexity: 303.9164
2025-11-21 10:58:48,237 - INFO -   Batch 60/165 | Batch Energy: 1.5440 | Perplexity: 327.4029
2025-11-21 10:58:51,719 - INFO -   Batch 70/165 | Batch Energy: 1.5546 | Perplexity: 308.1044
2025-11-21 10:58:55,098 - INFO -   Batch 80/165 | Batch Energy: 1.5419 | Perplexity: 299.8517
2025-11-21 10:58:58,460 - INFO -   Batch 90/165 | Batch Energy: 1.5441 | Perplexity: 305.7070
2025-11-21 10:59:02,622 - INFO -   Batch 100/165 | Batch Energy: 1.5453 | Perplexity: 304.4225
2025-11-21 10:59:05,957 - INFO -   Batch 110/165 | Batch Energy: 1.5460 | Perplexity: 303.4204
2025-11-21 10:59:09,289 - INFO -   Batch 120/165 | Batch Energy: 1.5487 | Perplexity: 307.0991
2025-11-21 10:59:12,728 - INFO -   Batch 130/165 | Batch Energy: 1.5473 | Perplexity: 319.6762
2025-11-21 10:59:16,757 - INFO -   Batch 140/165 | Batch Energy: 1.5479 | Perplexity: 312.4258
2025-11-21 10:59:20,084 - INFO -   Batch 150/165 | Batch Energy: 1.5422 | Perplexity: 327.3444
2025-11-21 10:59:23,504 - INFO -   Batch 160/165 | Batch Energy: 1.5492 | Perplexity: 294.4014
2025-11-21 10:59:26,427 - INFO - Epoch 10/20 | Train Energy: 1.5456 | Train Perplexity: 315.2337 | Val Energy: 1.5441 | Val Perplexity: 1845.4394
2025-11-21 10:59:27,224 - INFO - Saved checkpoint to checkpoints/model_epoch_10.pt
2025-11-21 10:59:27,224 - INFO - Epoch 11/20
2025-11-21 10:59:30,640 - INFO -   Batch 10/165 | Batch Energy: 1.5501 | Perplexity: 313.2738
2025-11-21 10:59:33,998 - INFO -   Batch 20/165 | Batch Energy: 1.5426 | Perplexity: 312.3511
2025-11-21 10:59:37,388 - INFO -   Batch 30/165 | Batch Energy: 1.5501 | Perplexity: 304.0226
2025-11-21 10:59:40,820 - INFO -   Batch 40/165 | Batch Energy: 1.5466 | Perplexity: 330.0642
2025-11-21 10:59:44,849 - INFO -   Batch 50/165 | Batch Energy: 1.5423 | Perplexity: 344.8015
2025-11-21 10:59:48,239 - INFO -   Batch 60/165 | Batch Energy: 1.5491 | Perplexity: 329.4554
2025-11-21 10:59:51,695 - INFO -   Batch 70/165 | Batch Energy: 1.5483 | Perplexity: 303.8517
2025-11-21 10:59:55,023 - INFO -   Batch 80/165 | Batch Energy: 1.5451 | Perplexity: 294.1192
2025-11-21 10:59:58,379 - INFO -   Batch 90/165 | Batch Energy: 1.5466 | Perplexity: 293.2377
2025-11-21 11:00:02,553 - INFO -   Batch 100/165 | Batch Energy: 1.5440 | Perplexity: 304.6681
2025-11-21 11:00:05,909 - INFO -   Batch 110/165 | Batch Energy: 1.5559 | Perplexity: 316.7029
2025-11-21 11:00:09,277 - INFO -   Batch 120/165 | Batch Energy: 1.5519 | Perplexity: 304.6574
2025-11-21 11:00:12,723 - INFO -   Batch 130/165 | Batch Energy: 1.5505 | Perplexity: 313.4375
2025-11-21 11:00:16,784 - INFO -   Batch 140/165 | Batch Energy: 1.5531 | Perplexity: 319.1941
2025-11-21 11:00:20,121 - INFO -   Batch 150/165 | Batch Energy: 1.5400 | Perplexity: 311.5833
2025-11-21 11:00:23,540 - INFO -   Batch 160/165 | Batch Energy: 1.5569 | Perplexity: 334.0110
2025-11-21 11:00:26,463 - INFO - Epoch 11/20 | Train Energy: 1.5489 | Train Perplexity: 312.4355 | Val Energy: 1.5468 | Val Perplexity: 1793.0103
2025-11-21 11:00:26,463 - INFO - Epoch 12/20
2025-11-21 11:00:29,785 - INFO -   Batch 10/165 | Batch Energy: 1.5466 | Perplexity: 312.8510
2025-11-21 11:00:33,201 - INFO -   Batch 20/165 | Batch Energy: 1.5469 | Perplexity: 318.3953
2025-11-21 11:00:36,589 - INFO -   Batch 30/165 | Batch Energy: 1.5453 | Perplexity: 302.1435
2025-11-21 11:00:39,995 - INFO -   Batch 40/165 | Batch Energy: 1.5513 | Perplexity: 303.3471
2025-11-21 11:00:44,058 - INFO -   Batch 50/165 | Batch Energy: 1.5439 | Perplexity: 299.2090
2025-11-21 11:00:47,447 - INFO -   Batch 60/165 | Batch Energy: 1.5485 | Perplexity: 308.3922
2025-11-21 11:00:50,881 - INFO -   Batch 70/165 | Batch Energy: 1.5541 | Perplexity: 327.1939
2025-11-21 11:00:54,244 - INFO -   Batch 80/165 | Batch Energy: 1.5583 | Perplexity: 300.0159
2025-11-21 11:00:57,599 - INFO -   Batch 90/165 | Batch Energy: 1.5486 | Perplexity: 313.9587
2025-11-21 11:01:01,725 - INFO -   Batch 100/165 | Batch Energy: 1.5476 | Perplexity: 299.3252
2025-11-21 11:01:05,085 - INFO -   Batch 110/165 | Batch Energy: 1.5534 | Perplexity: 303.7503
2025-11-21 11:01:08,439 - INFO -   Batch 120/165 | Batch Energy: 1.5507 | Perplexity: 278.4762
2025-11-21 11:01:11,894 - INFO -   Batch 130/165 | Batch Energy: 1.5539 | Perplexity: 303.4915
2025-11-21 11:01:15,930 - INFO -   Batch 140/165 | Batch Energy: 1.5441 | Perplexity: 279.2974
2025-11-21 11:01:19,289 - INFO -   Batch 150/165 | Batch Energy: 1.5569 | Perplexity: 323.9869
2025-11-21 11:01:22,731 - INFO -   Batch 160/165 | Batch Energy: 1.5539 | Perplexity: 305.8183
2025-11-21 11:01:25,661 - INFO - Epoch 12/20 | Train Energy: 1.5512 | Train Perplexity: 307.8350 | Val Energy: 1.5495 | Val Perplexity: 1790.1770
2025-11-21 11:01:25,661 - INFO - Epoch 13/20
2025-11-21 11:01:29,015 - INFO -   Batch 10/165 | Batch Energy: 1.5479 | Perplexity: 303.6269
2025-11-21 11:01:32,420 - INFO -   Batch 20/165 | Batch Energy: 1.5590 | Perplexity: 313.6340
2025-11-21 11:01:35,816 - INFO -   Batch 30/165 | Batch Energy: 1.5570 | Perplexity: 286.4615
2025-11-21 11:01:39,194 - INFO -   Batch 40/165 | Batch Energy: 1.5555 | Perplexity: 292.4151
2025-11-21 11:01:43,267 - INFO -   Batch 50/165 | Batch Energy: 1.5501 | Perplexity: 308.0481
2025-11-21 11:01:46,649 - INFO -   Batch 60/165 | Batch Energy: 1.5511 | Perplexity: 301.9156
2025-11-21 11:01:50,037 - INFO -   Batch 70/165 | Batch Energy: 1.5524 | Perplexity: 322.3734
2025-11-21 11:01:53,454 - INFO -   Batch 80/165 | Batch Energy: 1.5472 | Perplexity: 306.4102
2025-11-21 11:01:56,823 - INFO -   Batch 90/165 | Batch Energy: 1.5477 | Perplexity: 295.6866
2025-11-21 11:02:00,963 - INFO -   Batch 100/165 | Batch Energy: 1.5533 | Perplexity: 297.3220
2025-11-21 11:02:04,306 - INFO -   Batch 110/165 | Batch Energy: 1.5533 | Perplexity: 315.4181
2025-11-21 11:02:07,666 - INFO -   Batch 120/165 | Batch Energy: 1.5609 | Perplexity: 290.6264
2025-11-21 11:02:11,133 - INFO -   Batch 130/165 | Batch Energy: 1.5611 | Perplexity: 304.2336
2025-11-21 11:02:15,217 - INFO -   Batch 140/165 | Batch Energy: 1.5550 | Perplexity: 297.6768
2025-11-21 11:02:18,572 - INFO -   Batch 150/165 | Batch Energy: 1.5525 | Perplexity: 293.4451
2025-11-21 11:02:22,021 - INFO -   Batch 160/165 | Batch Energy: 1.5576 | Perplexity: 308.5185
2025-11-21 11:02:24,998 - INFO - Epoch 13/20 | Train Energy: 1.5546 | Train Perplexity: 303.0865 | Val Energy: 1.5504 | Val Perplexity: 1794.2241
2025-11-21 11:02:24,998 - INFO - Epoch 14/20
2025-11-21 11:02:28,380 - INFO -   Batch 10/165 | Batch Energy: 1.5557 | Perplexity: 304.7999
2025-11-21 11:02:31,870 - INFO -   Batch 20/165 | Batch Energy: 1.5581 | Perplexity: 316.3618
2025-11-21 11:02:35,320 - INFO -   Batch 30/165 | Batch Energy: 1.5594 | Perplexity: 330.4707
2025-11-21 11:02:38,764 - INFO -   Batch 40/165 | Batch Energy: 1.5575 | Perplexity: 305.0395
2025-11-21 11:02:42,874 - INFO -   Batch 50/165 | Batch Energy: 1.5670 | Perplexity: 300.1752
2025-11-21 11:02:46,300 - INFO -   Batch 60/165 | Batch Energy: 1.5636 | Perplexity: 321.7782
2025-11-21 11:02:49,723 - INFO -   Batch 70/165 | Batch Energy: 1.5533 | Perplexity: 324.0578
2025-11-21 11:02:53,168 - INFO -   Batch 80/165 | Batch Energy: 1.5627 | Perplexity: 309.7382
2025-11-21 11:02:56,562 - INFO -   Batch 90/165 | Batch Energy: 1.5496 | Perplexity: 297.8632
2025-11-21 11:03:00,721 - INFO -   Batch 100/165 | Batch Energy: 1.5545 | Perplexity: 291.7333
2025-11-21 11:03:04,087 - INFO -   Batch 110/165 | Batch Energy: 1.5629 | Perplexity: 316.6973
2025-11-21 11:03:07,451 - INFO -   Batch 120/165 | Batch Energy: 1.5703 | Perplexity: 302.0596
2025-11-21 11:03:10,920 - INFO -   Batch 130/165 | Batch Energy: 1.5518 | Perplexity: 325.2281
2025-11-21 11:03:15,004 - INFO -   Batch 140/165 | Batch Energy: 1.5602 | Perplexity: 293.8411
2025-11-21 11:03:18,370 - INFO -   Batch 150/165 | Batch Energy: 1.5500 | Perplexity: 270.6785
2025-11-21 11:03:21,844 - INFO -   Batch 160/165 | Batch Energy: 1.5514 | Perplexity: 316.5610
2025-11-21 11:03:24,777 - INFO - Epoch 14/20 | Train Energy: 1.5568 | Train Perplexity: 298.4351 | Val Energy: 1.5468 | Val Perplexity: 1863.8437
2025-11-21 11:03:24,778 - INFO - Epoch 15/20
2025-11-21 11:03:28,151 - INFO -   Batch 10/165 | Batch Energy: 1.5546 | Perplexity: 286.8642
2025-11-21 11:03:31,599 - INFO -   Batch 20/165 | Batch Energy: 1.5492 | Perplexity: 301.7339
2025-11-21 11:03:35,012 - INFO -   Batch 30/165 | Batch Energy: 1.5678 | Perplexity: 284.8818
2025-11-21 11:03:38,423 - INFO -   Batch 40/165 | Batch Energy: 1.5544 | Perplexity: 293.1718
2025-11-21 11:03:42,526 - INFO -   Batch 50/165 | Batch Energy: 1.5625 | Perplexity: 276.4088
2025-11-21 11:03:45,938 - INFO -   Batch 60/165 | Batch Energy: 1.5503 | Perplexity: 300.7907
2025-11-21 11:03:49,340 - INFO -   Batch 70/165 | Batch Energy: 1.5509 | Perplexity: 285.6330
2025-11-21 11:03:52,755 - INFO -   Batch 80/165 | Batch Energy: 1.5561 | Perplexity: 279.8633
2025-11-21 11:03:56,127 - INFO -   Batch 90/165 | Batch Energy: 1.5511 | Perplexity: 316.1914
2025-11-21 11:04:00,278 - INFO -   Batch 100/165 | Batch Energy: 1.5537 | Perplexity: 329.2426
2025-11-21 11:04:03,654 - INFO -   Batch 110/165 | Batch Energy: 1.5628 | Perplexity: 298.8468
2025-11-21 11:04:07,028 - INFO -   Batch 120/165 | Batch Energy: 1.5714 | Perplexity: 294.8811
2025-11-21 11:04:10,498 - INFO -   Batch 130/165 | Batch Energy: 1.5675 | Perplexity: 308.1120
2025-11-21 11:04:14,593 - INFO -   Batch 140/165 | Batch Energy: 1.5564 | Perplexity: 284.8340
2025-11-21 11:04:17,956 - INFO -   Batch 150/165 | Batch Energy: 1.5668 | Perplexity: 290.9117
2025-11-21 11:04:21,426 - INFO -   Batch 160/165 | Batch Energy: 1.5620 | Perplexity: 280.2681
2025-11-21 11:04:24,359 - INFO - Epoch 15/20 | Train Energy: 1.5591 | Train Perplexity: 294.3509 | Val Energy: 1.5595 | Val Perplexity: 1704.4726
2025-11-21 11:04:25,226 - INFO - Saved checkpoint to checkpoints/model_epoch_15.pt
2025-11-21 11:04:25,227 - INFO - Epoch 16/20
2025-11-21 11:04:28,575 - INFO -   Batch 10/165 | Batch Energy: 1.5603 | Perplexity: 309.1363
2025-11-21 11:04:32,030 - INFO -   Batch 20/165 | Batch Energy: 1.5586 | Perplexity: 268.4399
2025-11-21 11:04:35,428 - INFO -   Batch 30/165 | Batch Energy: 1.5621 | Perplexity: 293.4165
2025-11-21 11:04:38,846 - INFO -   Batch 40/165 | Batch Energy: 1.5659 | Perplexity: 287.0636
2025-11-21 11:04:42,929 - INFO -   Batch 50/165 | Batch Energy: 1.5530 | Perplexity: 289.2390
2025-11-21 11:04:46,418 - INFO -   Batch 60/165 | Batch Energy: 1.5535 | Perplexity: 282.9259
2025-11-21 11:04:49,834 - INFO -   Batch 70/165 | Batch Energy: 1.5628 | Perplexity: 310.7757
2025-11-21 11:04:53,278 - INFO -   Batch 80/165 | Batch Energy: 1.5675 | Perplexity: 309.9874
2025-11-21 11:04:56,676 - INFO -   Batch 90/165 | Batch Energy: 1.5583 | Perplexity: 283.4273
2025-11-21 11:05:00,832 - INFO -   Batch 100/165 | Batch Energy: 1.5576 | Perplexity: 269.8698
2025-11-21 11:05:04,204 - INFO -   Batch 110/165 | Batch Energy: 1.5611 | Perplexity: 299.6076
2025-11-21 11:05:07,583 - INFO -   Batch 120/165 | Batch Energy: 1.5617 | Perplexity: 293.2952
2025-11-21 11:05:11,037 - INFO -   Batch 130/165 | Batch Energy: 1.5578 | Perplexity: 287.8667
2025-11-21 11:05:15,076 - INFO -   Batch 140/165 | Batch Energy: 1.5699 | Perplexity: 302.9792
2025-11-21 11:05:18,419 - INFO -   Batch 150/165 | Batch Energy: 1.5652 | Perplexity: 285.8471
2025-11-21 11:05:21,877 - INFO -   Batch 160/165 | Batch Energy: 1.5707 | Perplexity: 277.8133
2025-11-21 11:05:24,815 - INFO - Epoch 16/20 | Train Energy: 1.5625 | Train Perplexity: 292.0388 | Val Energy: 1.5668 | Val Perplexity: 1736.9150
2025-11-21 11:05:24,815 - INFO - Epoch 17/20
2025-11-21 11:05:28,190 - INFO -   Batch 10/165 | Batch Energy: 1.5686 | Perplexity: 280.2086
2025-11-21 11:05:31,633 - INFO -   Batch 20/165 | Batch Energy: 1.5615 | Perplexity: 284.4248
2025-11-21 11:05:35,052 - INFO -   Batch 30/165 | Batch Energy: 1.5626 | Perplexity: 251.4909
2025-11-21 11:05:38,462 - INFO -   Batch 40/165 | Batch Energy: 1.5715 | Perplexity: 304.2580
2025-11-21 11:05:42,546 - INFO -   Batch 50/165 | Batch Energy: 1.5614 | Perplexity: 277.6193
2025-11-21 11:05:45,956 - INFO -   Batch 60/165 | Batch Energy: 1.5754 | Perplexity: 315.2004
2025-11-21 11:05:49,351 - INFO -   Batch 70/165 | Batch Energy: 1.5572 | Perplexity: 266.5900
2025-11-21 11:05:52,774 - INFO -   Batch 80/165 | Batch Energy: 1.5566 | Perplexity: 318.5081
2025-11-21 11:05:56,154 - INFO -   Batch 90/165 | Batch Energy: 1.5634 | Perplexity: 289.4355
2025-11-21 11:06:00,298 - INFO -   Batch 100/165 | Batch Energy: 1.5709 | Perplexity: 296.4829
2025-11-21 11:06:03,661 - INFO -   Batch 110/165 | Batch Energy: 1.5627 | Perplexity: 286.1513
2025-11-21 11:06:07,026 - INFO -   Batch 120/165 | Batch Energy: 1.5614 | Perplexity: 249.0218
2025-11-21 11:06:10,472 - INFO -   Batch 130/165 | Batch Energy: 1.5685 | Perplexity: 330.9921
2025-11-21 11:06:14,545 - INFO -   Batch 140/165 | Batch Energy: 1.5613 | Perplexity: 270.7404
2025-11-21 11:06:17,898 - INFO -   Batch 150/165 | Batch Energy: 1.5606 | Perplexity: 299.7491
2025-11-21 11:06:21,357 - INFO -   Batch 160/165 | Batch Energy: 1.5575 | Perplexity: 277.4048
2025-11-21 11:06:24,299 - INFO - Epoch 17/20 | Train Energy: 1.5645 | Train Perplexity: 288.1439 | Val Energy: 1.5600 | Val Perplexity: 1638.3854
2025-11-21 11:06:24,299 - INFO - Epoch 18/20
2025-11-21 11:06:27,651 - INFO -   Batch 10/165 | Batch Energy: 1.5688 | Perplexity: 298.6975
2025-11-21 11:06:31,059 - INFO -   Batch 20/165 | Batch Energy: 1.5521 | Perplexity: 291.6413
2025-11-21 11:06:34,449 - INFO -   Batch 30/165 | Batch Energy: 1.5614 | Perplexity: 269.5164
2025-11-21 11:06:37,841 - INFO -   Batch 40/165 | Batch Energy: 1.5687 | Perplexity: 284.5980
2025-11-21 11:06:41,914 - INFO -   Batch 50/165 | Batch Energy: 1.5705 | Perplexity: 298.6354
2025-11-21 11:06:45,314 - INFO -   Batch 60/165 | Batch Energy: 1.5695 | Perplexity: 279.5822
2025-11-21 11:06:48,715 - INFO -   Batch 70/165 | Batch Energy: 1.5654 | Perplexity: 272.5605
2025-11-21 11:06:52,136 - INFO -   Batch 80/165 | Batch Energy: 1.5612 | Perplexity: 268.3932
2025-11-21 11:06:55,526 - INFO -   Batch 90/165 | Batch Energy: 1.5683 | Perplexity: 279.6342
2025-11-21 11:06:59,613 - INFO -   Batch 100/165 | Batch Energy: 1.5639 | Perplexity: 282.1779
2025-11-21 11:07:03,030 - INFO -   Batch 110/165 | Batch Energy: 1.5780 | Perplexity: 284.6206
2025-11-21 11:07:06,414 - INFO -   Batch 120/165 | Batch Energy: 1.5636 | Perplexity: 277.0580
2025-11-21 11:07:09,832 - INFO -   Batch 130/165 | Batch Energy: 1.5537 | Perplexity: 284.5201
2025-11-21 11:07:13,963 - INFO -   Batch 140/165 | Batch Energy: 1.5723 | Perplexity: 268.1450
2025-11-21 11:07:17,317 - INFO -   Batch 150/165 | Batch Energy: 1.5699 | Perplexity: 288.3800
2025-11-21 11:07:20,779 - INFO -   Batch 160/165 | Batch Energy: 1.5616 | Perplexity: 295.0356
2025-11-21 11:07:23,749 - INFO - Epoch 18/20 | Train Energy: 1.5666 | Train Perplexity: 285.6540 | Val Energy: 1.5601 | Val Perplexity: 1699.5065
2025-11-21 11:07:23,750 - INFO - Epoch 19/20
2025-11-21 11:07:27,113 - INFO -   Batch 10/165 | Batch Energy: 1.5585 | Perplexity: 277.5024
2025-11-21 11:07:30,540 - INFO -   Batch 20/165 | Batch Energy: 1.5636 | Perplexity: 287.2912
2025-11-21 11:07:33,960 - INFO -   Batch 30/165 | Batch Energy: 1.5562 | Perplexity: 301.0682
2025-11-21 11:07:37,360 - INFO -   Batch 40/165 | Batch Energy: 1.5690 | Perplexity: 286.2286
2025-11-21 11:07:41,429 - INFO -   Batch 50/165 | Batch Energy: 1.5812 | Perplexity: 275.6746
2025-11-21 11:07:44,837 - INFO -   Batch 60/165 | Batch Energy: 1.5652 | Perplexity: 308.6492
2025-11-21 11:07:48,219 - INFO -   Batch 70/165 | Batch Energy: 1.5696 | Perplexity: 264.4469
2025-11-21 11:07:51,649 - INFO -   Batch 80/165 | Batch Energy: 1.5700 | Perplexity: 257.0316
2025-11-21 11:07:55,032 - INFO -   Batch 90/165 | Batch Energy: 1.5605 | Perplexity: 279.2096
2025-11-21 11:07:59,138 - INFO -   Batch 100/165 | Batch Energy: 1.5882 | Perplexity: 297.0108
2025-11-21 11:08:02,558 - INFO -   Batch 110/165 | Batch Energy: 1.5648 | Perplexity: 239.1594
2025-11-21 11:08:05,967 - INFO -   Batch 120/165 | Batch Energy: 1.5675 | Perplexity: 258.3848
2025-11-21 11:08:09,384 - INFO -   Batch 130/165 | Batch Energy: 1.5604 | Perplexity: 287.6943
2025-11-21 11:08:13,513 - INFO -   Batch 140/165 | Batch Energy: 1.5690 | Perplexity: 301.4196
2025-11-21 11:08:16,880 - INFO -   Batch 150/165 | Batch Energy: 1.5684 | Perplexity: 279.1512
2025-11-21 11:08:20,323 - INFO -   Batch 160/165 | Batch Energy: 1.5940 | Perplexity: 281.4105
2025-11-21 11:08:23,295 - INFO - Epoch 19/20 | Train Energy: 1.5695 | Train Perplexity: 281.1408 | Val Energy: 1.5686 | Val Perplexity: 1670.2492
2025-11-21 11:08:23,295 - INFO - Epoch 20/20
2025-11-21 11:08:26,659 - INFO -   Batch 10/165 | Batch Energy: 1.6101 | Perplexity: 280.8453
2025-11-21 11:08:30,071 - INFO -   Batch 20/165 | Batch Energy: 1.5658 | Perplexity: 314.2154
2025-11-21 11:08:33,540 - INFO -   Batch 30/165 | Batch Energy: 1.5872 | Perplexity: 292.7791
2025-11-21 11:08:36,955 - INFO -   Batch 40/165 | Batch Energy: 1.5644 | Perplexity: 297.0871
2025-11-21 11:08:41,056 - INFO -   Batch 50/165 | Batch Energy: 1.5910 | Perplexity: 285.6287
2025-11-21 11:08:44,454 - INFO -   Batch 60/165 | Batch Energy: 1.5866 | Perplexity: 271.9970
2025-11-21 11:08:47,861 - INFO -   Batch 70/165 | Batch Energy: 1.5635 | Perplexity: 285.5972
2025-11-21 11:08:51,281 - INFO -   Batch 80/165 | Batch Energy: 1.5800 | Perplexity: 283.7448
2025-11-21 11:08:54,692 - INFO -   Batch 90/165 | Batch Energy: 1.5683 | Perplexity: 281.1638
2025-11-21 11:08:58,829 - INFO -   Batch 100/165 | Batch Energy: 1.5858 | Perplexity: 261.9528
2025-11-21 11:09:02,256 - INFO -   Batch 110/165 | Batch Energy: 1.5719 | Perplexity: 255.0705
2025-11-21 11:09:05,636 - INFO -   Batch 120/165 | Batch Energy: 1.5679 | Perplexity: 278.7052
2025-11-21 11:09:09,053 - INFO -   Batch 130/165 | Batch Energy: 1.5647 | Perplexity: 277.5636
2025-11-21 11:09:13,183 - INFO -   Batch 140/165 | Batch Energy: 1.5759 | Perplexity: 264.7466
2025-11-21 11:09:16,550 - INFO -   Batch 150/165 | Batch Energy: 1.5714 | Perplexity: 274.4739
2025-11-21 11:09:20,045 - INFO -   Batch 160/165 | Batch Energy: 1.5824 | Perplexity: 260.6883
2025-11-21 11:09:23,010 - INFO - Epoch 20/20 | Train Energy: 1.5738 | Train Perplexity: 279.0503 | Val Energy: 1.5723 | Val Perplexity: 1622.5381
2025-11-21 11:09:23,886 - INFO - Saved checkpoint to checkpoints/model_epoch_20.pt
2025-11-21 11:09:24,871 - INFO - Training completed in 1191.66 seconds
2025-11-21 11:09:24,871 - INFO - Final model saved to: checkpoints/final_model.pt
2025-11-21 11:09:24,871 - INFO - ========== Training completed ==========
2026-04-28 17:03:59,899 - INFO - 
########################################################################################################################
2026-04-28 17:03:59,899 - INFO - Using device: cuda:0 (local rank 0)
2026-04-28 17:03:59,899 - INFO - Saving the hyperparameters configurations:
2026-04-28 17:03:59,899 - INFO - {
      "vocab_size": 1024,
      "block_size": 208,
      "lr": 0.0003223786832283688,
      "inference_lr": 0.096,
      "peak_learning_rate": 0.003223786832283688,
      "warmup_steps": 369,
      "n_embed": 160,
      "dropout": 0.4546369920173881,
      "T": 2,
      "update_bias": false,
      "num_heads": 10,
      "n_blocks": 3,
      "batch_size": 8,
      "num_epochs": 5,
      "internal_energy_fn_name": "pc_e",
      "output_energy_fn_name": "pc_e",
      "combined_internal_weight": 0.5094684344308807,
      "combined_output_weight": 0.49053156556911925,
      "use_flash_attention": false,
      "alpha": 0.5
}
2026-04-28 17:04:00,081 - INFO - ========== Training started ==========
2026-04-28 17:04:00,082 - INFO - 1.29 M parameters
2026-04-28 17:04:00,082 - INFO - Epoch 1/5
2026-04-28 17:04:01,461 - INFO -   Batch 10/203 | Batch Energy: 1.1385 | Perplexity: 1187.2362
2026-04-28 17:04:02,547 - INFO -   Batch 20/203 | Batch Energy: 1.1305 | Perplexity: 1175.5130
2026-04-28 17:04:03,629 - INFO -   Batch 30/203 | Batch Energy: 1.1254 | Perplexity: 1190.1144
2026-04-28 17:04:04,906 - INFO -   Batch 40/203 | Batch Energy: 1.1206 | Perplexity: 1207.3502
2026-04-28 17:04:05,996 - INFO -   Batch 50/203 | Batch Energy: 1.1155 | Perplexity: 1169.6611
2026-04-28 17:04:07,070 - INFO -   Batch 60/203 | Batch Energy: 1.1119 | Perplexity: 1195.6552
2026-04-28 17:04:08,148 - INFO -   Batch 70/203 | Batch Energy: 1.1090 | Perplexity: 1216.7992
2026-04-28 17:04:09,440 - INFO -   Batch 80/203 | Batch Energy: 1.1056 | Perplexity: 1201.2293
2026-04-28 17:04:10,552 - INFO -   Batch 90/203 | Batch Energy: 1.1040 | Perplexity: 1174.7128
2026-04-28 17:04:11,644 - INFO -   Batch 100/203 | Batch Energy: 1.1007 | Perplexity: 1189.4450
2026-04-28 17:04:12,925 - INFO -   Batch 110/203 | Batch Energy: 1.0991 | Perplexity: 1182.0123
2026-04-28 17:04:14,009 - INFO -   Batch 120/203 | Batch Energy: 1.0978 | Perplexity: 1203.2776
2026-04-28 17:04:15,075 - INFO -   Batch 130/203 | Batch Energy: 1.0960 | Perplexity: 1171.2612
2026-04-28 17:04:16,363 - INFO -   Batch 140/203 | Batch Energy: 1.0952 | Perplexity: 1166.0715
2026-04-28 17:04:17,438 - INFO -   Batch 150/203 | Batch Energy: 1.0944 | Perplexity: 1171.1669
2026-04-28 17:04:18,517 - INFO -   Batch 160/203 | Batch Energy: 1.0936 | Perplexity: 1172.0948
2026-04-28 17:04:19,786 - INFO -   Batch 170/203 | Batch Energy: 1.0938 | Perplexity: 1189.0203
2026-04-28 17:04:20,942 - INFO -   Batch 180/203 | Batch Energy: 1.0938 | Perplexity: 1191.0955
2026-04-28 17:04:22,032 - INFO -   Batch 190/203 | Batch Energy: 1.0929 | Perplexity: 1195.9882
2026-04-28 17:04:23,095 - INFO -   Batch 200/203 | Batch Energy: 1.0917 | Perplexity: 1180.2607
2026-04-28 17:04:24,482 - INFO - Epoch 1/5 | Train Energy: 1.1074 | Train Perplexity: 1182.7248 | Val Energy: 1.0873 | Val Perplexity: 1176.5874
2026-04-28 17:04:24,482 - INFO - Epoch 2/5
2026-04-28 17:04:25,528 - INFO -   Batch 10/203 | Batch Energy: 1.0895 | Perplexity: 1164.1631
2026-04-28 17:04:26,620 - INFO -   Batch 20/203 | Batch Energy: 1.0878 | Perplexity: 1192.3235
2026-04-28 17:04:27,889 - INFO -   Batch 30/203 | Batch Energy: 1.0876 | Perplexity: 1167.6143
2026-04-28 17:04:28,979 - INFO -   Batch 40/203 | Batch Energy: 1.0878 | Perplexity: 1178.1622
2026-04-28 17:04:30,067 - INFO -   Batch 50/203 | Batch Energy: 1.0872 | Perplexity: 1157.8861
2026-04-28 17:04:31,379 - INFO -   Batch 60/203 | Batch Energy: 1.0873 | Perplexity: 1179.6378
2026-04-28 17:04:32,463 - INFO -   Batch 70/203 | Batch Energy: 1.0860 | Perplexity: 1223.6499
2026-04-28 17:04:33,532 - INFO -   Batch 80/203 | Batch Energy: 1.0848 | Perplexity: 1187.6705
2026-04-28 17:04:34,617 - INFO -   Batch 90/203 | Batch Energy: 1.0854 | Perplexity: 1174.0756
2026-04-28 17:04:35,877 - INFO -   Batch 100/203 | Batch Energy: 1.0837 | Perplexity: 1173.7302
2026-04-28 17:04:36,972 - INFO -   Batch 110/203 | Batch Energy: 1.0850 | Perplexity: 1173.3927
2026-04-28 17:04:38,059 - INFO -   Batch 120/203 | Batch Energy: 1.0843 | Perplexity: 1199.7535
2026-04-28 17:04:39,352 - INFO -   Batch 130/203 | Batch Energy: 1.0838 | Perplexity: 1170.4389
2026-04-28 17:04:40,492 - INFO -   Batch 140/203 | Batch Energy: 1.0832 | Perplexity: 1176.8540
2026-04-28 17:04:41,575 - INFO -   Batch 150/203 | Batch Energy: 1.0840 | Perplexity: 1189.2544
2026-04-28 17:04:42,864 - INFO -   Batch 160/203 | Batch Energy: 1.0849 | Perplexity: 1182.8981
2026-04-28 17:04:43,928 - INFO -   Batch 170/203 | Batch Energy: 1.0845 | Perplexity: 1178.5280
2026-04-28 17:04:45,021 - INFO -   Batch 180/203 | Batch Energy: 1.0835 | Perplexity: 1184.5316
2026-04-28 17:04:46,297 - INFO -   Batch 190/203 | Batch Energy: 1.0840 | Perplexity: 1211.3863
2026-04-28 17:04:47,379 - INFO -   Batch 200/203 | Batch Energy: 1.0846 | Perplexity: 1175.8897
2026-04-28 17:04:48,767 - INFO - Epoch 2/5 | Train Energy: 1.0856 | Train Perplexity: 1182.5771 | Val Energy: 1.0817 | Val Perplexity: 1192.4673
2026-04-28 17:04:48,767 - INFO - Epoch 3/5
2026-04-28 17:04:49,837 - INFO -   Batch 10/203 | Batch Energy: 1.0829 | Perplexity: 1189.7388
2026-04-28 17:04:50,945 - INFO -   Batch 20/203 | Batch Energy: 1.0841 | Perplexity: 1169.8257
2026-04-28 17:04:52,037 - INFO -   Batch 30/203 | Batch Energy: 1.0842 | Perplexity: 1196.4468
2026-04-28 17:04:53,317 - INFO -   Batch 40/203 | Batch Energy: 1.0833 | Perplexity: 1181.6860
2026-04-28 17:04:54,407 - INFO -   Batch 50/203 | Batch Energy: 1.0853 | Perplexity: 1163.8528
2026-04-28 17:04:55,505 - INFO -   Batch 60/203 | Batch Energy: 1.0838 | Perplexity: 1216.9565
2026-04-28 17:04:56,776 - INFO -   Batch 70/203 | Batch Energy: 1.0835 | Perplexity: 1166.7005
2026-04-28 17:04:57,865 - INFO -   Batch 80/203 | Batch Energy: 1.0841 | Perplexity: 1189.3974
2026-04-28 17:04:58,941 - INFO -   Batch 90/203 | Batch Energy: 1.0852 | Perplexity: 1201.2510
2026-04-28 17:05:00,286 - INFO -   Batch 100/203 | Batch Energy: 1.0841 | Perplexity: 1185.5532
2026-04-28 17:05:01,378 - INFO -   Batch 110/203 | Batch Energy: 1.0840 | Perplexity: 1162.7373
2026-04-28 17:05:02,467 - INFO -   Batch 120/203 | Batch Energy: 1.0848 | Perplexity: 1181.9058
2026-04-28 17:05:03,741 - INFO -   Batch 130/203 | Batch Energy: 1.0829 | Perplexity: 1173.4593
2026-04-28 17:05:04,831 - INFO -   Batch 140/203 | Batch Energy: 1.0847 | Perplexity: 1207.0221
2026-04-28 17:05:05,921 - INFO -   Batch 150/203 | Batch Energy: 1.0838 | Perplexity: 1175.2120
2026-04-28 17:05:07,014 - INFO -   Batch 160/203 | Batch Energy: 1.0834 | Perplexity: 1173.8897
2026-04-28 17:05:08,312 - INFO -   Batch 170/203 | Batch Energy: 1.0850 | Perplexity: 1187.5057
2026-04-28 17:05:09,429 - INFO -   Batch 180/203 | Batch Energy: 1.0828 | Perplexity: 1138.3856
2026-04-28 17:05:10,566 - INFO -   Batch 190/203 | Batch Energy: 1.0847 | Perplexity: 1174.5358
2026-04-28 17:05:11,839 - INFO -   Batch 200/203 | Batch Energy: 1.0843 | Perplexity: 1182.2964
2026-04-28 17:05:13,039 - INFO - Epoch 3/5 | Train Energy: 1.0841 | Train Perplexity: 1183.0868 | Val Energy: 1.0822 | Val Perplexity: 1183.0564
2026-04-28 17:05:13,039 - INFO - Epoch 4/5
2026-04-28 17:05:14,090 - INFO -   Batch 10/203 | Batch Energy: 1.0839 | Perplexity: 1176.8467
2026-04-28 17:05:15,377 - INFO -   Batch 20/203 | Batch Energy: 1.0850 | Perplexity: 1203.6024
2026-04-28 17:05:16,457 - INFO -   Batch 30/203 | Batch Energy: 1.0830 | Perplexity: 1197.8277
2026-04-28 17:05:17,550 - INFO -   Batch 40/203 | Batch Energy: 1.0836 | Perplexity: 1181.4533
2026-04-28 17:05:18,818 - INFO -   Batch 50/203 | Batch Energy: 1.0847 | Perplexity: 1186.0180
2026-04-28 17:05:19,903 - INFO -   Batch 60/203 | Batch Energy: 1.0839 | Perplexity: 1203.2426
2026-04-28 17:05:21,041 - INFO -   Batch 70/203 | Batch Energy: 1.0841 | Perplexity: 1180.4898
2026-04-28 17:05:22,126 - INFO -   Batch 80/203 | Batch Energy: 1.0846 | Perplexity: 1175.5225
2026-04-28 17:05:23,417 - INFO -   Batch 90/203 | Batch Energy: 1.0845 | Perplexity: 1211.9462
2026-04-28 17:05:24,499 - INFO -   Batch 100/203 | Batch Energy: 1.0825 | Perplexity: 1162.2755
2026-04-28 17:05:25,589 - INFO -   Batch 110/203 | Batch Energy: 1.0840 | Perplexity: 1176.8927
2026-04-28 17:05:26,864 - INFO -   Batch 120/203 | Batch Energy: 1.0833 | Perplexity: 1177.1930
2026-04-28 17:05:27,954 - INFO -   Batch 130/203 | Batch Energy: 1.0837 | Perplexity: 1205.3237
2026-04-28 17:05:29,046 - INFO -   Batch 140/203 | Batch Energy: 1.0836 | Perplexity: 1185.0411
2026-04-28 17:05:30,387 - INFO -   Batch 150/203 | Batch Energy: 1.0847 | Perplexity: 1181.4572
2026-04-28 17:05:31,480 - INFO -   Batch 160/203 | Batch Energy: 1.0836 | Perplexity: 1186.9973
2026-04-28 17:05:32,565 - INFO -   Batch 170/203 | Batch Energy: 1.0849 | Perplexity: 1191.1682
2026-04-28 17:05:33,662 - INFO -   Batch 180/203 | Batch Energy: 1.0846 | Perplexity: 1169.8229
2026-04-28 17:05:34,942 - INFO -   Batch 190/203 | Batch Energy: 1.0828 | Perplexity: 1165.9013
2026-04-28 17:05:36,026 - INFO -   Batch 200/203 | Batch Energy: 1.0823 | Perplexity: 1199.4195
2026-04-28 17:05:37,429 - INFO - Epoch 4/5 | Train Energy: 1.0841 | Train Perplexity: 1182.5280 | Val Energy: 1.0819 | Val Perplexity: 1186.5858
2026-04-28 17:05:37,429 - INFO - Epoch 5/5
2026-04-28 17:05:38,495 - INFO -   Batch 10/203 | Batch Energy: 1.0836 | Perplexity: 1174.4837
2026-04-28 17:05:39,613 - INFO -   Batch 20/203 | Batch Energy: 1.0846 | Perplexity: 1155.6313
2026-04-28 17:05:40,960 - INFO -   Batch 30/203 | Batch Energy: 1.0844 | Perplexity: 1180.7803
2026-04-28 17:05:42,056 - INFO -   Batch 40/203 | Batch Energy: 1.0844 | Perplexity: 1198.5579
2026-04-28 17:05:43,148 - INFO -   Batch 50/203 | Batch Energy: 1.0846 | Perplexity: 1157.5417
2026-04-28 17:05:44,417 - INFO -   Batch 60/203 | Batch Energy: 1.0844 | Perplexity: 1144.9111
2026-04-28 17:05:45,508 - INFO -   Batch 70/203 | Batch Energy: 1.0845 | Perplexity: 1197.7729
2026-04-28 17:05:46,596 - INFO -   Batch 80/203 | Batch Energy: 1.0835 | Perplexity: 1188.7566
2026-04-28 17:05:47,689 - INFO -   Batch 90/203 | Batch Energy: 1.0848 | Perplexity: 1184.9326
2026-04-28 17:05:48,969 - INFO -   Batch 100/203 | Batch Energy: 1.0838 | Perplexity: 1190.8626
2026-04-28 17:05:50,061 - INFO -   Batch 110/203 | Batch Energy: 1.0833 | Perplexity: 1195.3343
2026-04-28 17:05:51,185 - INFO -   Batch 120/203 | Batch Energy: 1.0849 | Perplexity: 1174.5089
2026-04-28 17:05:52,462 - INFO -   Batch 130/203 | Batch Energy: 1.0842 | Perplexity: 1202.8485
2026-04-28 17:05:53,549 - INFO -   Batch 140/203 | Batch Energy: 1.0853 | Perplexity: 1186.1271
2026-04-28 17:05:54,636 - INFO -   Batch 150/203 | Batch Energy: 1.0839 | Perplexity: 1168.0437
2026-04-28 17:05:55,942 - INFO -   Batch 160/203 | Batch Energy: 1.0831 | Perplexity: 1191.7147
2026-04-28 17:05:57,025 - INFO -   Batch 170/203 | Batch Energy: 1.0838 | Perplexity: 1186.4614
2026-04-28 17:05:58,128 - INFO -   Batch 180/203 | Batch Energy: 1.0832 | Perplexity: 1171.1211
2026-04-28 17:05:59,405 - INFO -   Batch 190/203 | Batch Energy: 1.0852 | Perplexity: 1177.3603
2026-04-28 17:06:00,569 - INFO -   Batch 200/203 | Batch Energy: 1.0852 | Perplexity: 1156.5353
2026-04-28 17:06:01,982 - INFO - Epoch 5/5 | Train Energy: 1.0841 | Train Perplexity: 1179.7628 | Val Energy: 1.0826 | Val Perplexity: 1185.5247
2026-04-28 17:06:02,007 - INFO - Saved checkpoint to checkpoints/model_epoch_5.pt
2026-04-28 17:06:02,199 - INFO - Training completed in 122.12 seconds
2026-04-28 17:06:02,199 - INFO - Final model saved to: checkpoints/final_model.pt
2026-04-28 17:06:02,199 - INFO - ========== Training completed ==========
2026-05-08 13:39:08,910 - INFO - 
########################################################################################################################
2026-05-08 13:39:08,910 - INFO - Using device: cuda:0 (local rank 0)
2026-05-08 13:39:08,910 - INFO - Saving the hyperparameters configurations:
2026-05-08 13:39:08,910 - INFO - {
      "vocab_size": 1024,
      "block_size": 240,
      "lr": 3.885392918546742e-06,
      "inference_lr": 0.0003885392918546742,
      "peak_learning_rate": 3.885392918546742e-05,
      "warmup_steps": 356,
      "n_embed": 128,
      "dropout": 0.13792051616168877,
      "T": 1,
      "update_bias": false,
      "num_heads": 8,
      "n_blocks": 1,
      "batch_size": 8,
      "num_epochs": 10,
      "internal_energy_fn_name": "pc_e",
      "output_energy_fn_name": "pc_e",
      "combined_internal_weight": 0.6015226149249674,
      "combined_output_weight": 0.3984773850750326,
      "use_flash_attention": false,
      "alpha": 0.5
}
2026-05-08 13:39:09,079 - INFO - ========== Training started ==========
2026-05-08 13:39:09,079 - INFO - 0.49 M parameters
2026-05-08 13:39:09,079 - INFO - Epoch 1/10
2026-05-08 13:41:57,746 - INFO - 
########################################################################################################################
2026-05-08 13:41:57,746 - INFO - Using device: cuda:0 (local rank 0)
2026-05-08 13:41:57,746 - INFO - Saving the hyperparameters configurations:
2026-05-08 13:41:57,746 - INFO - {
      "vocab_size": 1024,
      "block_size": 240,
      "lr": 3.885392918546742e-06,
      "inference_lr": 0.0003885392918546742,
      "peak_learning_rate": 3.885392918546742e-05,
      "warmup_steps": 356,
      "n_embed": 128,
      "dropout": 0.13792051616168877,
      "T": 1,
      "update_bias": false,
      "num_heads": 8,
      "n_blocks": 1,
      "batch_size": 8,
      "num_epochs": 10,
      "internal_energy_fn_name": "pc_e",
      "output_energy_fn_name": "pc_e",
      "combined_internal_weight": 0.6015226149249674,
      "combined_output_weight": 0.3984773850750326,
      "use_flash_attention": false,
      "alpha": 0.5
}
2026-05-08 13:41:57,927 - INFO - ========== Training started ==========
2026-05-08 13:41:57,927 - INFO - 0.49 M parameters
2026-05-08 13:41:57,927 - INFO - Epoch 1/10
2026-05-08 13:42:46,852 - INFO - 
########################################################################################################################
2026-05-08 13:42:46,852 - INFO - Using device: cuda:0 (local rank 0)
2026-05-08 13:42:46,853 - INFO - Saving the hyperparameters configurations:
2026-05-08 13:42:46,853 - INFO - {
      "vocab_size": 1024,
      "block_size": 240,
      "lr": 3.885392918546742e-06,
      "inference_lr": 0.0003885392918546742,
      "peak_learning_rate": 3.885392918546742e-05,
      "warmup_steps": 356,
      "n_embed": 128,
      "dropout": 0.13792051616168877,
      "T": 1,
      "update_bias": false,
      "num_heads": 8,
      "n_blocks": 1,
      "batch_size": 8,
      "num_epochs": 10,
      "internal_energy_fn_name": "pc_e",
      "output_energy_fn_name": "pc_e",
      "combined_internal_weight": 0.6015226149249674,
      "combined_output_weight": 0.3984773850750326,
      "use_flash_attention": false,
      "alpha": 0.5
}
2026-05-08 13:42:47,022 - INFO - ========== Training started ==========
2026-05-08 13:42:47,022 - INFO - 0.49 M parameters
2026-05-08 13:42:47,022 - INFO - Epoch 1/10
2026-05-08 13:42:47,472 - INFO -   Batch 10/203 | Batch Energy: 0.6288 | Perplexity: 1216.1820
2026-05-08 13:42:47,634 - INFO -   Batch 20/203 | Batch Energy: 0.6256 | Perplexity: 1210.1704
2026-05-08 13:42:47,778 - INFO -   Batch 30/203 | Batch Energy: 0.6245 | Perplexity: 1180.9942
2026-05-08 13:42:47,919 - INFO -   Batch 40/203 | Batch Energy: 0.6227 | Perplexity: 1218.8265
2026-05-08 13:42:48,067 - INFO -   Batch 50/203 | Batch Energy: 0.6224 | Perplexity: 1187.1405
2026-05-08 13:42:48,204 - INFO -   Batch 60/203 | Batch Energy: 0.6195 | Perplexity: 1231.4537
2026-05-08 13:42:48,340 - INFO -   Batch 70/203 | Batch Energy: 0.6182 | Perplexity: 1191.9415
2026-05-08 13:42:48,480 - INFO -   Batch 80/203 | Batch Energy: 0.6167 | Perplexity: 1205.5461
2026-05-08 13:42:48,622 - INFO -   Batch 90/203 | Batch Energy: 0.6152 | Perplexity: 1220.0033
2026-05-08 13:42:48,760 - INFO -   Batch 100/203 | Batch Energy: 0.6137 | Perplexity: 1218.7445
2026-05-08 13:42:48,900 - INFO -   Batch 110/203 | Batch Energy: 0.6122 | Perplexity: 1228.6781
2026-05-08 13:42:49,044 - INFO -   Batch 120/203 | Batch Energy: 0.6120 | Perplexity: 1226.4129
2026-05-08 13:42:49,183 - INFO -   Batch 130/203 | Batch Energy: 0.6099 | Perplexity: 1226.6644
2026-05-08 13:42:49,323 - INFO -   Batch 140/203 | Batch Energy: 0.6096 | Perplexity: 1227.4151
2026-05-08 13:42:49,460 - INFO -   Batch 150/203 | Batch Energy: 0.6086 | Perplexity: 1225.2111
2026-05-08 13:42:49,601 - INFO -   Batch 160/203 | Batch Energy: 0.6093 | Perplexity: 1222.6018
2026-05-08 13:42:49,740 - INFO -   Batch 170/203 | Batch Energy: 0.6056 | Perplexity: 1234.8765
2026-05-08 13:42:49,877 - INFO -   Batch 180/203 | Batch Energy: 0.6064 | Perplexity: 1220.2721
2026-05-08 13:42:50,019 - INFO -   Batch 190/203 | Batch Energy: 0.6075 | Perplexity: 1205.0582
2026-05-08 13:42:50,179 - INFO -   Batch 200/203 | Batch Energy: 0.6039 | Perplexity: 1238.6821
2026-05-08 13:42:50,399 - INFO - Epoch 1/10 | Train Energy: 0.6149 | Train Perplexity: 1212.1539 | Val Energy: 0.6045 | Val Perplexity: 1207.3560
2026-05-08 13:42:50,399 - INFO - Epoch 2/10
2026-05-08 13:42:50,541 - INFO -   Batch 10/203 | Batch Energy: 0.6046 | Perplexity: 1249.6831
2026-05-08 13:42:50,683 - INFO -   Batch 20/203 | Batch Energy: 0.6041 | Perplexity: 1243.1513
2026-05-08 13:42:50,825 - INFO -   Batch 30/203 | Batch Energy: 0.6041 | Perplexity: 1168.5172
2026-05-08 13:42:50,965 - INFO -   Batch 40/203 | Batch Energy: 0.6036 | Perplexity: 1244.6775
2026-05-08 13:42:51,111 - INFO -   Batch 50/203 | Batch Energy: 0.6030 | Perplexity: 1232.7238
2026-05-08 13:42:51,254 - INFO -   Batch 60/203 | Batch Energy: 0.6044 | Perplexity: 1206.6969
2026-05-08 13:42:51,395 - INFO -   Batch 70/203 | Batch Energy: 0.6112 | Perplexity: 1214.6184
2026-05-08 13:42:51,535 - INFO -   Batch 80/203 | Batch Energy: 0.6326 | Perplexity: 1200.3738
2026-05-08 13:42:51,674 - INFO -   Batch 90/203 | Batch Energy: 0.6432 | Perplexity: 1219.2682
2026-05-08 13:42:51,813 - INFO -   Batch 100/203 | Batch Energy: 0.6434 | Perplexity: 1192.7153
2026-05-08 13:42:51,952 - INFO -   Batch 110/203 | Batch Energy: 0.6414 | Perplexity: 1212.4051
2026-05-08 13:42:52,092 - INFO -   Batch 120/203 | Batch Energy: 0.6427 | Perplexity: 1190.0049
2026-05-08 13:42:52,232 - INFO -   Batch 130/203 | Batch Energy: 0.6425 | Perplexity: 1205.8870
2026-05-08 13:42:52,371 - INFO -   Batch 140/203 | Batch Energy: 0.6423 | Perplexity: 1158.6224
2026-05-08 13:42:52,514 - INFO -   Batch 150/203 | Batch Energy: 0.6419 | Perplexity: 1214.9926
2026-05-08 13:42:52,656 - INFO -   Batch 160/203 | Batch Energy: 0.6416 | Perplexity: 1215.0801
2026-05-08 13:42:52,794 - INFO -   Batch 170/203 | Batch Energy: 0.6420 | Perplexity: 1187.1728
2026-05-08 13:42:52,935 - INFO -   Batch 180/203 | Batch Energy: 0.6390 | Perplexity: 1190.6389
2026-05-08 13:42:53,074 - INFO -   Batch 190/203 | Batch Energy: 0.6372 | Perplexity: 1251.3879
2026-05-08 13:42:53,213 - INFO -   Batch 200/203 | Batch Energy: 0.6393 | Perplexity: 1206.0101
2026-05-08 13:42:53,419 - INFO - Epoch 2/10 | Train Energy: 0.6272 | Train Perplexity: 1211.2229 | Val Energy: 0.6372 | Val Perplexity: 1209.4243
2026-05-08 13:42:53,419 - INFO - Epoch 3/10
2026-05-08 13:42:53,560 - INFO -   Batch 10/203 | Batch Energy: 0.6337 | Perplexity: 1229.3925
2026-05-08 13:42:53,700 - INFO -   Batch 20/203 | Batch Energy: 0.6365 | Perplexity: 1205.2219
2026-05-08 13:42:53,839 - INFO -   Batch 30/203 | Batch Energy: 0.6356 | Perplexity: 1233.0031
2026-05-08 13:42:53,979 - INFO -   Batch 40/203 | Batch Energy: 0.6351 | Perplexity: 1162.3559
2026-05-08 13:42:54,119 - INFO -   Batch 50/203 | Batch Energy: 0.6370 | Perplexity: 1232.8996
2026-05-08 13:42:54,257 - INFO -   Batch 60/203 | Batch Energy: 0.6356 | Perplexity: 1211.8965
2026-05-08 13:42:54,397 - INFO -   Batch 70/203 | Batch Energy: 0.6357 | Perplexity: 1268.7304
2026-05-08 13:42:54,536 - INFO -   Batch 80/203 | Batch Energy: 0.6360 | Perplexity: 1206.7665
2026-05-08 13:42:54,676 - INFO -   Batch 90/203 | Batch Energy: 0.6337 | Perplexity: 1221.6106
2026-05-08 13:42:54,816 - INFO -   Batch 100/203 | Batch Energy: 0.6359 | Perplexity: 1215.1143
2026-05-08 13:42:54,955 - INFO -   Batch 110/203 | Batch Energy: 0.6343 | Perplexity: 1167.2748
2026-05-08 13:42:55,096 - INFO -   Batch 120/203 | Batch Energy: 0.6340 | Perplexity: 1222.8094
2026-05-08 13:42:55,239 - INFO -   Batch 130/203 | Batch Energy: 0.6327 | Perplexity: 1213.4577
2026-05-08 13:42:55,379 - INFO -   Batch 140/203 | Batch Energy: 0.6329 | Perplexity: 1237.2365
2026-05-08 13:42:55,522 - INFO -   Batch 150/203 | Batch Energy: 0.6342 | Perplexity: 1200.2370
2026-05-08 13:42:55,663 - INFO -   Batch 160/203 | Batch Energy: 0.6322 | Perplexity: 1250.1194
2026-05-08 13:42:55,804 - INFO -   Batch 170/203 | Batch Energy: 0.6306 | Perplexity: 1211.9768
2026-05-08 13:42:55,941 - INFO -   Batch 180/203 | Batch Energy: 0.6313 | Perplexity: 1183.0515
2026-05-08 13:42:56,086 - INFO -   Batch 190/203 | Batch Energy: 0.6323 | Perplexity: 1204.5848
2026-05-08 13:42:56,229 - INFO -   Batch 200/203 | Batch Energy: 0.6325 | Perplexity: 1225.3198
2026-05-08 13:42:56,437 - INFO - Epoch 3/10 | Train Energy: 0.6331 | Train Perplexity: 1215.6394 | Val Energy: 0.6298 | Val Perplexity: 1212.5391
2026-05-08 13:42:56,437 - INFO - Epoch 4/10
2026-05-08 13:42:56,577 - INFO -   Batch 10/203 | Batch Energy: 0.6282 | Perplexity: 1231.5182
2026-05-08 13:42:56,720 - INFO -   Batch 20/203 | Batch Energy: 0.6310 | Perplexity: 1185.3537
2026-05-08 13:42:56,859 - INFO -   Batch 30/203 | Batch Energy: 0.6279 | Perplexity: 1219.4508
2026-05-08 13:42:57,000 - INFO -   Batch 40/203 | Batch Energy: 0.6296 | Perplexity: 1228.7871
2026-05-08 13:42:57,141 - INFO -   Batch 50/203 | Batch Energy: 0.6294 | Perplexity: 1202.9500
2026-05-08 13:42:57,280 - INFO -   Batch 60/203 | Batch Energy: 0.6293 | Perplexity: 1256.8729
2026-05-08 13:42:57,418 - INFO -   Batch 70/203 | Batch Energy: 0.6266 | Perplexity: 1193.5573
2026-05-08 13:42:57,558 - INFO -   Batch 80/203 | Batch Energy: 0.6291 | Perplexity: 1214.0712
2026-05-08 13:42:57,697 - INFO -   Batch 90/203 | Batch Energy: 0.6264 | Perplexity: 1198.0973
2026-05-08 13:42:57,836 - INFO -   Batch 100/203 | Batch Energy: 0.6288 | Perplexity: 1198.3973
2026-05-08 13:42:57,975 - INFO -   Batch 110/203 | Batch Energy: 0.6270 | Perplexity: 1210.9341
2026-05-08 13:42:58,115 - INFO -   Batch 120/203 | Batch Energy: 0.6259 | Perplexity: 1214.6462
2026-05-08 13:42:58,254 - INFO -   Batch 130/203 | Batch Energy: 0.6266 | Perplexity: 1206.0791
2026-05-08 13:42:58,400 - INFO -   Batch 140/203 | Batch Energy: 0.6275 | Perplexity: 1223.4539
2026-05-08 13:42:58,545 - INFO -   Batch 150/203 | Batch Energy: 0.6277 | Perplexity: 1214.6034
2026-05-08 13:42:58,687 - INFO -   Batch 160/203 | Batch Energy: 0.6257 | Perplexity: 1237.4412
2026-05-08 13:42:58,826 - INFO -   Batch 170/203 | Batch Energy: 0.6263 | Perplexity: 1226.5883
2026-05-08 13:42:58,966 - INFO -   Batch 180/203 | Batch Energy: 0.6249 | Perplexity: 1174.8405
2026-05-08 13:42:59,107 - INFO -   Batch 190/203 | Batch Energy: 0.6246 | Perplexity: 1212.4768
2026-05-08 13:42:59,246 - INFO -   Batch 200/203 | Batch Energy: 0.6233 | Perplexity: 1199.2233
2026-05-08 13:42:59,449 - INFO - Epoch 4/10 | Train Energy: 0.6264 | Train Perplexity: 1214.4013 | Val Energy: 0.6239 | Val Perplexity: 1210.0990
2026-05-08 13:42:59,449 - INFO - Epoch 5/10
2026-05-08 13:42:59,589 - INFO -   Batch 10/203 | Batch Energy: 0.6247 | Perplexity: 1206.1619
2026-05-08 13:42:59,734 - INFO -   Batch 20/203 | Batch Energy: 0.6256 | Perplexity: 1202.6925
2026-05-08 13:42:59,874 - INFO -   Batch 30/203 | Batch Energy: 0.6250 | Perplexity: 1205.9457
2026-05-08 13:43:00,014 - INFO -   Batch 40/203 | Batch Energy: 0.6250 | Perplexity: 1217.0534
2026-05-08 13:43:00,160 - INFO -   Batch 50/203 | Batch Energy: 0.6249 | Perplexity: 1213.4259
2026-05-08 13:43:00,304 - INFO -   Batch 60/203 | Batch Energy: 0.6240 | Perplexity: 1233.7876
2026-05-08 13:43:00,445 - INFO -   Batch 70/203 | Batch Energy: 0.6250 | Perplexity: 1206.9478
2026-05-08 13:43:00,585 - INFO -   Batch 80/203 | Batch Energy: 0.6227 | Perplexity: 1211.4418
2026-05-08 13:43:00,725 - INFO -   Batch 90/203 | Batch Energy: 0.6227 | Perplexity: 1231.4079
2026-05-08 13:43:00,864 - INFO -   Batch 100/203 | Batch Energy: 0.6210 | Perplexity: 1202.6919
2026-05-08 13:43:01,005 - INFO -   Batch 110/203 | Batch Energy: 0.6238 | Perplexity: 1196.8172
2026-05-08 13:43:01,149 - INFO -   Batch 120/203 | Batch Energy: 0.6209 | Perplexity: 1255.3893
2026-05-08 13:43:01,291 - INFO -   Batch 130/203 | Batch Energy: 0.6236 | Perplexity: 1184.0916
2026-05-08 13:43:01,432 - INFO -   Batch 140/203 | Batch Energy: 0.6224 | Perplexity: 1195.9734
2026-05-08 13:43:01,573 - INFO -   Batch 150/203 | Batch Energy: 0.6217 | Perplexity: 1212.8995
2026-05-08 13:43:01,712 - INFO -   Batch 160/203 | Batch Energy: 0.6215 | Perplexity: 1201.4544
2026-05-08 13:43:01,852 - INFO -   Batch 170/203 | Batch Energy: 0.6213 | Perplexity: 1209.1114
2026-05-08 13:43:01,995 - INFO -   Batch 180/203 | Batch Energy: 0.6210 | Perplexity: 1208.9165
2026-05-08 13:43:02,136 - INFO -   Batch 190/203 | Batch Energy: 0.6203 | Perplexity: 1207.9842
2026-05-08 13:43:02,276 - INFO -   Batch 200/203 | Batch Energy: 0.6200 | Perplexity: 1191.5050
2026-05-08 13:43:02,484 - INFO - Epoch 5/10 | Train Energy: 0.6214 | Train Perplexity: 1211.6690 | Val Energy: 0.6192 | Val Perplexity: 1205.2392
2026-05-08 13:43:02,497 - INFO - Saved checkpoint to checkpoints/model_epoch_5.pt
2026-05-08 13:43:02,497 - INFO - Epoch 6/10
2026-05-08 13:43:02,637 - INFO -   Batch 10/203 | Batch Energy: 0.6145 | Perplexity: 1191.5096
2026-05-08 13:43:02,779 - INFO -   Batch 20/203 | Batch Energy: 0.6199 | Perplexity: 1198.1167
2026-05-08 13:43:02,925 - INFO -   Batch 30/203 | Batch Energy: 0.6192 | Perplexity: 1205.0737
2026-05-08 13:43:03,072 - INFO -   Batch 40/203 | Batch Energy: 0.6203 | Perplexity: 1226.5907
2026-05-08 13:43:03,218 - INFO -   Batch 50/203 | Batch Energy: 0.6217 | Perplexity: 1244.5879
2026-05-08 13:43:03,364 - INFO -   Batch 60/203 | Batch Energy: 0.6183 | Perplexity: 1200.3830
2026-05-08 13:43:03,506 - INFO -   Batch 70/203 | Batch Energy: 0.6194 | Perplexity: 1202.0205
2026-05-08 13:43:03,648 - INFO -   Batch 80/203 | Batch Energy: 0.6181 | Perplexity: 1256.5164
2026-05-08 13:43:03,788 - INFO -   Batch 90/203 | Batch Energy: 0.6168 | Perplexity: 1217.4214
2026-05-08 13:43:03,926 - INFO -   Batch 100/203 | Batch Energy: 0.6177 | Perplexity: 1209.5399
2026-05-08 13:43:04,066 - INFO -   Batch 110/203 | Batch Energy: 0.6184 | Perplexity: 1191.0739
2026-05-08 13:43:04,206 - INFO -   Batch 120/203 | Batch Energy: 0.6162 | Perplexity: 1223.0905
2026-05-08 13:43:04,346 - INFO -   Batch 130/203 | Batch Energy: 0.6170 | Perplexity: 1201.4017
2026-05-08 13:43:04,484 - INFO -   Batch 140/203 | Batch Energy: 0.6157 | Perplexity: 1225.2666
2026-05-08 13:43:04,626 - INFO -   Batch 150/203 | Batch Energy: 0.6181 | Perplexity: 1179.2447
2026-05-08 13:43:04,765 - INFO -   Batch 160/203 | Batch Energy: 0.6194 | Perplexity: 1232.0222
2026-05-08 13:43:04,904 - INFO -   Batch 170/203 | Batch Energy: 0.6181 | Perplexity: 1202.3421
2026-05-08 13:43:05,043 - INFO -   Batch 180/203 | Batch Energy: 0.6162 | Perplexity: 1217.7128
2026-05-08 13:43:05,183 - INFO -   Batch 190/203 | Batch Energy: 0.6170 | Perplexity: 1229.6487
2026-05-08 13:43:05,324 - INFO -   Batch 200/203 | Batch Energy: 0.6176 | Perplexity: 1218.1048
2026-05-08 13:43:05,532 - INFO - Epoch 6/10 | Train Energy: 0.6173 | Train Perplexity: 1213.9848 | Val Energy: 0.6151 | Val Perplexity: 1210.7506
2026-05-08 13:43:05,532 - INFO - Epoch 7/10
2026-05-08 13:43:05,671 - INFO -   Batch 10/203 | Batch Energy: 0.6128 | Perplexity: 1237.5799
2026-05-08 13:43:05,813 - INFO -   Batch 20/203 | Batch Energy: 0.6168 | Perplexity: 1222.1513
2026-05-08 13:43:05,951 - INFO -   Batch 30/203 | Batch Energy: 0.6167 | Perplexity: 1194.0110
2026-05-08 13:43:06,093 - INFO -   Batch 40/203 | Batch Energy: 0.6154 | Perplexity: 1232.7039
2026-05-08 13:43:06,233 - INFO -   Batch 50/203 | Batch Energy: 0.6153 | Perplexity: 1202.1426
2026-05-08 13:43:06,376 - INFO -   Batch 60/203 | Batch Energy: 0.6140 | Perplexity: 1198.2179
2026-05-08 13:43:06,515 - INFO -   Batch 70/203 | Batch Energy: 0.6157 | Perplexity: 1233.4118
2026-05-08 13:43:06,656 - INFO -   Batch 80/203 | Batch Energy: 0.6146 | Perplexity: 1235.7913
2026-05-08 13:43:06,799 - INFO -   Batch 90/203 | Batch Energy: 0.6167 | Perplexity: 1204.4153
2026-05-08 13:43:06,943 - INFO -   Batch 100/203 | Batch Energy: 0.6160 | Perplexity: 1215.4035
2026-05-08 13:43:07,084 - INFO -   Batch 110/203 | Batch Energy: 0.6148 | Perplexity: 1229.6458
2026-05-08 13:43:07,224 - INFO -   Batch 120/203 | Batch Energy: 0.6138 | Perplexity: 1190.2035
2026-05-08 13:43:07,366 - INFO -   Batch 130/203 | Batch Energy: 0.6156 | Perplexity: 1179.5777
2026-05-08 13:43:07,505 - INFO -   Batch 140/203 | Batch Energy: 0.6134 | Perplexity: 1232.9672
2026-05-08 13:43:07,645 - INFO -   Batch 150/203 | Batch Energy: 0.6151 | Perplexity: 1234.9036
2026-05-08 13:43:07,784 - INFO -   Batch 160/203 | Batch Energy: 0.6143 | Perplexity: 1213.1956
2026-05-08 13:43:07,923 - INFO -   Batch 170/203 | Batch Energy: 0.6137 | Perplexity: 1234.5186
2026-05-08 13:43:08,068 - INFO -   Batch 180/203 | Batch Energy: 0.6156 | Perplexity: 1217.1909
2026-05-08 13:43:08,208 - INFO -   Batch 190/203 | Batch Energy: 0.6123 | Perplexity: 1225.2590
2026-05-08 13:43:08,347 - INFO -   Batch 200/203 | Batch Energy: 0.6140 | Perplexity: 1199.2954
2026-05-08 13:43:08,558 - INFO - Epoch 7/10 | Train Energy: 0.6140 | Train Perplexity: 1213.7960 | Val Energy: 0.6122 | Val Perplexity: 1217.0684
2026-05-08 13:43:08,558 - INFO - Epoch 8/10
2026-05-08 13:43:08,699 - INFO -   Batch 10/203 | Batch Energy: 0.6110 | Perplexity: 1208.5684
2026-05-08 13:43:08,837 - INFO -   Batch 20/203 | Batch Energy: 0.6112 | Perplexity: 1196.1896
2026-05-08 13:43:08,977 - INFO -   Batch 30/203 | Batch Energy: 0.6132 | Perplexity: 1200.5295
2026-05-08 13:43:09,117 - INFO -   Batch 40/203 | Batch Energy: 0.6126 | Perplexity: 1214.0741
2026-05-08 13:43:09,255 - INFO -   Batch 50/203 | Batch Energy: 0.6135 | Perplexity: 1212.0982
2026-05-08 13:43:09,395 - INFO -   Batch 60/203 | Batch Energy: 0.6128 | Perplexity: 1202.3295
2026-05-08 13:43:09,534 - INFO -   Batch 70/203 | Batch Energy: 0.6128 | Perplexity: 1228.3999
2026-05-08 13:43:09,675 - INFO -   Batch 80/203 | Batch Energy: 0.6118 | Perplexity: 1213.6117
2026-05-08 13:43:09,813 - INFO -   Batch 90/203 | Batch Energy: 0.6134 | Perplexity: 1214.9544
2026-05-08 13:43:09,953 - INFO -   Batch 100/203 | Batch Energy: 0.6117 | Perplexity: 1207.1055
2026-05-08 13:43:10,097 - INFO -   Batch 110/203 | Batch Energy: 0.6143 | Perplexity: 1206.1119
2026-05-08 13:43:10,238 - INFO -   Batch 120/203 | Batch Energy: 0.6128 | Perplexity: 1225.4992
2026-05-08 13:43:10,379 - INFO -   Batch 130/203 | Batch Energy: 0.6124 | Perplexity: 1206.0791
2026-05-08 13:43:10,524 - INFO -   Batch 140/203 | Batch Energy: 0.6108 | Perplexity: 1185.8602
2026-05-08 13:43:10,670 - INFO -   Batch 150/203 | Batch Energy: 0.6122 | Perplexity: 1220.1924
2026-05-08 13:43:10,811 - INFO -   Batch 160/203 | Batch Energy: 0.6134 | Perplexity: 1181.2804
2026-05-08 13:43:10,949 - INFO -   Batch 170/203 | Batch Energy: 0.6129 | Perplexity: 1230.6946
2026-05-08 13:43:11,090 - INFO -   Batch 180/203 | Batch Energy: 0.6123 | Perplexity: 1175.3174
2026-05-08 13:43:11,230 - INFO -   Batch 190/203 | Batch Energy: 0.6102 | Perplexity: 1202.9058
2026-05-08 13:43:11,370 - INFO -   Batch 200/203 | Batch Energy: 0.6116 | Perplexity: 1231.7338
2026-05-08 13:43:11,579 - INFO - Epoch 8/10 | Train Energy: 0.6113 | Train Perplexity: 1211.5694 | Val Energy: 0.6092 | Val Perplexity: 1212.4341
2026-05-08 13:43:11,579 - INFO - Epoch 9/10
2026-05-08 13:43:11,721 - INFO -   Batch 10/203 | Batch Energy: 0.6060 | Perplexity: 1214.8356
2026-05-08 13:43:11,861 - INFO -   Batch 20/203 | Batch Energy: 0.6105 | Perplexity: 1218.9189
2026-05-08 13:43:12,001 - INFO -   Batch 30/203 | Batch Energy: 0.6112 | Perplexity: 1182.4520
2026-05-08 13:43:12,140 - INFO -   Batch 40/203 | Batch Energy: 0.6110 | Perplexity: 1226.9873
2026-05-08 13:43:12,280 - INFO -   Batch 50/203 | Batch Energy: 0.6096 | Perplexity: 1208.0827
2026-05-08 13:43:12,421 - INFO -   Batch 60/203 | Batch Energy: 0.6096 | Perplexity: 1215.7785
2026-05-08 13:43:12,560 - INFO -   Batch 70/203 | Batch Energy: 0.6100 | Perplexity: 1196.7002
2026-05-08 13:43:12,701 - INFO -   Batch 80/203 | Batch Energy: 0.6091 | Perplexity: 1209.9869
2026-05-08 13:43:12,840 - INFO -   Batch 90/203 | Batch Energy: 0.6104 | Perplexity: 1194.8493
2026-05-08 13:43:12,981 - INFO -   Batch 100/203 | Batch Energy: 0.6093 | Perplexity: 1193.9301
2026-05-08 13:43:13,128 - INFO -   Batch 110/203 | Batch Energy: 0.6094 | Perplexity: 1248.2246
2026-05-08 13:43:13,268 - INFO -   Batch 120/203 | Batch Energy: 0.6090 | Perplexity: 1204.6939
2026-05-08 13:43:13,412 - INFO -   Batch 130/203 | Batch Energy: 0.6096 | Perplexity: 1191.1602
2026-05-08 13:43:13,554 - INFO -   Batch 140/203 | Batch Energy: 0.6087 | Perplexity: 1243.5800
2026-05-08 13:43:13,694 - INFO -   Batch 150/203 | Batch Energy: 0.6081 | Perplexity: 1228.5557
2026-05-08 13:43:13,833 - INFO -   Batch 160/203 | Batch Energy: 0.6104 | Perplexity: 1226.9651
2026-05-08 13:43:13,972 - INFO -   Batch 170/203 | Batch Energy: 0.6094 | Perplexity: 1199.8937
2026-05-08 13:43:14,116 - INFO -   Batch 180/203 | Batch Energy: 0.6075 | Perplexity: 1227.9712
2026-05-08 13:43:14,257 - INFO -   Batch 190/203 | Batch Energy: 0.6102 | Perplexity: 1178.9006
2026-05-08 13:43:14,394 - INFO -   Batch 200/203 | Batch Energy: 0.6107 | Perplexity: 1174.8512
2026-05-08 13:43:14,600 - INFO - Epoch 9/10 | Train Energy: 0.6088 | Train Perplexity: 1211.3986 | Val Energy: 0.6067 | Val Perplexity: 1205.7375
2026-05-08 13:43:14,600 - INFO - Epoch 10/10
2026-05-08 13:43:14,740 - INFO -   Batch 10/203 | Batch Energy: 0.6060 | Perplexity: 1201.2109
2026-05-08 13:43:14,879 - INFO -   Batch 20/203 | Batch Energy: 0.6103 | Perplexity: 1212.4768
2026-05-08 13:43:15,019 - INFO -   Batch 30/203 | Batch Energy: 0.6075 | Perplexity: 1218.3413
2026-05-08 13:43:15,160 - INFO -   Batch 40/203 | Batch Energy: 0.6076 | Perplexity: 1180.6108
2026-05-08 13:43:15,301 - INFO -   Batch 50/203 | Batch Energy: 0.6090 | Perplexity: 1209.1794
2026-05-08 13:43:15,440 - INFO -   Batch 60/203 | Batch Energy: 0.6087 | Perplexity: 1255.0798
2026-05-08 13:43:15,580 - INFO -   Batch 70/203 | Batch Energy: 0.6072 | Perplexity: 1216.0139
2026-05-08 13:43:15,719 - INFO -   Batch 80/203 | Batch Energy: 0.6091 | Perplexity: 1230.1689
2026-05-08 13:43:15,858 - INFO -   Batch 90/203 | Batch Energy: 0.6079 | Perplexity: 1240.4518
2026-05-08 13:43:15,999 - INFO -   Batch 100/203 | Batch Energy: 0.6091 | Perplexity: 1214.0811
2026-05-08 13:43:16,141 - INFO -   Batch 110/203 | Batch Energy: 0.6079 | Perplexity: 1226.8960
2026-05-08 13:43:16,279 - INFO -   Batch 120/203 | Batch Energy: 0.6093 | Perplexity: 1221.4452
2026-05-08 13:43:16,420 - INFO -   Batch 130/203 | Batch Energy: 0.6056 | Perplexity: 1225.5664
2026-05-08 13:43:16,563 - INFO -   Batch 140/203 | Batch Energy: 0.6068 | Perplexity: 1220.7249
2026-05-08 13:43:16,703 - INFO -   Batch 150/203 | Batch Energy: 0.6070 | Perplexity: 1227.3197
2026-05-08 13:43:16,843 - INFO -   Batch 160/203 | Batch Energy: 0.6065 | Perplexity: 1207.6421
2026-05-08 13:43:16,984 - INFO -   Batch 170/203 | Batch Energy: 0.6081 | Perplexity: 1204.8013
2026-05-08 13:43:17,128 - INFO -   Batch 180/203 | Batch Energy: 0.6066 | Perplexity: 1253.2869
2026-05-08 13:43:17,267 - INFO -   Batch 190/203 | Batch Energy: 0.6055 | Perplexity: 1233.0519
2026-05-08 13:43:17,409 - INFO -   Batch 200/203 | Batch Energy: 0.6068 | Perplexity: 1220.9822
2026-05-08 13:43:17,619 - INFO - Epoch 10/10 | Train Energy: 0.6066 | Train Perplexity: 1214.0600 | Val Energy: 0.6050 | Val Perplexity: 1209.2360
2026-05-08 13:43:17,627 - INFO - Saved checkpoint to checkpoints/model_epoch_10.pt
2026-05-08 13:43:17,848 - INFO - Training completed in 30.83 seconds
2026-05-08 13:43:17,849 - INFO - Final model saved to: checkpoints/final_model.pt
2026-05-08 13:43:17,849 - INFO - ========== Training completed ==========
2026-05-15 09:20:50,823 - INFO - 
########################################################################################################################
2026-05-15 09:20:50,824 - INFO - Using device: cuda:0 (local rank 0)
2026-05-15 09:20:50,824 - INFO - Saving the hyperparameters configurations:
2026-05-15 09:20:50,824 - INFO - {
      "vocab_size": 1024,
      "block_size": 240,
      "lr": 3.885392918546742e-06,
      "inference_lr": 0.0003885392918546742,
      "peak_learning_rate": 3.885392918546742e-05,
      "warmup_steps": 356,
      "n_embed": 128,
      "dropout": 0.13792051616168877,
      "T": 1,
      "update_bias": false,
      "num_heads": 8,
      "n_blocks": 1,
      "batch_size": 8,
      "num_epochs": 10,
      "internal_energy_fn_name": "pc_e",
      "output_energy_fn_name": "pc_e",
      "combined_internal_weight": 0.6015226149249674,
      "combined_output_weight": 0.3984773850750326,
      "use_flash_attention": false,
      "alpha": 0.5
}
2026-05-15 09:20:50,983 - INFO - ========== Training started ==========
2026-05-15 09:20:50,984 - INFO - 0.49 M parameters
2026-05-15 09:20:50,984 - INFO - Epoch 1/10
2026-05-15 09:20:51,456 - INFO -   Batch 10/203 | Batch Energy: 0.6288 | Perplexity: 1216.1820
2026-05-15 09:20:51,626 - INFO -   Batch 20/203 | Batch Energy: 0.6256 | Perplexity: 1210.1704
2026-05-15 09:20:51,779 - INFO -   Batch 30/203 | Batch Energy: 0.6245 | Perplexity: 1180.9942
2026-05-15 09:20:51,929 - INFO -   Batch 40/203 | Batch Energy: 0.6227 | Perplexity: 1218.8265
2026-05-15 09:20:52,079 - INFO -   Batch 50/203 | Batch Energy: 0.6224 | Perplexity: 1187.1405
2026-05-15 09:20:52,228 - INFO -   Batch 60/203 | Batch Energy: 0.6195 | Perplexity: 1231.4537
2026-05-15 09:20:52,373 - INFO -   Batch 70/203 | Batch Energy: 0.6182 | Perplexity: 1191.9415
2026-05-15 09:20:52,521 - INFO -   Batch 80/203 | Batch Energy: 0.6167 | Perplexity: 1205.5461
2026-05-15 09:20:52,667 - INFO -   Batch 90/203 | Batch Energy: 0.6152 | Perplexity: 1220.0033
2026-05-15 09:20:52,813 - INFO -   Batch 100/203 | Batch Energy: 0.6137 | Perplexity: 1218.7445
2026-05-15 09:20:52,959 - INFO -   Batch 110/203 | Batch Energy: 0.6122 | Perplexity: 1228.6781
2026-05-15 09:20:53,105 - INFO -   Batch 120/203 | Batch Energy: 0.6120 | Perplexity: 1226.4129
2026-05-15 09:20:53,251 - INFO -   Batch 130/203 | Batch Energy: 0.6099 | Perplexity: 1226.6644
2026-05-15 09:20:53,414 - INFO -   Batch 140/203 | Batch Energy: 0.6096 | Perplexity: 1227.4151
2026-05-15 09:20:53,560 - INFO -   Batch 150/203 | Batch Energy: 0.6086 | Perplexity: 1225.2111
2026-05-15 09:20:53,707 - INFO -   Batch 160/203 | Batch Energy: 0.6093 | Perplexity: 1222.6018
2026-05-15 09:20:53,852 - INFO -   Batch 170/203 | Batch Energy: 0.6056 | Perplexity: 1234.8765
2026-05-15 09:20:53,996 - INFO -   Batch 180/203 | Batch Energy: 0.6064 | Perplexity: 1220.2721
2026-05-15 09:20:54,142 - INFO -   Batch 190/203 | Batch Energy: 0.6075 | Perplexity: 1205.0582
2026-05-15 09:20:54,290 - INFO -   Batch 200/203 | Batch Energy: 0.6039 | Perplexity: 1238.6821
2026-05-15 09:20:54,504 - INFO - Epoch 1/10 | Train Energy: 0.6149 | Train Perplexity: 1212.1539 | Val Energy: 0.6045 | Val Perplexity: 1207.3560
2026-05-15 09:20:54,504 - INFO - Epoch 2/10
2026-05-15 09:20:54,650 - INFO -   Batch 10/203 | Batch Energy: 0.6046 | Perplexity: 1249.6831
2026-05-15 09:20:54,797 - INFO -   Batch 20/203 | Batch Energy: 0.6041 | Perplexity: 1243.1513
2026-05-15 09:20:54,943 - INFO -   Batch 30/203 | Batch Energy: 0.6041 | Perplexity: 1168.5172
2026-05-15 09:20:55,090 - INFO -   Batch 40/203 | Batch Energy: 0.6036 | Perplexity: 1244.6775
2026-05-15 09:20:55,235 - INFO -   Batch 50/203 | Batch Energy: 0.6030 | Perplexity: 1232.7238
2026-05-15 09:20:55,383 - INFO -   Batch 60/203 | Batch Energy: 0.6044 | Perplexity: 1206.6969
2026-05-15 09:20:55,527 - INFO -   Batch 70/203 | Batch Energy: 0.6112 | Perplexity: 1214.6184
2026-05-15 09:20:55,680 - INFO -   Batch 80/203 | Batch Energy: 0.6326 | Perplexity: 1200.3738
2026-05-15 09:20:55,826 - INFO -   Batch 90/203 | Batch Energy: 0.6432 | Perplexity: 1219.2682
2026-05-15 09:20:55,973 - INFO -   Batch 100/203 | Batch Energy: 0.6434 | Perplexity: 1192.7153
2026-05-15 09:20:56,122 - INFO -   Batch 110/203 | Batch Energy: 0.6414 | Perplexity: 1212.4051
2026-05-15 09:20:56,269 - INFO -   Batch 120/203 | Batch Energy: 0.6427 | Perplexity: 1190.0049
2026-05-15 09:20:56,414 - INFO -   Batch 130/203 | Batch Energy: 0.6425 | Perplexity: 1205.8870
2026-05-15 09:20:56,560 - INFO -   Batch 140/203 | Batch Energy: 0.6423 | Perplexity: 1158.6224
2026-05-15 09:20:56,706 - INFO -   Batch 150/203 | Batch Energy: 0.6419 | Perplexity: 1214.9926
2026-05-15 09:20:56,854 - INFO -   Batch 160/203 | Batch Energy: 0.6416 | Perplexity: 1215.0801
2026-05-15 09:20:57,000 - INFO -   Batch 170/203 | Batch Energy: 0.6420 | Perplexity: 1187.1728
2026-05-15 09:20:57,144 - INFO -   Batch 180/203 | Batch Energy: 0.6390 | Perplexity: 1190.6389
2026-05-15 09:20:57,290 - INFO -   Batch 190/203 | Batch Energy: 0.6372 | Perplexity: 1251.3879
2026-05-15 09:20:57,437 - INFO -   Batch 200/203 | Batch Energy: 0.6393 | Perplexity: 1206.0101
2026-05-15 09:20:57,646 - INFO - Epoch 2/10 | Train Energy: 0.6272 | Train Perplexity: 1211.2229 | Val Energy: 0.6372 | Val Perplexity: 1209.4243
2026-05-15 09:20:57,646 - INFO - Epoch 3/10
2026-05-15 09:20:57,792 - INFO -   Batch 10/203 | Batch Energy: 0.6337 | Perplexity: 1229.3925
2026-05-15 09:20:57,937 - INFO -   Batch 20/203 | Batch Energy: 0.6365 | Perplexity: 1205.2219
2026-05-15 09:20:58,086 - INFO -   Batch 30/203 | Batch Energy: 0.6356 | Perplexity: 1233.0031
2026-05-15 09:20:58,235 - INFO -   Batch 40/203 | Batch Energy: 0.6351 | Perplexity: 1162.3559
2026-05-15 09:20:58,386 - INFO -   Batch 50/203 | Batch Energy: 0.6370 | Perplexity: 1232.8996
2026-05-15 09:20:58,539 - INFO -   Batch 60/203 | Batch Energy: 0.6356 | Perplexity: 1211.8965
2026-05-15 09:20:58,687 - INFO -   Batch 70/203 | Batch Energy: 0.6357 | Perplexity: 1268.7304
2026-05-15 09:20:58,835 - INFO -   Batch 80/203 | Batch Energy: 0.6360 | Perplexity: 1206.7665
2026-05-15 09:20:58,985 - INFO -   Batch 90/203 | Batch Energy: 0.6337 | Perplexity: 1221.6106
2026-05-15 09:20:59,134 - INFO -   Batch 100/203 | Batch Energy: 0.6359 | Perplexity: 1215.1143
2026-05-15 09:20:59,284 - INFO -   Batch 110/203 | Batch Energy: 0.6343 | Perplexity: 1167.2748
2026-05-15 09:20:59,432 - INFO -   Batch 120/203 | Batch Energy: 0.6340 | Perplexity: 1222.8094
2026-05-15 09:20:59,581 - INFO -   Batch 130/203 | Batch Energy: 0.6327 | Perplexity: 1213.4577
2026-05-15 09:20:59,730 - INFO -   Batch 140/203 | Batch Energy: 0.6329 | Perplexity: 1237.2365
2026-05-15 09:20:59,877 - INFO -   Batch 150/203 | Batch Energy: 0.6342 | Perplexity: 1200.2370
2026-05-15 09:21:00,031 - INFO -   Batch 160/203 | Batch Energy: 0.6322 | Perplexity: 1250.1194
2026-05-15 09:21:00,184 - INFO -   Batch 170/203 | Batch Energy: 0.6306 | Perplexity: 1211.9768
2026-05-15 09:21:00,333 - INFO -   Batch 180/203 | Batch Energy: 0.6313 | Perplexity: 1183.0515
2026-05-15 09:21:00,481 - INFO -   Batch 190/203 | Batch Energy: 0.6323 | Perplexity: 1204.5848
2026-05-15 09:21:00,629 - INFO -   Batch 200/203 | Batch Energy: 0.6325 | Perplexity: 1225.3198
2026-05-15 09:21:00,848 - INFO - Epoch 3/10 | Train Energy: 0.6331 | Train Perplexity: 1215.6394 | Val Energy: 0.6298 | Val Perplexity: 1210.8903
2026-05-15 09:21:00,848 - INFO - Epoch 4/10
2026-05-15 09:21:00,996 - INFO -   Batch 10/203 | Batch Energy: 0.6282 | Perplexity: 1231.5194
2026-05-15 09:21:01,142 - INFO -   Batch 20/203 | Batch Energy: 0.6310 | Perplexity: 1185.3531
2026-05-15 09:21:01,294 - INFO -   Batch 30/203 | Batch Energy: 0.6279 | Perplexity: 1219.4508
2026-05-15 09:21:01,443 - INFO -   Batch 40/203 | Batch Energy: 0.6296 | Perplexity: 1228.7889
2026-05-15 09:21:01,590 - INFO -   Batch 50/203 | Batch Energy: 0.6294 | Perplexity: 1202.9500
2026-05-15 09:21:01,738 - INFO -   Batch 60/203 | Batch Energy: 0.6293 | Perplexity: 1256.8729
2026-05-15 09:21:01,885 - INFO -   Batch 70/203 | Batch Energy: 0.6266 | Perplexity: 1193.5578
2026-05-15 09:21:02,033 - INFO -   Batch 80/203 | Batch Energy: 0.6291 | Perplexity: 1214.0718
2026-05-15 09:21:02,181 - INFO -   Batch 90/203 | Batch Energy: 0.6264 | Perplexity: 1198.0973
2026-05-15 09:21:02,327 - INFO -   Batch 100/203 | Batch Energy: 0.6288 | Perplexity: 1198.3973
2026-05-15 09:21:02,478 - INFO -   Batch 110/203 | Batch Energy: 0.6270 | Perplexity: 1210.9352
2026-05-15 09:21:02,623 - INFO -   Batch 120/203 | Batch Energy: 0.6259 | Perplexity: 1214.6462
2026-05-15 09:21:02,769 - INFO -   Batch 130/203 | Batch Energy: 0.6266 | Perplexity: 1206.0791
2026-05-15 09:21:02,914 - INFO -   Batch 140/203 | Batch Energy: 0.6275 | Perplexity: 1223.4539
2026-05-15 09:21:03,059 - INFO -   Batch 150/203 | Batch Energy: 0.6277 | Perplexity: 1214.6034
2026-05-15 09:21:03,205 - INFO -   Batch 160/203 | Batch Energy: 0.6257 | Perplexity: 1237.4412
2026-05-15 09:21:03,350 - INFO -   Batch 170/203 | Batch Energy: 0.6263 | Perplexity: 1226.5883
2026-05-15 09:21:03,495 - INFO -   Batch 180/203 | Batch Energy: 0.6249 | Perplexity: 1174.8411
2026-05-15 09:21:03,643 - INFO -   Batch 190/203 | Batch Energy: 0.6246 | Perplexity: 1212.4750
2026-05-15 09:21:03,789 - INFO -   Batch 200/203 | Batch Energy: 0.6233 | Perplexity: 1199.2233
2026-05-15 09:21:04,004 - INFO - Epoch 4/10 | Train Energy: 0.6264 | Train Perplexity: 1214.4013 | Val Energy: 0.6239 | Val Perplexity: 1210.0991
2026-05-15 09:21:04,004 - INFO - Epoch 5/10
2026-05-15 09:21:04,150 - INFO -   Batch 10/203 | Batch Energy: 0.6247 | Perplexity: 1206.1619
2026-05-15 09:21:04,297 - INFO -   Batch 20/203 | Batch Energy: 0.6256 | Perplexity: 1202.6931
2026-05-15 09:21:04,444 - INFO -   Batch 30/203 | Batch Energy: 0.6250 | Perplexity: 1205.9457
2026-05-15 09:21:04,592 - INFO -   Batch 40/203 | Batch Energy: 0.6250 | Perplexity: 1217.0546
2026-05-15 09:21:04,740 - INFO -   Batch 50/203 | Batch Energy: 0.6249 | Perplexity: 1213.4265
2026-05-15 09:21:04,885 - INFO -   Batch 60/203 | Batch Energy: 0.6240 | Perplexity: 1233.7871
2026-05-15 09:21:05,033 - INFO -   Batch 70/203 | Batch Energy: 0.6250 | Perplexity: 1206.9490
2026-05-15 09:21:05,182 - INFO -   Batch 80/203 | Batch Energy: 0.6227 | Perplexity: 1211.4418
2026-05-15 09:21:05,328 - INFO -   Batch 90/203 | Batch Energy: 0.6227 | Perplexity: 1231.4079
2026-05-15 09:21:05,475 - INFO -   Batch 100/203 | Batch Energy: 0.6210 | Perplexity: 1202.6919
2026-05-15 09:21:05,624 - INFO -   Batch 110/203 | Batch Energy: 0.6238 | Perplexity: 1196.8172
2026-05-15 09:21:05,773 - INFO -   Batch 120/203 | Batch Energy: 0.6209 | Perplexity: 1255.3893
2026-05-15 09:21:05,925 - INFO -   Batch 130/203 | Batch Energy: 0.6236 | Perplexity: 1184.0916
2026-05-15 09:21:06,070 - INFO -   Batch 140/203 | Batch Energy: 0.6224 | Perplexity: 1195.9734
2026-05-15 09:21:06,215 - INFO -   Batch 150/203 | Batch Energy: 0.6217 | Perplexity: 1212.8995
2026-05-15 09:21:06,363 - INFO -   Batch 160/203 | Batch Energy: 0.6215 | Perplexity: 1201.4550
2026-05-15 09:21:06,510 - INFO -   Batch 170/203 | Batch Energy: 0.6213 | Perplexity: 1209.1114
2026-05-15 09:21:06,655 - INFO -   Batch 180/203 | Batch Energy: 0.6210 | Perplexity: 1208.9148
2026-05-15 09:21:06,803 - INFO -   Batch 190/203 | Batch Energy: 0.6203 | Perplexity: 1207.9842
2026-05-15 09:21:06,949 - INFO -   Batch 200/203 | Batch Energy: 0.6200 | Perplexity: 1191.5050
2026-05-15 09:21:07,167 - INFO - Epoch 5/10 | Train Energy: 0.6214 | Train Perplexity: 1211.6690 | Val Energy: 0.6192 | Val Perplexity: 1205.2394
2026-05-15 09:21:07,177 - INFO - Saved checkpoint to checkpoints/model_epoch_5.pt
2026-05-15 09:21:07,177 - INFO - Epoch 6/10
2026-05-15 09:21:07,325 - INFO -   Batch 10/203 | Batch Energy: 0.6145 | Perplexity: 1191.5084
2026-05-15 09:21:07,471 - INFO -   Batch 20/203 | Batch Energy: 0.6199 | Perplexity: 1198.1167
2026-05-15 09:21:07,616 - INFO -   Batch 30/203 | Batch Energy: 0.6192 | Perplexity: 1205.0737
2026-05-15 09:21:07,764 - INFO -   Batch 40/203 | Batch Energy: 0.6203 | Perplexity: 1226.5889
2026-05-15 09:21:07,911 - INFO -   Batch 50/203 | Batch Energy: 0.6217 | Perplexity: 1244.5879
2026-05-15 09:21:08,058 - INFO -   Batch 60/203 | Batch Energy: 0.6183 | Perplexity: 1200.3830
2026-05-15 09:21:08,205 - INFO -   Batch 70/203 | Batch Energy: 0.6194 | Perplexity: 1202.0205
2026-05-15 09:21:08,354 - INFO -   Batch 80/203 | Batch Energy: 0.6181 | Perplexity: 1256.5164
2026-05-15 09:21:08,503 - INFO -   Batch 90/203 | Batch Energy: 0.6168 | Perplexity: 1217.4214
2026-05-15 09:21:08,652 - INFO -   Batch 100/203 | Batch Energy: 0.6177 | Perplexity: 1209.5393
2026-05-15 09:21:08,801 - INFO -   Batch 110/203 | Batch Energy: 0.6184 | Perplexity: 1191.0739
2026-05-15 09:21:08,953 - INFO -   Batch 120/203 | Batch Energy: 0.6162 | Perplexity: 1223.0905
2026-05-15 09:21:09,104 - INFO -   Batch 130/203 | Batch Energy: 0.6170 | Perplexity: 1201.4017
2026-05-15 09:21:09,255 - INFO -   Batch 140/203 | Batch Energy: 0.6157 | Perplexity: 1225.2660
2026-05-15 09:21:09,401 - INFO -   Batch 150/203 | Batch Energy: 0.6181 | Perplexity: 1179.2447
2026-05-15 09:21:09,549 - INFO -   Batch 160/203 | Batch Energy: 0.6194 | Perplexity: 1232.0222
2026-05-15 09:21:09,697 - INFO -   Batch 170/203 | Batch Energy: 0.6181 | Perplexity: 1202.3421
2026-05-15 09:21:09,843 - INFO -   Batch 180/203 | Batch Energy: 0.6162 | Perplexity: 1217.7128
2026-05-15 09:21:09,992 - INFO -   Batch 190/203 | Batch Energy: 0.6170 | Perplexity: 1229.6482
2026-05-15 09:21:10,144 - INFO -   Batch 200/203 | Batch Energy: 0.6176 | Perplexity: 1218.1048
2026-05-15 09:21:10,366 - INFO - Epoch 6/10 | Train Energy: 0.6173 | Train Perplexity: 1213.9848 | Val Energy: 0.6151 | Val Perplexity: 1210.7504
2026-05-15 09:21:10,366 - INFO - Epoch 7/10
2026-05-15 09:21:10,519 - INFO -   Batch 10/203 | Batch Energy: 0.6128 | Perplexity: 1237.5799
2026-05-15 09:21:10,671 - INFO -   Batch 20/203 | Batch Energy: 0.6168 | Perplexity: 1222.1513
2026-05-15 09:21:10,820 - INFO -   Batch 30/203 | Batch Energy: 0.6167 | Perplexity: 1194.0110
2026-05-15 09:21:10,966 - INFO -   Batch 40/203 | Batch Energy: 0.6154 | Perplexity: 1232.7027
2026-05-15 09:21:11,116 - INFO -   Batch 50/203 | Batch Energy: 0.6153 | Perplexity: 1202.1426
2026-05-15 09:21:11,265 - INFO -   Batch 60/203 | Batch Energy: 0.6140 | Perplexity: 1198.2173
2026-05-15 09:21:11,414 - INFO -   Batch 70/203 | Batch Energy: 0.6157 | Perplexity: 1233.4118
2026-05-15 09:21:11,563 - INFO -   Batch 80/203 | Batch Energy: 0.6146 | Perplexity: 1235.7907
2026-05-15 09:21:11,708 - INFO -   Batch 90/203 | Batch Energy: 0.6167 | Perplexity: 1204.4153
2026-05-15 09:21:11,852 - INFO -   Batch 100/203 | Batch Energy: 0.6160 | Perplexity: 1215.4035
2026-05-15 09:21:11,996 - INFO -   Batch 110/203 | Batch Energy: 0.6148 | Perplexity: 1229.6464
2026-05-15 09:21:12,141 - INFO -   Batch 120/203 | Batch Energy: 0.6138 | Perplexity: 1190.2035
2026-05-15 09:21:12,288 - INFO -   Batch 130/203 | Batch Energy: 0.6156 | Perplexity: 1179.5782
2026-05-15 09:21:12,432 - INFO -   Batch 140/203 | Batch Energy: 0.6134 | Perplexity: 1232.9672
2026-05-15 09:21:12,577 - INFO -   Batch 150/203 | Batch Energy: 0.6151 | Perplexity: 1234.9018
2026-05-15 09:21:12,725 - INFO -   Batch 160/203 | Batch Energy: 0.6143 | Perplexity: 1213.1956
2026-05-15 09:21:12,869 - INFO -   Batch 170/203 | Batch Energy: 0.6137 | Perplexity: 1234.5191
2026-05-15 09:21:13,014 - INFO -   Batch 180/203 | Batch Energy: 0.6156 | Perplexity: 1217.1915
2026-05-15 09:21:13,164 - INFO -   Batch 190/203 | Batch Energy: 0.6123 | Perplexity: 1225.2590
2026-05-15 09:21:13,313 - INFO -   Batch 200/203 | Batch Energy: 0.6140 | Perplexity: 1199.2954
2026-05-15 09:21:13,532 - INFO - Epoch 7/10 | Train Energy: 0.6140 | Train Perplexity: 1213.7960 | Val Energy: 0.6122 | Val Perplexity: 1217.0684
2026-05-15 09:21:13,532 - INFO - Epoch 8/10
2026-05-15 09:21:13,681 - INFO -   Batch 10/203 | Batch Energy: 0.6110 | Perplexity: 1208.5696
2026-05-15 09:21:13,826 - INFO -   Batch 20/203 | Batch Energy: 0.6112 | Perplexity: 1196.1896
2026-05-15 09:21:13,976 - INFO -   Batch 30/203 | Batch Energy: 0.6132 | Perplexity: 1200.5301
2026-05-15 09:21:14,123 - INFO -   Batch 40/203 | Batch Energy: 0.6126 | Perplexity: 1214.0741
2026-05-15 09:21:14,273 - INFO -   Batch 50/203 | Batch Energy: 0.6135 | Perplexity: 1212.0982
2026-05-15 09:21:14,418 - INFO -   Batch 60/203 | Batch Energy: 0.6128 | Perplexity: 1202.3295
2026-05-15 09:21:14,566 - INFO -   Batch 70/203 | Batch Energy: 0.6128 | Perplexity: 1228.4011
2026-05-15 09:21:14,715 - INFO -   Batch 80/203 | Batch Energy: 0.6118 | Perplexity: 1213.6122
2026-05-15 09:21:14,861 - INFO -   Batch 90/203 | Batch Energy: 0.6134 | Perplexity: 1214.9532
2026-05-15 09:21:15,007 - INFO -   Batch 100/203 | Batch Energy: 0.6117 | Perplexity: 1207.1055
2026-05-15 09:21:15,157 - INFO -   Batch 110/203 | Batch Energy: 0.6143 | Perplexity: 1206.1119
2026-05-15 09:21:15,304 - INFO -   Batch 120/203 | Batch Energy: 0.6128 | Perplexity: 1225.4992
2026-05-15 09:21:15,452 - INFO -   Batch 130/203 | Batch Energy: 0.6124 | Perplexity: 1206.0791
2026-05-15 09:21:15,599 - INFO -   Batch 140/203 | Batch Energy: 0.6108 | Perplexity: 1185.8602
2026-05-15 09:21:15,748 - INFO -   Batch 150/203 | Batch Energy: 0.6122 | Perplexity: 1220.1936
2026-05-15 09:21:15,895 - INFO -   Batch 160/203 | Batch Energy: 0.6134 | Perplexity: 1181.2804
2026-05-15 09:21:16,041 - INFO -   Batch 170/203 | Batch Energy: 0.6129 | Perplexity: 1230.6946
2026-05-15 09:21:16,188 - INFO -   Batch 180/203 | Batch Energy: 0.6123 | Perplexity: 1175.3185
2026-05-15 09:21:16,340 - INFO -   Batch 190/203 | Batch Energy: 0.6102 | Perplexity: 1202.9058
2026-05-15 09:21:16,487 - INFO -   Batch 200/203 | Batch Energy: 0.6116 | Perplexity: 1231.7338
2026-05-15 09:21:16,705 - INFO - Epoch 8/10 | Train Energy: 0.6113 | Train Perplexity: 1211.5695 | Val Energy: 0.6092 | Val Perplexity: 1212.4342
2026-05-15 09:21:16,705 - INFO - Epoch 9/10
2026-05-15 09:21:16,852 - INFO -   Batch 10/203 | Batch Energy: 0.6060 | Perplexity: 1214.8356
2026-05-15 09:21:16,998 - INFO -   Batch 20/203 | Batch Energy: 0.6105 | Perplexity: 1218.9194
2026-05-15 09:21:17,146 - INFO -   Batch 30/203 | Batch Energy: 0.6112 | Perplexity: 1182.4520
2026-05-15 09:21:17,294 - INFO -   Batch 40/203 | Batch Energy: 0.6110 | Perplexity: 1226.9873
2026-05-15 09:21:17,443 - INFO -   Batch 50/203 | Batch Energy: 0.6096 | Perplexity: 1208.0827
2026-05-15 09:21:17,588 - INFO -   Batch 60/203 | Batch Energy: 0.6096 | Perplexity: 1215.7779
2026-05-15 09:21:17,736 - INFO -   Batch 70/203 | Batch Energy: 0.6100 | Perplexity: 1196.7002
2026-05-15 09:21:17,885 - INFO -   Batch 80/203 | Batch Energy: 0.6091 | Perplexity: 1209.9869
2026-05-15 09:21:18,032 - INFO -   Batch 90/203 | Batch Energy: 0.6104 | Perplexity: 1194.8488
2026-05-15 09:21:18,179 - INFO -   Batch 100/203 | Batch Energy: 0.6093 | Perplexity: 1193.9301
2026-05-15 09:21:18,324 - INFO -   Batch 110/203 | Batch Energy: 0.6094 | Perplexity: 1248.2246
2026-05-15 09:21:18,473 - INFO -   Batch 120/203 | Batch Energy: 0.6090 | Perplexity: 1204.6945
2026-05-15 09:21:18,624 - INFO -   Batch 130/203 | Batch Energy: 0.6096 | Perplexity: 1191.1602
2026-05-15 09:21:18,772 - INFO -   Batch 140/203 | Batch Energy: 0.6087 | Perplexity: 1243.5800
2026-05-15 09:21:18,918 - INFO -   Batch 150/203 | Batch Energy: 0.6081 | Perplexity: 1228.5563
2026-05-15 09:21:19,066 - INFO -   Batch 160/203 | Batch Energy: 0.6104 | Perplexity: 1226.9651
2026-05-15 09:21:19,214 - INFO -   Batch 170/203 | Batch Energy: 0.6094 | Perplexity: 1199.8937
2026-05-15 09:21:19,363 - INFO -   Batch 180/203 | Batch Energy: 0.6075 | Perplexity: 1227.9712
2026-05-15 09:21:19,509 - INFO -   Batch 190/203 | Batch Energy: 0.6102 | Perplexity: 1178.9006
2026-05-15 09:21:19,656 - INFO -   Batch 200/203 | Batch Energy: 0.6107 | Perplexity: 1174.8512
2026-05-15 09:21:19,872 - INFO - Epoch 9/10 | Train Energy: 0.6088 | Train Perplexity: 1211.3986 | Val Energy: 0.6067 | Val Perplexity: 1205.7378
2026-05-15 09:21:19,872 - INFO - Epoch 10/10
2026-05-15 09:21:20,025 - INFO -   Batch 10/203 | Batch Energy: 0.6060 | Perplexity: 1201.2109
2026-05-15 09:21:20,181 - INFO -   Batch 20/203 | Batch Energy: 0.6103 | Perplexity: 1212.4768
2026-05-15 09:21:20,334 - INFO -   Batch 30/203 | Batch Energy: 0.6075 | Perplexity: 1218.3424
2026-05-15 09:21:20,481 - INFO -   Batch 40/203 | Batch Energy: 0.6076 | Perplexity: 1180.6119
2026-05-15 09:21:20,631 - INFO -   Batch 50/203 | Batch Energy: 0.6090 | Perplexity: 1209.1800
2026-05-15 09:21:20,779 - INFO -   Batch 60/203 | Batch Energy: 0.6087 | Perplexity: 1255.0798
2026-05-15 09:21:20,927 - INFO -   Batch 70/203 | Batch Energy: 0.6072 | Perplexity: 1216.0150
2026-05-15 09:21:21,076 - INFO -   Batch 80/203 | Batch Energy: 0.6091 | Perplexity: 1230.1689
2026-05-15 09:21:21,222 - INFO -   Batch 90/203 | Batch Energy: 0.6079 | Perplexity: 1240.4506
2026-05-15 09:21:21,371 - INFO -   Batch 100/203 | Batch Energy: 0.6091 | Perplexity: 1214.0811
2026-05-15 09:21:21,518 - INFO -   Batch 110/203 | Batch Energy: 0.6079 | Perplexity: 1226.8960
2026-05-15 09:21:21,663 - INFO -   Batch 120/203 | Batch Energy: 0.6093 | Perplexity: 1221.4452
2026-05-15 09:21:21,812 - INFO -   Batch 130/203 | Batch Energy: 0.6056 | Perplexity: 1225.5664
2026-05-15 09:21:21,961 - INFO -   Batch 140/203 | Batch Energy: 0.6068 | Perplexity: 1220.7249
2026-05-15 09:21:22,110 - INFO -   Batch 150/203 | Batch Energy: 0.6070 | Perplexity: 1227.3214
2026-05-15 09:21:22,257 - INFO -   Batch 160/203 | Batch Energy: 0.6065 | Perplexity: 1207.6421
2026-05-15 09:21:22,405 - INFO -   Batch 170/203 | Batch Energy: 0.6081 | Perplexity: 1204.8019
2026-05-15 09:21:22,555 - INFO -   Batch 180/203 | Batch Energy: 0.6066 | Perplexity: 1253.2857
2026-05-15 09:21:22,701 - INFO -   Batch 190/203 | Batch Energy: 0.6055 | Perplexity: 1233.0519
2026-05-15 09:21:22,846 - INFO -   Batch 200/203 | Batch Energy: 0.6068 | Perplexity: 1220.9822
2026-05-15 09:21:23,056 - INFO - Epoch 10/10 | Train Energy: 0.6066 | Train Perplexity: 1214.0600 | Val Energy: 0.6050 | Val Perplexity: 1209.2361
2026-05-15 09:21:23,065 - INFO - Saved checkpoint to checkpoints/model_epoch_10.pt
2026-05-15 09:21:23,293 - INFO - Training completed in 32.31 seconds
2026-05-15 09:21:23,293 - INFO - Final model saved to: checkpoints/final_model.pt
2026-05-15 09:21:23,293 - INFO - ========== Training completed ==========
2026-05-15 10:05:32,705 - INFO - 
########################################################################################################################
2026-05-15 10:05:32,705 - INFO - Using device: cuda:0 (local rank 0)
2026-05-15 10:05:32,706 - INFO - Saving the hyperparameters configurations:
2026-05-15 10:05:32,706 - INFO - {
      "vocab_size": 1024,
      "block_size": 240,
      "lr": 3.885392918546742e-06,
      "inference_lr": 0.0003885392918546742,
      "peak_learning_rate": 3.885392918546742e-05,
      "warmup_steps": 356,
      "n_embed": 128,
      "dropout": 0.13792051616168877,
      "T": 1,
      "update_bias": false,
      "num_heads": 8,
      "n_blocks": 1,
      "batch_size": 8,
      "num_epochs": 10,
      "internal_energy_fn_name": "pc_e",
      "output_energy_fn_name": "pc_e",
      "combined_internal_weight": 0.6015226149249674,
      "combined_output_weight": 0.3984773850750326,
      "use_flash_attention": false,
      "alpha": 0.5
}
2026-05-15 10:05:32,901 - INFO - ========== Training started ==========
2026-05-15 10:05:32,902 - INFO - 0.49 M parameters
2026-05-15 10:05:32,902 - INFO - Epoch 1/10
2026-05-15 10:05:33,377 - INFO -   Batch 10/203 | Batch Energy: 0.6288 | Perplexity: 1216.1820
2026-05-15 10:05:33,549 - INFO -   Batch 20/203 | Batch Energy: 0.6256 | Perplexity: 1210.1704
2026-05-15 10:05:33,699 - INFO -   Batch 30/203 | Batch Energy: 0.6245 | Perplexity: 1180.9942
2026-05-15 10:05:33,847 - INFO -   Batch 40/203 | Batch Energy: 0.6227 | Perplexity: 1218.8265
2026-05-15 10:05:33,993 - INFO -   Batch 50/203 | Batch Energy: 0.6224 | Perplexity: 1187.1405
2026-05-15 10:05:34,136 - INFO -   Batch 60/203 | Batch Energy: 0.6195 | Perplexity: 1231.4537
2026-05-15 10:05:34,281 - INFO -   Batch 70/203 | Batch Energy: 0.6182 | Perplexity: 1191.9415
2026-05-15 10:05:34,425 - INFO -   Batch 80/203 | Batch Energy: 0.6167 | Perplexity: 1205.5461
2026-05-15 10:05:34,569 - INFO -   Batch 90/203 | Batch Energy: 0.6152 | Perplexity: 1220.0033
2026-05-15 10:05:34,714 - INFO -   Batch 100/203 | Batch Energy: 0.6137 | Perplexity: 1218.7445
2026-05-15 10:05:34,857 - INFO -   Batch 110/203 | Batch Energy: 0.6122 | Perplexity: 1228.6781
2026-05-15 10:05:35,002 - INFO -   Batch 120/203 | Batch Energy: 0.6120 | Perplexity: 1226.4129
2026-05-15 10:05:35,144 - INFO -   Batch 130/203 | Batch Energy: 0.6099 | Perplexity: 1226.6644
2026-05-15 10:05:35,288 - INFO -   Batch 140/203 | Batch Energy: 0.6096 | Perplexity: 1227.4151
2026-05-15 10:05:35,436 - INFO -   Batch 150/203 | Batch Energy: 0.6086 | Perplexity: 1225.2111
2026-05-15 10:05:35,585 - INFO -   Batch 160/203 | Batch Energy: 0.6093 | Perplexity: 1222.6018
2026-05-15 10:05:35,727 - INFO -   Batch 170/203 | Batch Energy: 0.6056 | Perplexity: 1234.8765
2026-05-15 10:05:35,872 - INFO -   Batch 180/203 | Batch Energy: 0.6064 | Perplexity: 1220.2721
2026-05-15 10:05:36,013 - INFO -   Batch 190/203 | Batch Energy: 0.6075 | Perplexity: 1205.0582
2026-05-15 10:05:36,156 - INFO -   Batch 200/203 | Batch Energy: 0.6039 | Perplexity: 1238.6821
2026-05-15 10:05:36,365 - INFO - Epoch 1/10 | Train Energy: 0.6149 | Train Perplexity: 1212.1539 | Val Energy: 0.6045 | Val Perplexity: 1205.8815
2026-05-15 10:05:36,365 - INFO - Epoch 2/10
2026-05-15 10:05:36,507 - INFO -   Batch 10/203 | Batch Energy: 0.6046 | Perplexity: 1249.6837
2026-05-15 10:05:36,655 - INFO -   Batch 20/203 | Batch Energy: 0.6041 | Perplexity: 1243.1513
2026-05-15 10:05:36,798 - INFO -   Batch 30/203 | Batch Energy: 0.6041 | Perplexity: 1168.5172
2026-05-15 10:05:36,943 - INFO -   Batch 40/203 | Batch Energy: 0.6036 | Perplexity: 1244.6775
2026-05-15 10:05:37,088 - INFO -   Batch 50/203 | Batch Energy: 0.6030 | Perplexity: 1232.7238
2026-05-15 10:05:37,235 - INFO -   Batch 60/203 | Batch Energy: 0.6044 | Perplexity: 1206.6969
2026-05-15 10:05:37,380 - INFO -   Batch 70/203 | Batch Energy: 0.6112 | Perplexity: 1214.6184
2026-05-15 10:05:37,524 - INFO -   Batch 80/203 | Batch Energy: 0.6326 | Perplexity: 1200.3732
2026-05-15 10:05:37,668 - INFO -   Batch 90/203 | Batch Energy: 0.6432 | Perplexity: 1219.2671
2026-05-15 10:05:37,813 - INFO -   Batch 100/203 | Batch Energy: 0.6434 | Perplexity: 1192.7147
2026-05-15 10:05:37,957 - INFO -   Batch 110/203 | Batch Energy: 0.6414 | Perplexity: 1212.4051
2026-05-15 10:05:38,101 - INFO -   Batch 120/203 | Batch Energy: 0.6427 | Perplexity: 1190.0049
2026-05-15 10:05:38,247 - INFO -   Batch 130/203 | Batch Energy: 0.6425 | Perplexity: 1205.8870
2026-05-15 10:05:38,390 - INFO -   Batch 140/203 | Batch Energy: 0.6423 | Perplexity: 1158.6224
2026-05-15 10:05:38,538 - INFO -   Batch 150/203 | Batch Energy: 0.6419 | Perplexity: 1214.9926
2026-05-15 10:05:38,684 - INFO -   Batch 160/203 | Batch Energy: 0.6416 | Perplexity: 1215.0801
2026-05-15 10:05:38,828 - INFO -   Batch 170/203 | Batch Energy: 0.6420 | Perplexity: 1187.1728
2026-05-15 10:05:38,977 - INFO -   Batch 180/203 | Batch Energy: 0.6390 | Perplexity: 1190.6395
2026-05-15 10:05:39,125 - INFO -   Batch 190/203 | Batch Energy: 0.6372 | Perplexity: 1251.3879
2026-05-15 10:05:39,269 - INFO -   Batch 200/203 | Batch Energy: 0.6393 | Perplexity: 1206.0095
2026-05-15 10:05:39,485 - INFO - Epoch 2/10 | Train Energy: 0.6272 | Train Perplexity: 1211.2229 | Val Energy: 0.6372 | Val Perplexity: 1209.4242
2026-05-15 10:05:39,485 - INFO - Epoch 3/10
2026-05-15 10:05:39,630 - INFO -   Batch 10/203 | Batch Energy: 0.6337 | Perplexity: 1229.3925
2026-05-15 10:05:39,777 - INFO -   Batch 20/203 | Batch Energy: 0.6365 | Perplexity: 1205.2219
2026-05-15 10:05:39,920 - INFO -   Batch 30/203 | Batch Energy: 0.6356 | Perplexity: 1233.0031
2026-05-15 10:05:40,069 - INFO -   Batch 40/203 | Batch Energy: 0.6351 | Perplexity: 1162.3565
2026-05-15 10:05:40,220 - INFO -   Batch 50/203 | Batch Energy: 0.6370 | Perplexity: 1232.9002
2026-05-15 10:05:40,367 - INFO -   Batch 60/203 | Batch Energy: 0.6356 | Perplexity: 1211.8965
2026-05-15 10:05:40,513 - INFO -   Batch 70/203 | Batch Energy: 0.6357 | Perplexity: 1268.7304
2026-05-15 10:05:40,663 - INFO -   Batch 80/203 | Batch Energy: 0.6360 | Perplexity: 1206.7665
2026-05-15 10:05:40,808 - INFO -   Batch 90/203 | Batch Energy: 0.6337 | Perplexity: 1221.6112
2026-05-15 10:05:40,953 - INFO -   Batch 100/203 | Batch Energy: 0.6359 | Perplexity: 1215.1143
2026-05-15 10:05:41,100 - INFO -   Batch 110/203 | Batch Energy: 0.6343 | Perplexity: 1167.2742
2026-05-15 10:05:41,246 - INFO -   Batch 120/203 | Batch Energy: 0.6340 | Perplexity: 1222.8094
2026-05-15 10:05:41,391 - INFO -   Batch 130/203 | Batch Energy: 0.6327 | Perplexity: 1213.4577
2026-05-15 10:05:41,535 - INFO -   Batch 140/203 | Batch Energy: 0.6329 | Perplexity: 1237.2365
2026-05-15 10:05:41,681 - INFO -   Batch 150/203 | Batch Energy: 0.6342 | Perplexity: 1200.2364
2026-05-15 10:05:41,825 - INFO -   Batch 160/203 | Batch Energy: 0.6322 | Perplexity: 1250.1194
2026-05-15 10:05:41,969 - INFO -   Batch 170/203 | Batch Energy: 0.6306 | Perplexity: 1211.9774
2026-05-15 10:05:42,115 - INFO -   Batch 180/203 | Batch Energy: 0.6313 | Perplexity: 1183.0515
2026-05-15 10:05:42,261 - INFO -   Batch 190/203 | Batch Energy: 0.6323 | Perplexity: 1204.5853
2026-05-15 10:05:42,411 - INFO -   Batch 200/203 | Batch Energy: 0.6325 | Perplexity: 1225.3198
2026-05-15 10:05:42,626 - INFO - Epoch 3/10 | Train Energy: 0.6331 | Train Perplexity: 1215.6394 | Val Energy: 0.6298 | Val Perplexity: 1212.5390
2026-05-15 10:05:42,626 - INFO - Epoch 4/10
2026-05-15 10:05:42,769 - INFO -   Batch 10/203 | Batch Energy: 0.6282 | Perplexity: 1231.5182
2026-05-15 10:05:42,916 - INFO -   Batch 20/203 | Batch Energy: 0.6310 | Perplexity: 1185.3537
2026-05-15 10:05:43,060 - INFO -   Batch 30/203 | Batch Energy: 0.6279 | Perplexity: 1219.4514
2026-05-15 10:05:43,207 - INFO -   Batch 40/203 | Batch Energy: 0.6296 | Perplexity: 1228.7883
2026-05-15 10:05:43,354 - INFO -   Batch 50/203 | Batch Energy: 0.6294 | Perplexity: 1202.9500
2026-05-15 10:05:43,499 - INFO -   Batch 60/203 | Batch Energy: 0.6293 | Perplexity: 1256.8735
2026-05-15 10:05:43,644 - INFO -   Batch 70/203 | Batch Energy: 0.6266 | Perplexity: 1193.5573
2026-05-15 10:05:43,787 - INFO -   Batch 80/203 | Batch Energy: 0.6291 | Perplexity: 1214.0718
2026-05-15 10:05:43,932 - INFO -   Batch 90/203 | Batch Energy: 0.6264 | Perplexity: 1198.0973
2026-05-15 10:05:44,078 - INFO -   Batch 100/203 | Batch Energy: 0.6288 | Perplexity: 1198.3973
2026-05-15 10:05:44,220 - INFO -   Batch 110/203 | Batch Energy: 0.6270 | Perplexity: 1210.9341
2026-05-15 10:05:44,365 - INFO -   Batch 120/203 | Batch Energy: 0.6259 | Perplexity: 1214.6462
2026-05-15 10:05:44,510 - INFO -   Batch 130/203 | Batch Energy: 0.6266 | Perplexity: 1206.0791
2026-05-15 10:05:44,655 - INFO -   Batch 140/203 | Batch Energy: 0.6275 | Perplexity: 1223.4521
2026-05-15 10:05:44,800 - INFO -   Batch 150/203 | Batch Energy: 0.6277 | Perplexity: 1214.6034
2026-05-15 10:05:44,947 - INFO -   Batch 160/203 | Batch Energy: 0.6257 | Perplexity: 1237.4412
2026-05-15 10:05:45,091 - INFO -   Batch 170/203 | Batch Energy: 0.6263 | Perplexity: 1226.5883
2026-05-15 10:05:45,238 - INFO -   Batch 180/203 | Batch Energy: 0.6249 | Perplexity: 1174.8411
2026-05-15 10:05:45,384 - INFO -   Batch 190/203 | Batch Energy: 0.6246 | Perplexity: 1212.4762
2026-05-15 10:05:45,529 - INFO -   Batch 200/203 | Batch Energy: 0.6233 | Perplexity: 1199.2233
2026-05-15 10:05:45,743 - INFO - Epoch 4/10 | Train Energy: 0.6264 | Train Perplexity: 1214.4012 | Val Energy: 0.6239 | Val Perplexity: 1210.0989
2026-05-15 10:05:45,743 - INFO - Epoch 5/10
2026-05-15 10:05:45,892 - INFO -   Batch 10/203 | Batch Energy: 0.6247 | Perplexity: 1206.1619
2026-05-15 10:05:46,039 - INFO -   Batch 20/203 | Batch Energy: 0.6256 | Perplexity: 1202.6925
2026-05-15 10:05:46,184 - INFO -   Batch 30/203 | Batch Energy: 0.6250 | Perplexity: 1205.9457
2026-05-15 10:05:46,331 - INFO -   Batch 40/203 | Batch Energy: 0.6250 | Perplexity: 1217.0546
2026-05-15 10:05:46,483 - INFO -   Batch 50/203 | Batch Energy: 0.6249 | Perplexity: 1213.4265
2026-05-15 10:05:46,629 - INFO -   Batch 60/203 | Batch Energy: 0.6240 | Perplexity: 1233.7871
2026-05-15 10:05:46,773 - INFO -   Batch 70/203 | Batch Energy: 0.6250 | Perplexity: 1206.9484
2026-05-15 10:05:46,926 - INFO -   Batch 80/203 | Batch Energy: 0.6227 | Perplexity: 1211.4418
2026-05-15 10:05:47,072 - INFO -   Batch 90/203 | Batch Energy: 0.6227 | Perplexity: 1231.4090
2026-05-15 10:05:47,218 - INFO -   Batch 100/203 | Batch Energy: 0.6210 | Perplexity: 1202.6925
2026-05-15 10:05:47,362 - INFO -   Batch 110/203 | Batch Energy: 0.6238 | Perplexity: 1196.8172
2026-05-15 10:05:47,508 - INFO -   Batch 120/203 | Batch Energy: 0.6209 | Perplexity: 1255.3887
2026-05-15 10:05:47,654 - INFO -   Batch 130/203 | Batch Energy: 0.6236 | Perplexity: 1184.0922
2026-05-15 10:05:47,798 - INFO -   Batch 140/203 | Batch Energy: 0.6224 | Perplexity: 1195.9734
2026-05-15 10:05:47,941 - INFO -   Batch 150/203 | Batch Energy: 0.6217 | Perplexity: 1212.9001
2026-05-15 10:05:48,090 - INFO -   Batch 160/203 | Batch Energy: 0.6215 | Perplexity: 1201.4550
2026-05-15 10:05:48,235 - INFO -   Batch 170/203 | Batch Energy: 0.6213 | Perplexity: 1209.1114
2026-05-15 10:05:48,379 - INFO -   Batch 180/203 | Batch Energy: 0.6210 | Perplexity: 1208.9165
2026-05-15 10:05:48,526 - INFO -   Batch 190/203 | Batch Energy: 0.6203 | Perplexity: 1207.9842
2026-05-15 10:05:48,670 - INFO -   Batch 200/203 | Batch Energy: 0.6200 | Perplexity: 1191.5050
2026-05-15 10:05:48,877 - INFO - Epoch 5/10 | Train Energy: 0.6214 | Train Perplexity: 1211.6691 | Val Energy: 0.6192 | Val Perplexity: 1205.2390
2026-05-15 10:05:48,888 - INFO - Saved checkpoint to checkpoints/model_epoch_5.pt
2026-05-15 10:05:48,888 - INFO - Epoch 6/10
2026-05-15 10:05:49,031 - INFO -   Batch 10/203 | Batch Energy: 0.6145 | Perplexity: 1191.5084
2026-05-15 10:05:49,177 - INFO -   Batch 20/203 | Batch Energy: 0.6199 | Perplexity: 1198.1167
2026-05-15 10:05:49,325 - INFO -   Batch 30/203 | Batch Energy: 0.6192 | Perplexity: 1205.0725
2026-05-15 10:05:49,469 - INFO -   Batch 40/203 | Batch Energy: 0.6203 | Perplexity: 1226.5889
2026-05-15 10:05:49,616 - INFO -   Batch 50/203 | Batch Energy: 0.6217 | Perplexity: 1244.5879
2026-05-15 10:05:49,759 - INFO -   Batch 60/203 | Batch Energy: 0.6183 | Perplexity: 1200.3830
2026-05-15 10:05:49,900 - INFO -   Batch 70/203 | Batch Energy: 0.6194 | Perplexity: 1202.0205
2026-05-15 10:05:50,047 - INFO -   Batch 80/203 | Batch Energy: 0.6181 | Perplexity: 1256.5164
2026-05-15 10:05:50,195 - INFO -   Batch 90/203 | Batch Energy: 0.6168 | Perplexity: 1217.4214
2026-05-15 10:05:50,339 - INFO -   Batch 100/203 | Batch Energy: 0.6177 | Perplexity: 1209.5393
2026-05-15 10:05:50,482 - INFO -   Batch 110/203 | Batch Energy: 0.6184 | Perplexity: 1191.0739
2026-05-15 10:05:50,625 - INFO -   Batch 120/203 | Batch Energy: 0.6162 | Perplexity: 1223.0905
2026-05-15 10:05:50,770 - INFO -   Batch 130/203 | Batch Energy: 0.6170 | Perplexity: 1201.4017
2026-05-15 10:05:50,913 - INFO -   Batch 140/203 | Batch Energy: 0.6157 | Perplexity: 1225.2666
2026-05-15 10:05:51,058 - INFO -   Batch 150/203 | Batch Energy: 0.6181 | Perplexity: 1179.2453
2026-05-15 10:05:51,203 - INFO -   Batch 160/203 | Batch Energy: 0.6194 | Perplexity: 1232.0222
2026-05-15 10:05:51,348 - INFO -   Batch 170/203 | Batch Energy: 0.6181 | Perplexity: 1202.3421
2026-05-15 10:05:51,490 - INFO -   Batch 180/203 | Batch Energy: 0.6162 | Perplexity: 1217.7140
2026-05-15 10:05:51,633 - INFO -   Batch 190/203 | Batch Energy: 0.6170 | Perplexity: 1229.6482
2026-05-15 10:05:51,774 - INFO -   Batch 200/203 | Batch Energy: 0.6176 | Perplexity: 1218.1048
2026-05-15 10:05:51,982 - INFO - Epoch 6/10 | Train Energy: 0.6173 | Train Perplexity: 1213.9848 | Val Energy: 0.6151 | Val Perplexity: 1210.7506
2026-05-15 10:05:51,983 - INFO - Epoch 7/10
2026-05-15 10:05:52,128 - INFO -   Batch 10/203 | Batch Energy: 0.6128 | Perplexity: 1237.5799
2026-05-15 10:05:52,276 - INFO -   Batch 20/203 | Batch Energy: 0.6168 | Perplexity: 1222.1513
2026-05-15 10:05:52,418 - INFO -   Batch 30/203 | Batch Energy: 0.6167 | Perplexity: 1194.0110
2026-05-15 10:05:52,563 - INFO -   Batch 40/203 | Batch Energy: 0.6154 | Perplexity: 1232.7039
2026-05-15 10:05:52,711 - INFO -   Batch 50/203 | Batch Energy: 0.6153 | Perplexity: 1202.1426
2026-05-15 10:05:52,859 - INFO -   Batch 60/203 | Batch Energy: 0.6140 | Perplexity: 1198.2179
2026-05-15 10:05:53,003 - INFO -   Batch 70/203 | Batch Energy: 0.6157 | Perplexity: 1233.4118
2026-05-15 10:05:53,151 - INFO -   Batch 80/203 | Batch Energy: 0.6146 | Perplexity: 1235.7907
2026-05-15 10:05:53,297 - INFO -   Batch 90/203 | Batch Energy: 0.6167 | Perplexity: 1204.4153
2026-05-15 10:05:53,440 - INFO -   Batch 100/203 | Batch Energy: 0.6160 | Perplexity: 1215.4035
2026-05-15 10:05:53,582 - INFO -   Batch 110/203 | Batch Energy: 0.6148 | Perplexity: 1229.6464
2026-05-15 10:05:53,723 - INFO -   Batch 120/203 | Batch Energy: 0.6138 | Perplexity: 1190.2035
2026-05-15 10:05:53,870 - INFO -   Batch 130/203 | Batch Energy: 0.6156 | Perplexity: 1179.5782
2026-05-15 10:05:54,013 - INFO -   Batch 140/203 | Batch Energy: 0.6134 | Perplexity: 1232.9672
2026-05-15 10:05:54,154 - INFO -   Batch 150/203 | Batch Energy: 0.6151 | Perplexity: 1234.9036
2026-05-15 10:05:54,300 - INFO -   Batch 160/203 | Batch Energy: 0.6143 | Perplexity: 1213.1956
2026-05-15 10:05:54,442 - INFO -   Batch 170/203 | Batch Energy: 0.6137 | Perplexity: 1234.5186
2026-05-15 10:05:54,583 - INFO -   Batch 180/203 | Batch Energy: 0.6156 | Perplexity: 1217.1921
2026-05-15 10:05:54,726 - INFO -   Batch 190/203 | Batch Energy: 0.6123 | Perplexity: 1225.2590
2026-05-15 10:05:54,869 - INFO -   Batch 200/203 | Batch Energy: 0.6140 | Perplexity: 1199.2959
2026-05-15 10:05:55,081 - INFO - Epoch 7/10 | Train Energy: 0.6140 | Train Perplexity: 1213.8962 | Val Energy: 0.6122 | Val Perplexity: 1217.0685
2026-05-15 10:05:55,081 - INFO - Epoch 8/10
2026-05-15 10:05:55,227 - INFO -   Batch 10/203 | Batch Energy: 0.6110 | Perplexity: 1208.5684
2026-05-15 10:05:55,370 - INFO -   Batch 20/203 | Batch Energy: 0.6112 | Perplexity: 1196.1901
2026-05-15 10:05:55,515 - INFO -   Batch 30/203 | Batch Energy: 0.6132 | Perplexity: 1200.5284
2026-05-15 10:05:55,659 - INFO -   Batch 40/203 | Batch Energy: 0.6126 | Perplexity: 1214.0741
2026-05-15 10:05:55,805 - INFO -   Batch 50/203 | Batch Energy: 0.6135 | Perplexity: 1212.0976
2026-05-15 10:05:55,948 - INFO -   Batch 60/203 | Batch Energy: 0.6128 | Perplexity: 1202.3289
2026-05-15 10:05:56,094 - INFO -   Batch 70/203 | Batch Energy: 0.6128 | Perplexity: 1228.3999
2026-05-15 10:05:56,241 - INFO -   Batch 80/203 | Batch Energy: 0.6118 | Perplexity: 1213.6117
2026-05-15 10:05:56,385 - INFO -   Batch 90/203 | Batch Energy: 0.6134 | Perplexity: 1214.9544
2026-05-15 10:05:56,529 - INFO -   Batch 100/203 | Batch Energy: 0.6117 | Perplexity: 1207.1055
2026-05-15 10:05:56,673 - INFO -   Batch 110/203 | Batch Energy: 0.6143 | Perplexity: 1206.1113
2026-05-15 10:05:56,816 - INFO -   Batch 120/203 | Batch Energy: 0.6128 | Perplexity: 1225.4992
2026-05-15 10:05:56,959 - INFO -   Batch 130/203 | Batch Energy: 0.6124 | Perplexity: 1206.0791
2026-05-15 10:05:57,107 - INFO -   Batch 140/203 | Batch Energy: 0.6108 | Perplexity: 1185.8602
2026-05-15 10:05:57,250 - INFO -   Batch 150/203 | Batch Energy: 0.6122 | Perplexity: 1220.1924
2026-05-15 10:05:57,394 - INFO -   Batch 160/203 | Batch Energy: 0.6134 | Perplexity: 1181.2804
2026-05-15 10:05:57,537 - INFO -   Batch 170/203 | Batch Energy: 0.6129 | Perplexity: 1230.6935
2026-05-15 10:05:57,680 - INFO -   Batch 180/203 | Batch Energy: 0.6123 | Perplexity: 1175.3191
2026-05-15 10:05:57,826 - INFO -   Batch 190/203 | Batch Energy: 0.6102 | Perplexity: 1202.9064
2026-05-15 10:05:57,971 - INFO -   Batch 200/203 | Batch Energy: 0.6116 | Perplexity: 1231.7338
2026-05-15 10:05:58,183 - INFO - Epoch 8/10 | Train Energy: 0.6113 | Train Perplexity: 1211.6758 | Val Energy: 0.6092 | Val Perplexity: 1212.4341
2026-05-15 10:05:58,183 - INFO - Epoch 9/10
2026-05-15 10:05:58,335 - INFO -   Batch 10/203 | Batch Energy: 0.6060 | Perplexity: 1214.8362
2026-05-15 10:05:58,485 - INFO -   Batch 20/203 | Batch Energy: 0.6105 | Perplexity: 1218.9189
2026-05-15 10:05:58,630 - INFO -   Batch 30/203 | Batch Energy: 0.6112 | Perplexity: 1182.4520
2026-05-15 10:05:58,773 - INFO -   Batch 40/203 | Batch Energy: 0.6110 | Perplexity: 1226.9873
2026-05-15 10:05:58,918 - INFO -   Batch 50/203 | Batch Energy: 0.6096 | Perplexity: 1208.0827
2026-05-15 10:05:59,063 - INFO -   Batch 60/203 | Batch Energy: 0.6096 | Perplexity: 1215.7785
2026-05-15 10:05:59,207 - INFO -   Batch 70/203 | Batch Energy: 0.6100 | Perplexity: 1196.7002
2026-05-15 10:05:59,352 - INFO -   Batch 80/203 | Batch Energy: 0.6091 | Perplexity: 1209.9869
2026-05-15 10:05:59,498 - INFO -   Batch 90/203 | Batch Energy: 0.6104 | Perplexity: 1194.8488
2026-05-15 10:05:59,644 - INFO -   Batch 100/203 | Batch Energy: 0.6093 | Perplexity: 1193.9301
2026-05-15 10:05:59,789 - INFO -   Batch 110/203 | Batch Energy: 0.6094 | Perplexity: 1248.2246
2026-05-15 10:05:59,932 - INFO -   Batch 120/203 | Batch Energy: 0.6090 | Perplexity: 1204.6939
2026-05-15 10:06:00,080 - INFO -   Batch 130/203 | Batch Energy: 0.6096 | Perplexity: 1191.1602
2026-05-15 10:06:00,226 - INFO -   Batch 140/203 | Batch Energy: 0.6087 | Perplexity: 1243.5800
2026-05-15 10:06:00,373 - INFO -   Batch 150/203 | Batch Energy: 0.6081 | Perplexity: 1228.5557
2026-05-15 10:06:00,518 - INFO -   Batch 160/203 | Batch Energy: 0.6104 | Perplexity: 1226.9651
2026-05-15 10:06:00,664 - INFO -   Batch 170/203 | Batch Energy: 0.6094 | Perplexity: 1199.8931
2026-05-15 10:06:00,807 - INFO -   Batch 180/203 | Batch Energy: 0.6075 | Perplexity: 1227.9712
2026-05-15 10:06:00,953 - INFO -   Batch 190/203 | Batch Energy: 0.6102 | Perplexity: 1178.9006
2026-05-15 10:06:01,097 - INFO -   Batch 200/203 | Batch Energy: 0.6107 | Perplexity: 1174.8512
2026-05-15 10:06:01,312 - INFO - Epoch 9/10 | Train Energy: 0.6088 | Train Perplexity: 1211.3987 | Val Energy: 0.6067 | Val Perplexity: 1205.7377
2026-05-15 10:06:01,312 - INFO - Epoch 10/10
2026-05-15 10:06:01,457 - INFO -   Batch 10/203 | Batch Energy: 0.6060 | Perplexity: 1201.2121
2026-05-15 10:06:01,603 - INFO -   Batch 20/203 | Batch Energy: 0.6103 | Perplexity: 1212.4768
2026-05-15 10:06:01,751 - INFO -   Batch 30/203 | Batch Energy: 0.6075 | Perplexity: 1218.3413
2026-05-15 10:06:01,897 - INFO -   Batch 40/203 | Batch Energy: 0.6076 | Perplexity: 1180.6108
2026-05-15 10:06:02,042 - INFO -   Batch 50/203 | Batch Energy: 0.6090 | Perplexity: 1209.1794
2026-05-15 10:06:02,190 - INFO -   Batch 60/203 | Batch Energy: 0.6087 | Perplexity: 1255.0798
2026-05-15 10:06:02,335 - INFO -   Batch 70/203 | Batch Energy: 0.6072 | Perplexity: 1216.0150
2026-05-15 10:06:02,478 - INFO -   Batch 80/203 | Batch Energy: 0.6091 | Perplexity: 1230.1689
2026-05-15 10:06:02,624 - INFO -   Batch 90/203 | Batch Energy: 0.6079 | Perplexity: 1240.4530
2026-05-15 10:06:02,769 - INFO -   Batch 100/203 | Batch Energy: 0.6091 | Perplexity: 1214.0811
2026-05-15 10:06:02,916 - INFO -   Batch 110/203 | Batch Energy: 0.6079 | Perplexity: 1226.8960
2026-05-15 10:06:03,065 - INFO -   Batch 120/203 | Batch Energy: 0.6093 | Perplexity: 1221.4452
2026-05-15 10:06:03,217 - INFO -   Batch 130/203 | Batch Energy: 0.6056 | Perplexity: 1225.5664
2026-05-15 10:06:03,363 - INFO -   Batch 140/203 | Batch Energy: 0.6068 | Perplexity: 1220.7249
2026-05-15 10:06:03,511 - INFO -   Batch 150/203 | Batch Energy: 0.6070 | Perplexity: 1227.3191
2026-05-15 10:06:03,657 - INFO -   Batch 160/203 | Batch Energy: 0.6065 | Perplexity: 1207.6421
2026-05-15 10:06:03,804 - INFO -   Batch 170/203 | Batch Energy: 0.6081 | Perplexity: 1204.8025
2026-05-15 10:06:03,950 - INFO -   Batch 180/203 | Batch Energy: 0.6066 | Perplexity: 1253.2863
2026-05-15 10:06:04,095 - INFO -   Batch 190/203 | Batch Energy: 0.6055 | Perplexity: 1233.0507
2026-05-15 10:06:04,241 - INFO -   Batch 200/203 | Batch Energy: 0.6068 | Perplexity: 1220.9822
2026-05-15 10:06:04,457 - INFO - Epoch 10/10 | Train Energy: 0.6066 | Train Perplexity: 1214.0601 | Val Energy: 0.6050 | Val Perplexity: 1209.2361
2026-05-15 10:06:04,466 - INFO - Saved checkpoint to checkpoints/model_epoch_10.pt
2026-05-15 10:06:04,688 - INFO - Training completed in 31.79 seconds
2026-05-15 10:06:04,688 - INFO - Final model saved to: checkpoints/final_model.pt
2026-05-15 10:06:04,688 - INFO - ========== Training completed ==========
2026-05-15 10:31:32,612 - INFO - 
########################################################################################################################
2026-05-15 10:31:32,612 - INFO - Using device: cuda:0 (local rank 0)
2026-05-15 10:31:32,612 - INFO - Saving the hyperparameters configurations:
2026-05-15 10:31:32,612 - INFO - {
      "vocab_size": 1024,
      "block_size": 240,
      "lr": 3.885392918546742e-06,
      "inference_lr": 0.0003885392918546742,
      "peak_learning_rate": 3.885392918546742e-05,
      "warmup_steps": 356,
      "n_embed": 128,
      "dropout": 0.13792051616168877,
      "T": 1,
      "update_bias": false,
      "num_heads": 8,
      "n_blocks": 1,
      "batch_size": 8,
      "num_epochs": 10,
      "internal_energy_fn_name": "pc_e",
      "output_energy_fn_name": "pc_e",
      "combined_internal_weight": 0.6015226149249674,
      "combined_output_weight": 0.3984773850750326,
      "use_flash_attention": false,
      "alpha": 0.5
}
2026-05-15 10:31:32,790 - INFO - ========== Training started ==========
2026-05-15 10:31:32,790 - INFO - 0.49 M parameters
2026-05-15 10:31:32,790 - INFO - Epoch 1/10
2026-05-15 10:31:33,267 - INFO -   Batch 10/203 | Batch Energy: 0.6288 | Perplexity: 1216.1820
2026-05-15 10:31:33,442 - INFO -   Batch 20/203 | Batch Energy: 0.6256 | Perplexity: 1210.1704
2026-05-15 10:31:33,596 - INFO -   Batch 30/203 | Batch Energy: 0.6245 | Perplexity: 1180.9942
2026-05-15 10:31:33,748 - INFO -   Batch 40/203 | Batch Energy: 0.6227 | Perplexity: 1218.8265
2026-05-15 10:31:33,900 - INFO -   Batch 50/203 | Batch Energy: 0.6224 | Perplexity: 1187.1405
2026-05-15 10:31:34,050 - INFO -   Batch 60/203 | Batch Energy: 0.6195 | Perplexity: 1231.4537
2026-05-15 10:31:34,201 - INFO -   Batch 70/203 | Batch Energy: 0.6182 | Perplexity: 1191.9415
2026-05-15 10:31:34,355 - INFO -   Batch 80/203 | Batch Energy: 0.6167 | Perplexity: 1205.5461
2026-05-15 10:31:34,506 - INFO -   Batch 90/203 | Batch Energy: 0.6152 | Perplexity: 1220.0033
2026-05-15 10:31:34,656 - INFO -   Batch 100/203 | Batch Energy: 0.6137 | Perplexity: 1218.7445
2026-05-15 10:31:34,810 - INFO -   Batch 110/203 | Batch Energy: 0.6122 | Perplexity: 1228.6781
2026-05-15 10:31:34,960 - INFO -   Batch 120/203 | Batch Energy: 0.6120 | Perplexity: 1226.4129
2026-05-15 10:31:35,112 - INFO -   Batch 130/203 | Batch Energy: 0.6099 | Perplexity: 1226.6644
2026-05-15 10:31:35,265 - INFO -   Batch 140/203 | Batch Energy: 0.6096 | Perplexity: 1227.4151
2026-05-15 10:31:35,414 - INFO -   Batch 150/203 | Batch Energy: 0.6086 | Perplexity: 1225.2111
2026-05-15 10:31:35,561 - INFO -   Batch 160/203 | Batch Energy: 0.6093 | Perplexity: 1222.6018
2026-05-15 10:31:35,712 - INFO -   Batch 170/203 | Batch Energy: 0.6056 | Perplexity: 1234.8765
2026-05-15 10:31:35,862 - INFO -   Batch 180/203 | Batch Energy: 0.6064 | Perplexity: 1220.2721
2026-05-15 10:31:36,013 - INFO -   Batch 190/203 | Batch Energy: 0.6075 | Perplexity: 1205.0582
2026-05-15 10:31:36,163 - INFO -   Batch 200/203 | Batch Energy: 0.6039 | Perplexity: 1238.6821
2026-05-15 10:31:36,380 - INFO - Epoch 1/10 | Train Energy: 0.6149 | Train Perplexity: 1212.1539 | Val Energy: 0.6045 | Val Perplexity: 1207.3560
2026-05-15 10:31:36,380 - INFO - Epoch 2/10
2026-05-15 10:31:36,531 - INFO -   Batch 10/203 | Batch Energy: 0.6046 | Perplexity: 1249.6831
2026-05-15 10:31:36,679 - INFO -   Batch 20/203 | Batch Energy: 0.6041 | Perplexity: 1243.1513
2026-05-15 10:31:36,829 - INFO -   Batch 30/203 | Batch Energy: 0.6041 | Perplexity: 1168.5172
2026-05-15 10:31:36,978 - INFO -   Batch 40/203 | Batch Energy: 0.6036 | Perplexity: 1244.6775
2026-05-15 10:31:37,127 - INFO -   Batch 50/203 | Batch Energy: 0.6030 | Perplexity: 1232.7238
2026-05-15 10:31:37,276 - INFO -   Batch 60/203 | Batch Energy: 0.6044 | Perplexity: 1206.6969
2026-05-15 10:31:37,425 - INFO -   Batch 70/203 | Batch Energy: 0.6112 | Perplexity: 1214.6184
2026-05-15 10:31:37,572 - INFO -   Batch 80/203 | Batch Energy: 0.6326 | Perplexity: 1200.3738
2026-05-15 10:31:37,723 - INFO -   Batch 90/203 | Batch Energy: 0.6432 | Perplexity: 1219.2682
2026-05-15 10:31:37,873 - INFO -   Batch 100/203 | Batch Energy: 0.6434 | Perplexity: 1192.7153
2026-05-15 10:31:38,022 - INFO -   Batch 110/203 | Batch Energy: 0.6414 | Perplexity: 1212.4051
2026-05-15 10:31:38,171 - INFO -   Batch 120/203 | Batch Energy: 0.6427 | Perplexity: 1190.0049
2026-05-15 10:31:38,318 - INFO -   Batch 130/203 | Batch Energy: 0.6425 | Perplexity: 1205.8870
2026-05-15 10:31:38,469 - INFO -   Batch 140/203 | Batch Energy: 0.6423 | Perplexity: 1158.6224
2026-05-15 10:31:38,617 - INFO -   Batch 150/203 | Batch Energy: 0.6419 | Perplexity: 1214.9926
2026-05-15 10:31:38,765 - INFO -   Batch 160/203 | Batch Energy: 0.6416 | Perplexity: 1215.0801
2026-05-15 10:31:38,913 - INFO -   Batch 170/203 | Batch Energy: 0.6420 | Perplexity: 1187.1728
2026-05-15 10:31:39,060 - INFO -   Batch 180/203 | Batch Energy: 0.6390 | Perplexity: 1190.6389
2026-05-15 10:31:39,212 - INFO -   Batch 190/203 | Batch Energy: 0.6372 | Perplexity: 1251.3879
2026-05-15 10:31:39,363 - INFO -   Batch 200/203 | Batch Energy: 0.6393 | Perplexity: 1206.0101
2026-05-15 10:31:39,577 - INFO - Epoch 2/10 | Train Energy: 0.6272 | Train Perplexity: 1211.2229 | Val Energy: 0.6372 | Val Perplexity: 1209.4243
2026-05-15 10:31:39,578 - INFO - Epoch 3/10
2026-05-15 10:31:39,727 - INFO -   Batch 10/203 | Batch Energy: 0.6337 | Perplexity: 1229.3925
2026-05-15 10:31:39,874 - INFO -   Batch 20/203 | Batch Energy: 0.6365 | Perplexity: 1205.2219
2026-05-15 10:31:40,022 - INFO -   Batch 30/203 | Batch Energy: 0.6356 | Perplexity: 1233.0031
2026-05-15 10:31:40,173 - INFO -   Batch 40/203 | Batch Energy: 0.6351 | Perplexity: 1162.3559
2026-05-15 10:31:40,322 - INFO -   Batch 50/203 | Batch Energy: 0.6370 | Perplexity: 1232.8996
2026-05-15 10:31:40,471 - INFO -   Batch 60/203 | Batch Energy: 0.6356 | Perplexity: 1211.8965
2026-05-15 10:31:40,621 - INFO -   Batch 70/203 | Batch Energy: 0.6357 | Perplexity: 1268.7304
2026-05-15 10:31:40,769 - INFO -   Batch 80/203 | Batch Energy: 0.6360 | Perplexity: 1206.7665
2026-05-15 10:31:40,918 - INFO -   Batch 90/203 | Batch Energy: 0.6337 | Perplexity: 1221.6106
2026-05-15 10:31:41,067 - INFO -   Batch 100/203 | Batch Energy: 0.6359 | Perplexity: 1215.1143
2026-05-15 10:31:41,220 - INFO -   Batch 110/203 | Batch Energy: 0.6343 | Perplexity: 1167.2748
2026-05-15 10:31:41,371 - INFO -   Batch 120/203 | Batch Energy: 0.6340 | Perplexity: 1222.8094
2026-05-15 10:31:41,521 - INFO -   Batch 130/203 | Batch Energy: 0.6327 | Perplexity: 1213.4577
2026-05-15 10:31:41,672 - INFO -   Batch 140/203 | Batch Energy: 0.6329 | Perplexity: 1237.2365
2026-05-15 10:31:41,823 - INFO -   Batch 150/203 | Batch Energy: 0.6342 | Perplexity: 1200.2370
2026-05-15 10:31:41,970 - INFO -   Batch 160/203 | Batch Energy: 0.6322 | Perplexity: 1250.1194
2026-05-15 10:31:42,118 - INFO -   Batch 170/203 | Batch Energy: 0.6306 | Perplexity: 1211.9768
2026-05-15 10:31:42,266 - INFO -   Batch 180/203 | Batch Energy: 0.6313 | Perplexity: 1183.0515
2026-05-15 10:31:42,414 - INFO -   Batch 190/203 | Batch Energy: 0.6323 | Perplexity: 1204.5848
2026-05-15 10:31:42,561 - INFO -   Batch 200/203 | Batch Energy: 0.6325 | Perplexity: 1225.3198
2026-05-15 10:31:42,773 - INFO - Epoch 3/10 | Train Energy: 0.6331 | Train Perplexity: 1215.6394 | Val Energy: 0.6298 | Val Perplexity: 1212.5391
2026-05-15 10:31:42,774 - INFO - Epoch 4/10
2026-05-15 10:31:42,923 - INFO -   Batch 10/203 | Batch Energy: 0.6282 | Perplexity: 1231.5182
2026-05-15 10:31:43,071 - INFO -   Batch 20/203 | Batch Energy: 0.6310 | Perplexity: 1185.3537
2026-05-15 10:31:43,220 - INFO -   Batch 30/203 | Batch Energy: 0.6279 | Perplexity: 1219.4508
2026-05-15 10:31:43,368 - INFO -   Batch 40/203 | Batch Energy: 0.6296 | Perplexity: 1228.7871
2026-05-15 10:31:43,516 - INFO -   Batch 50/203 | Batch Energy: 0.6294 | Perplexity: 1202.9500
2026-05-15 10:31:43,665 - INFO -   Batch 60/203 | Batch Energy: 0.6293 | Perplexity: 1256.8729
2026-05-15 10:31:43,813 - INFO -   Batch 70/203 | Batch Energy: 0.6266 | Perplexity: 1193.5573
2026-05-15 10:31:43,960 - INFO -   Batch 80/203 | Batch Energy: 0.6291 | Perplexity: 1214.0712
2026-05-15 10:31:44,107 - INFO -   Batch 90/203 | Batch Energy: 0.6264 | Perplexity: 1198.0973
2026-05-15 10:31:44,256 - INFO -   Batch 100/203 | Batch Energy: 0.6288 | Perplexity: 1198.3973
2026-05-15 10:31:44,406 - INFO -   Batch 110/203 | Batch Energy: 0.6270 | Perplexity: 1210.9341
2026-05-15 10:31:44,555 - INFO -   Batch 120/203 | Batch Energy: 0.6259 | Perplexity: 1214.6462
2026-05-15 10:31:44,705 - INFO -   Batch 130/203 | Batch Energy: 0.6266 | Perplexity: 1206.0791
2026-05-15 10:31:44,861 - INFO -   Batch 140/203 | Batch Energy: 0.6275 | Perplexity: 1223.4539
2026-05-15 10:31:45,014 - INFO -   Batch 150/203 | Batch Energy: 0.6277 | Perplexity: 1214.6034
2026-05-15 10:31:45,165 - INFO -   Batch 160/203 | Batch Energy: 0.6257 | Perplexity: 1237.4412
2026-05-15 10:31:45,319 - INFO -   Batch 170/203 | Batch Energy: 0.6263 | Perplexity: 1226.5883
2026-05-15 10:31:45,468 - INFO -   Batch 180/203 | Batch Energy: 0.6249 | Perplexity: 1174.8405
2026-05-15 10:31:45,614 - INFO -   Batch 190/203 | Batch Energy: 0.6246 | Perplexity: 1212.4768
2026-05-15 10:31:45,764 - INFO -   Batch 200/203 | Batch Energy: 0.6233 | Perplexity: 1199.2233
2026-05-15 10:31:45,980 - INFO - Epoch 4/10 | Train Energy: 0.6264 | Train Perplexity: 1214.4013 | Val Energy: 0.6239 | Val Perplexity: 1210.0990
2026-05-15 10:31:45,980 - INFO - Epoch 5/10
2026-05-15 10:31:46,129 - INFO -   Batch 10/203 | Batch Energy: 0.6247 | Perplexity: 1206.1619
2026-05-15 10:31:46,279 - INFO -   Batch 20/203 | Batch Energy: 0.6256 | Perplexity: 1202.6925
2026-05-15 10:31:46,429 - INFO -   Batch 30/203 | Batch Energy: 0.6250 | Perplexity: 1205.9457
2026-05-15 10:31:46,577 - INFO -   Batch 40/203 | Batch Energy: 0.6250 | Perplexity: 1217.0534
2026-05-15 10:31:46,728 - INFO -   Batch 50/203 | Batch Energy: 0.6249 | Perplexity: 1213.4259
2026-05-15 10:31:46,878 - INFO -   Batch 60/203 | Batch Energy: 0.6240 | Perplexity: 1233.7876
2026-05-15 10:31:47,027 - INFO -   Batch 70/203 | Batch Energy: 0.6250 | Perplexity: 1206.9478
2026-05-15 10:31:47,178 - INFO -   Batch 80/203 | Batch Energy: 0.6227 | Perplexity: 1211.4418
2026-05-15 10:31:47,322 - INFO -   Batch 90/203 | Batch Energy: 0.6227 | Perplexity: 1231.4079
2026-05-15 10:31:47,466 - INFO -   Batch 100/203 | Batch Energy: 0.6210 | Perplexity: 1202.6919
2026-05-15 10:31:47,609 - INFO -   Batch 110/203 | Batch Energy: 0.6238 | Perplexity: 1196.8172
2026-05-15 10:31:47,755 - INFO -   Batch 120/203 | Batch Energy: 0.6209 | Perplexity: 1255.3893
2026-05-15 10:31:47,899 - INFO -   Batch 130/203 | Batch Energy: 0.6236 | Perplexity: 1184.0916
2026-05-15 10:31:48,049 - INFO -   Batch 140/203 | Batch Energy: 0.6224 | Perplexity: 1195.9734
2026-05-15 10:31:48,196 - INFO -   Batch 150/203 | Batch Energy: 0.6217 | Perplexity: 1212.8995
2026-05-15 10:31:48,345 - INFO -   Batch 160/203 | Batch Energy: 0.6215 | Perplexity: 1201.4544
2026-05-15 10:31:48,497 - INFO -   Batch 170/203 | Batch Energy: 0.6213 | Perplexity: 1209.1114
2026-05-15 10:31:48,646 - INFO -   Batch 180/203 | Batch Energy: 0.6210 | Perplexity: 1208.9165
2026-05-15 10:31:48,794 - INFO -   Batch 190/203 | Batch Energy: 0.6203 | Perplexity: 1207.9842
2026-05-15 10:31:48,944 - INFO -   Batch 200/203 | Batch Energy: 0.6200 | Perplexity: 1191.5050
2026-05-15 10:31:49,159 - INFO - Epoch 5/10 | Train Energy: 0.6214 | Train Perplexity: 1211.6690 | Val Energy: 0.6192 | Val Perplexity: 1205.2392
2026-05-15 10:31:49,169 - INFO - Saved checkpoint to checkpoints/model_epoch_5.pt
2026-05-15 10:31:49,169 - INFO - Epoch 6/10
2026-05-15 10:31:49,317 - INFO -   Batch 10/203 | Batch Energy: 0.6145 | Perplexity: 1191.5096
2026-05-15 10:31:49,466 - INFO -   Batch 20/203 | Batch Energy: 0.6199 | Perplexity: 1198.1167
2026-05-15 10:31:49,612 - INFO -   Batch 30/203 | Batch Energy: 0.6192 | Perplexity: 1205.0737
2026-05-15 10:31:49,760 - INFO -   Batch 40/203 | Batch Energy: 0.6203 | Perplexity: 1226.5907
2026-05-15 10:31:49,907 - INFO -   Batch 50/203 | Batch Energy: 0.6217 | Perplexity: 1244.5879
2026-05-15 10:31:50,067 - INFO -   Batch 60/203 | Batch Energy: 0.6183 | Perplexity: 1200.3830
2026-05-15 10:31:50,215 - INFO -   Batch 70/203 | Batch Energy: 0.6194 | Perplexity: 1202.0205
2026-05-15 10:31:50,362 - INFO -   Batch 80/203 | Batch Energy: 0.6181 | Perplexity: 1256.5164
2026-05-15 10:31:50,511 - INFO -   Batch 90/203 | Batch Energy: 0.6168 | Perplexity: 1217.4214
2026-05-15 10:31:50,657 - INFO -   Batch 100/203 | Batch Energy: 0.6177 | Perplexity: 1209.5399
2026-05-15 10:31:50,802 - INFO -   Batch 110/203 | Batch Energy: 0.6184 | Perplexity: 1191.0739
2026-05-15 10:31:50,949 - INFO -   Batch 120/203 | Batch Energy: 0.6162 | Perplexity: 1223.0905
2026-05-15 10:31:51,097 - INFO -   Batch 130/203 | Batch Energy: 0.6170 | Perplexity: 1201.4017
2026-05-15 10:31:51,244 - INFO -   Batch 140/203 | Batch Energy: 0.6157 | Perplexity: 1225.2666
2026-05-15 10:31:51,395 - INFO -   Batch 150/203 | Batch Energy: 0.6181 | Perplexity: 1179.2447
2026-05-15 10:31:51,542 - INFO -   Batch 160/203 | Batch Energy: 0.6194 | Perplexity: 1232.0222
2026-05-15 10:31:51,689 - INFO -   Batch 170/203 | Batch Energy: 0.6181 | Perplexity: 1202.3421
2026-05-15 10:31:51,836 - INFO -   Batch 180/203 | Batch Energy: 0.6162 | Perplexity: 1217.7128
2026-05-15 10:31:51,984 - INFO -   Batch 190/203 | Batch Energy: 0.6170 | Perplexity: 1229.6487
2026-05-15 10:31:52,131 - INFO -   Batch 200/203 | Batch Energy: 0.6176 | Perplexity: 1218.1048
2026-05-15 10:31:52,349 - INFO - Epoch 6/10 | Train Energy: 0.6173 | Train Perplexity: 1213.9848 | Val Energy: 0.6151 | Val Perplexity: 1210.7506
2026-05-15 10:31:52,349 - INFO - Epoch 7/10
2026-05-15 10:31:52,497 - INFO -   Batch 10/203 | Batch Energy: 0.6128 | Perplexity: 1237.5799
2026-05-15 10:31:52,644 - INFO -   Batch 20/203 | Batch Energy: 0.6168 | Perplexity: 1222.1513
2026-05-15 10:31:52,790 - INFO -   Batch 30/203 | Batch Energy: 0.6167 | Perplexity: 1194.0110
2026-05-15 10:31:52,939 - INFO -   Batch 40/203 | Batch Energy: 0.6154 | Perplexity: 1232.7039
2026-05-15 10:31:53,084 - INFO -   Batch 50/203 | Batch Energy: 0.6153 | Perplexity: 1202.1426
2026-05-15 10:31:53,230 - INFO -   Batch 60/203 | Batch Energy: 0.6140 | Perplexity: 1198.2179
2026-05-15 10:31:53,379 - INFO -   Batch 70/203 | Batch Energy: 0.6157 | Perplexity: 1233.4118
2026-05-15 10:31:53,528 - INFO -   Batch 80/203 | Batch Energy: 0.6146 | Perplexity: 1235.7913
2026-05-15 10:31:53,675 - INFO -   Batch 90/203 | Batch Energy: 0.6167 | Perplexity: 1204.4153
2026-05-15 10:31:53,822 - INFO -   Batch 100/203 | Batch Energy: 0.6160 | Perplexity: 1215.4035
2026-05-15 10:31:53,968 - INFO -   Batch 110/203 | Batch Energy: 0.6148 | Perplexity: 1229.6458
2026-05-15 10:31:54,115 - INFO -   Batch 120/203 | Batch Energy: 0.6138 | Perplexity: 1190.2035
2026-05-15 10:31:54,260 - INFO -   Batch 130/203 | Batch Energy: 0.6156 | Perplexity: 1179.5777
2026-05-15 10:31:54,406 - INFO -   Batch 140/203 | Batch Energy: 0.6134 | Perplexity: 1232.9672
2026-05-15 10:31:54,553 - INFO -   Batch 150/203 | Batch Energy: 0.6151 | Perplexity: 1234.9036
2026-05-15 10:31:54,701 - INFO -   Batch 160/203 | Batch Energy: 0.6143 | Perplexity: 1213.1956
2026-05-15 10:31:54,850 - INFO -   Batch 170/203 | Batch Energy: 0.6137 | Perplexity: 1234.5186
2026-05-15 10:31:54,997 - INFO -   Batch 180/203 | Batch Energy: 0.6156 | Perplexity: 1217.1909
2026-05-15 10:31:55,142 - INFO -   Batch 190/203 | Batch Energy: 0.6123 | Perplexity: 1225.2590
2026-05-15 10:31:55,292 - INFO -   Batch 200/203 | Batch Energy: 0.6140 | Perplexity: 1199.2954
2026-05-15 10:31:55,505 - INFO - Epoch 7/10 | Train Energy: 0.6140 | Train Perplexity: 1213.7960 | Val Energy: 0.6122 | Val Perplexity: 1217.0684
2026-05-15 10:31:55,506 - INFO - Epoch 8/10
2026-05-15 10:31:55,657 - INFO -   Batch 10/203 | Batch Energy: 0.6110 | Perplexity: 1208.5684
2026-05-15 10:31:55,806 - INFO -   Batch 20/203 | Batch Energy: 0.6112 | Perplexity: 1196.1896
2026-05-15 10:31:55,953 - INFO -   Batch 30/203 | Batch Energy: 0.6132 | Perplexity: 1200.5295
2026-05-15 10:31:56,101 - INFO -   Batch 40/203 | Batch Energy: 0.6126 | Perplexity: 1214.0741
2026-05-15 10:31:56,248 - INFO -   Batch 50/203 | Batch Energy: 0.6135 | Perplexity: 1212.0982
2026-05-15 10:31:56,396 - INFO -   Batch 60/203 | Batch Energy: 0.6128 | Perplexity: 1202.3295
2026-05-15 10:31:56,545 - INFO -   Batch 70/203 | Batch Energy: 0.6128 | Perplexity: 1228.3999
2026-05-15 10:31:56,691 - INFO -   Batch 80/203 | Batch Energy: 0.6118 | Perplexity: 1213.6117
2026-05-15 10:31:56,835 - INFO -   Batch 90/203 | Batch Energy: 0.6134 | Perplexity: 1214.9544
2026-05-15 10:31:56,983 - INFO -   Batch 100/203 | Batch Energy: 0.6117 | Perplexity: 1207.1055
2026-05-15 10:31:57,129 - INFO -   Batch 110/203 | Batch Energy: 0.6143 | Perplexity: 1206.1119
2026-05-15 10:31:57,274 - INFO -   Batch 120/203 | Batch Energy: 0.6128 | Perplexity: 1225.4992
2026-05-15 10:31:57,419 - INFO -   Batch 130/203 | Batch Energy: 0.6124 | Perplexity: 1206.0791
2026-05-15 10:31:57,566 - INFO -   Batch 140/203 | Batch Energy: 0.6108 | Perplexity: 1185.8602
2026-05-15 10:31:57,712 - INFO -   Batch 150/203 | Batch Energy: 0.6122 | Perplexity: 1220.1924
2026-05-15 10:31:57,859 - INFO -   Batch 160/203 | Batch Energy: 0.6134 | Perplexity: 1181.2804
2026-05-15 10:31:58,003 - INFO -   Batch 170/203 | Batch Energy: 0.6129 | Perplexity: 1230.6946
2026-05-15 10:31:58,152 - INFO -   Batch 180/203 | Batch Energy: 0.6123 | Perplexity: 1175.3174
2026-05-15 10:31:58,301 - INFO -   Batch 190/203 | Batch Energy: 0.6102 | Perplexity: 1202.9058
2026-05-15 10:31:58,452 - INFO -   Batch 200/203 | Batch Energy: 0.6116 | Perplexity: 1231.7338
2026-05-15 10:31:58,663 - INFO - Epoch 8/10 | Train Energy: 0.6113 | Train Perplexity: 1211.5694 | Val Energy: 0.6092 | Val Perplexity: 1212.4341
2026-05-15 10:31:58,663 - INFO - Epoch 9/10
2026-05-15 10:31:58,807 - INFO -   Batch 10/203 | Batch Energy: 0.6060 | Perplexity: 1214.8356
2026-05-15 10:31:58,955 - INFO -   Batch 20/203 | Batch Energy: 0.6105 | Perplexity: 1218.9189
2026-05-15 10:31:59,100 - INFO -   Batch 30/203 | Batch Energy: 0.6112 | Perplexity: 1182.4520
2026-05-15 10:31:59,248 - INFO -   Batch 40/203 | Batch Energy: 0.6110 | Perplexity: 1226.9873
2026-05-15 10:31:59,394 - INFO -   Batch 50/203 | Batch Energy: 0.6096 | Perplexity: 1208.0827
2026-05-15 10:31:59,537 - INFO -   Batch 60/203 | Batch Energy: 0.6096 | Perplexity: 1215.7785
2026-05-15 10:31:59,686 - INFO -   Batch 70/203 | Batch Energy: 0.6100 | Perplexity: 1196.7002
2026-05-15 10:31:59,832 - INFO -   Batch 80/203 | Batch Energy: 0.6091 | Perplexity: 1209.9869
2026-05-15 10:31:59,976 - INFO -   Batch 90/203 | Batch Energy: 0.6104 | Perplexity: 1194.8493
2026-05-15 10:32:00,125 - INFO -   Batch 100/203 | Batch Energy: 0.6093 | Perplexity: 1193.9301
2026-05-15 10:32:00,273 - INFO -   Batch 110/203 | Batch Energy: 0.6094 | Perplexity: 1248.2246
2026-05-15 10:32:00,421 - INFO -   Batch 120/203 | Batch Energy: 0.6090 | Perplexity: 1204.6939
2026-05-15 10:32:00,569 - INFO -   Batch 130/203 | Batch Energy: 0.6096 | Perplexity: 1191.1602
2026-05-15 10:32:00,715 - INFO -   Batch 140/203 | Batch Energy: 0.6087 | Perplexity: 1243.5800
2026-05-15 10:32:00,861 - INFO -   Batch 150/203 | Batch Energy: 0.6081 | Perplexity: 1228.5557
2026-05-15 10:32:01,008 - INFO -   Batch 160/203 | Batch Energy: 0.6104 | Perplexity: 1226.9651
2026-05-15 10:32:01,156 - INFO -   Batch 170/203 | Batch Energy: 0.6094 | Perplexity: 1199.8937
2026-05-15 10:32:01,307 - INFO -   Batch 180/203 | Batch Energy: 0.6075 | Perplexity: 1227.9712
2026-05-15 10:32:01,454 - INFO -   Batch 190/203 | Batch Energy: 0.6102 | Perplexity: 1178.9006
2026-05-15 10:32:01,600 - INFO -   Batch 200/203 | Batch Energy: 0.6107 | Perplexity: 1174.8512
2026-05-15 10:32:01,817 - INFO - Epoch 9/10 | Train Energy: 0.6088 | Train Perplexity: 1211.3986 | Val Energy: 0.6067 | Val Perplexity: 1205.7375
2026-05-15 10:32:01,817 - INFO - Epoch 10/10
2026-05-15 10:32:01,964 - INFO -   Batch 10/203 | Batch Energy: 0.6060 | Perplexity: 1201.2109
2026-05-15 10:32:02,110 - INFO -   Batch 20/203 | Batch Energy: 0.6103 | Perplexity: 1212.4768
2026-05-15 10:32:02,258 - INFO -   Batch 30/203 | Batch Energy: 0.6075 | Perplexity: 1218.3413
2026-05-15 10:32:02,403 - INFO -   Batch 40/203 | Batch Energy: 0.6076 | Perplexity: 1180.6108
2026-05-15 10:32:02,548 - INFO -   Batch 50/203 | Batch Energy: 0.6090 | Perplexity: 1209.1794
2026-05-15 10:32:02,695 - INFO -   Batch 60/203 | Batch Energy: 0.6087 | Perplexity: 1255.0798
2026-05-15 10:32:02,840 - INFO -   Batch 70/203 | Batch Energy: 0.6072 | Perplexity: 1216.0139
2026-05-15 10:32:02,986 - INFO -   Batch 80/203 | Batch Energy: 0.6091 | Perplexity: 1230.1689
2026-05-15 10:32:03,131 - INFO -   Batch 90/203 | Batch Energy: 0.6079 | Perplexity: 1240.4518
2026-05-15 10:32:03,280 - INFO -   Batch 100/203 | Batch Energy: 0.6091 | Perplexity: 1214.0811
2026-05-15 10:32:03,429 - INFO -   Batch 110/203 | Batch Energy: 0.6079 | Perplexity: 1226.8960
2026-05-15 10:32:03,573 - INFO -   Batch 120/203 | Batch Energy: 0.6093 | Perplexity: 1221.4452
2026-05-15 10:32:03,721 - INFO -   Batch 130/203 | Batch Energy: 0.6056 | Perplexity: 1225.5664
2026-05-15 10:32:03,866 - INFO -   Batch 140/203 | Batch Energy: 0.6068 | Perplexity: 1220.7249
2026-05-15 10:32:04,012 - INFO -   Batch 150/203 | Batch Energy: 0.6070 | Perplexity: 1227.3197
2026-05-15 10:32:04,159 - INFO -   Batch 160/203 | Batch Energy: 0.6065 | Perplexity: 1207.6421
2026-05-15 10:32:04,305 - INFO -   Batch 170/203 | Batch Energy: 0.6081 | Perplexity: 1204.8013
2026-05-15 10:32:04,456 - INFO -   Batch 180/203 | Batch Energy: 0.6066 | Perplexity: 1253.2869
2026-05-15 10:32:04,603 - INFO -   Batch 190/203 | Batch Energy: 0.6055 | Perplexity: 1233.0519
2026-05-15 10:32:04,748 - INFO -   Batch 200/203 | Batch Energy: 0.6068 | Perplexity: 1220.9822
2026-05-15 10:32:04,962 - INFO - Epoch 10/10 | Train Energy: 0.6066 | Train Perplexity: 1214.0600 | Val Energy: 0.6050 | Val Perplexity: 1209.2360
2026-05-15 10:32:04,971 - INFO - Saved checkpoint to checkpoints/model_epoch_10.pt
2026-05-15 10:32:05,195 - INFO - Training completed in 32.40 seconds
2026-05-15 10:32:05,195 - INFO - Final model saved to: checkpoints/final_model.pt
2026-05-15 10:32:05,195 - INFO - ========== Training completed ==========
2026-05-15 10:55:31,470 - INFO - 
########################################################################################################################
2026-05-15 10:55:31,470 - INFO - Using device: cuda:0 (local rank 0)
2026-05-15 10:55:31,470 - INFO - Saving the hyperparameters configurations:
2026-05-15 10:55:31,470 - INFO - {
      "vocab_size": 1024,
      "block_size": 240,
      "lr": 3.885392918546742e-06,
      "inference_lr": 0.0003885392918546742,
      "peak_learning_rate": 3.885392918546742e-05,
      "warmup_steps": 356,
      "n_embed": 128,
      "dropout": 0.13792051616168877,
      "T": 1,
      "update_bias": false,
      "num_heads": 8,
      "n_blocks": 1,
      "batch_size": 8,
      "num_epochs": 10,
      "internal_energy_fn_name": "pc_e",
      "output_energy_fn_name": "pc_e",
      "combined_internal_weight": 0.6015226149249674,
      "combined_output_weight": 0.3984773850750326,
      "use_flash_attention": false,
      "alpha": 0.5
}
2026-05-15 10:55:31,648 - INFO - ========== Training started ==========
2026-05-15 10:55:31,648 - INFO - 0.49 M parameters
2026-05-15 10:55:31,648 - INFO - Epoch 1/10
2026-05-15 10:55:32,130 - INFO -   Batch 10/203 | Batch Energy: 0.6288 | Perplexity: 1216.1820
2026-05-15 10:55:32,291 - INFO -   Batch 20/203 | Batch Energy: 0.6256 | Perplexity: 1210.1704
2026-05-15 10:55:32,435 - INFO -   Batch 30/203 | Batch Energy: 0.6245 | Perplexity: 1180.9942
2026-05-15 10:55:32,577 - INFO -   Batch 40/203 | Batch Energy: 0.6227 | Perplexity: 1218.8265
2026-05-15 10:55:32,717 - INFO -   Batch 50/203 | Batch Energy: 0.6224 | Perplexity: 1187.1405
2026-05-15 10:55:32,855 - INFO -   Batch 60/203 | Batch Energy: 0.6195 | Perplexity: 1231.4537
2026-05-15 10:55:32,993 - INFO -   Batch 70/203 | Batch Energy: 0.6182 | Perplexity: 1191.9415
2026-05-15 10:55:33,130 - INFO -   Batch 80/203 | Batch Energy: 0.6167 | Perplexity: 1205.5461
2026-05-15 10:55:33,270 - INFO -   Batch 90/203 | Batch Energy: 0.6152 | Perplexity: 1220.0033
2026-05-15 10:55:33,409 - INFO -   Batch 100/203 | Batch Energy: 0.6137 | Perplexity: 1218.7445
2026-05-15 10:55:33,547 - INFO -   Batch 110/203 | Batch Energy: 0.6122 | Perplexity: 1228.6781
2026-05-15 10:55:33,695 - INFO -   Batch 120/203 | Batch Energy: 0.6120 | Perplexity: 1226.4129
2026-05-15 10:55:33,837 - INFO -   Batch 130/203 | Batch Energy: 0.6099 | Perplexity: 1226.6644
2026-05-15 10:55:33,975 - INFO -   Batch 140/203 | Batch Energy: 0.6096 | Perplexity: 1227.4151
2026-05-15 10:55:34,111 - INFO -   Batch 150/203 | Batch Energy: 0.6086 | Perplexity: 1225.2111
2026-05-15 10:55:34,249 - INFO -   Batch 160/203 | Batch Energy: 0.6093 | Perplexity: 1222.6018
2026-05-15 10:55:34,390 - INFO -   Batch 170/203 | Batch Energy: 0.6056 | Perplexity: 1234.8765
2026-05-15 10:55:34,528 - INFO -   Batch 180/203 | Batch Energy: 0.6064 | Perplexity: 1220.2721
2026-05-15 10:55:34,666 - INFO -   Batch 190/203 | Batch Energy: 0.6075 | Perplexity: 1205.0582
2026-05-15 10:55:34,804 - INFO -   Batch 200/203 | Batch Energy: 0.6039 | Perplexity: 1238.6821
2026-05-15 10:55:35,011 - INFO - Epoch 1/10 | Train Energy: 0.6149 | Train Perplexity: 1212.1539 | Val Energy: 0.6045 | Val Perplexity: 1207.3560
2026-05-15 10:55:35,011 - INFO - Epoch 2/10
2026-05-15 10:55:35,149 - INFO -   Batch 10/203 | Batch Energy: 0.6046 | Perplexity: 1249.6831
2026-05-15 10:55:35,286 - INFO -   Batch 20/203 | Batch Energy: 0.6041 | Perplexity: 1243.1513
2026-05-15 10:55:35,426 - INFO -   Batch 30/203 | Batch Energy: 0.6041 | Perplexity: 1168.5172
2026-05-15 10:55:35,566 - INFO -   Batch 40/203 | Batch Energy: 0.6036 | Perplexity: 1244.6775
2026-05-15 10:55:35,704 - INFO -   Batch 50/203 | Batch Energy: 0.6030 | Perplexity: 1232.7238
2026-05-15 10:55:35,844 - INFO -   Batch 60/203 | Batch Energy: 0.6044 | Perplexity: 1206.6969
2026-05-15 10:55:35,981 - INFO -   Batch 70/203 | Batch Energy: 0.6112 | Perplexity: 1214.6184
2026-05-15 10:55:36,118 - INFO -   Batch 80/203 | Batch Energy: 0.6326 | Perplexity: 1200.3738
2026-05-15 10:55:36,254 - INFO -   Batch 90/203 | Batch Energy: 0.6432 | Perplexity: 1219.2682
2026-05-15 10:55:36,393 - INFO -   Batch 100/203 | Batch Energy: 0.6434 | Perplexity: 1192.7153
2026-05-15 10:55:36,531 - INFO -   Batch 110/203 | Batch Energy: 0.6414 | Perplexity: 1212.4051
2026-05-15 10:55:36,669 - INFO -   Batch 120/203 | Batch Energy: 0.6427 | Perplexity: 1190.0049
2026-05-15 10:55:36,807 - INFO -   Batch 130/203 | Batch Energy: 0.6425 | Perplexity: 1205.8870
2026-05-15 10:55:36,947 - INFO -   Batch 140/203 | Batch Energy: 0.6423 | Perplexity: 1158.6224
2026-05-15 10:55:37,092 - INFO -   Batch 150/203 | Batch Energy: 0.6419 | Perplexity: 1214.9926
2026-05-15 10:55:37,233 - INFO -   Batch 160/203 | Batch Energy: 0.6416 | Perplexity: 1215.0801
2026-05-15 10:55:37,370 - INFO -   Batch 170/203 | Batch Energy: 0.6420 | Perplexity: 1187.1728
2026-05-15 10:55:37,507 - INFO -   Batch 180/203 | Batch Energy: 0.6390 | Perplexity: 1190.6389
2026-05-15 10:55:37,648 - INFO -   Batch 190/203 | Batch Energy: 0.6372 | Perplexity: 1251.3879
2026-05-15 10:55:37,787 - INFO -   Batch 200/203 | Batch Energy: 0.6393 | Perplexity: 1206.0101
2026-05-15 10:55:37,987 - INFO - Epoch 2/10 | Train Energy: 0.6272 | Train Perplexity: 1211.2229 | Val Energy: 0.6372 | Val Perplexity: 1209.4243
2026-05-15 10:55:37,987 - INFO - Epoch 3/10
2026-05-15 10:55:38,125 - INFO -   Batch 10/203 | Batch Energy: 0.6337 | Perplexity: 1229.3925
2026-05-15 10:55:38,263 - INFO -   Batch 20/203 | Batch Energy: 0.6365 | Perplexity: 1205.2219
2026-05-15 10:55:38,401 - INFO -   Batch 30/203 | Batch Energy: 0.6356 | Perplexity: 1233.0031
2026-05-15 10:55:38,540 - INFO -   Batch 40/203 | Batch Energy: 0.6351 | Perplexity: 1162.3559
2026-05-15 10:55:38,680 - INFO -   Batch 50/203 | Batch Energy: 0.6370 | Perplexity: 1232.8996
2026-05-15 10:55:38,817 - INFO -   Batch 60/203 | Batch Energy: 0.6356 | Perplexity: 1211.8965
2026-05-15 10:55:38,956 - INFO -   Batch 70/203 | Batch Energy: 0.6357 | Perplexity: 1268.7304
2026-05-15 10:55:39,094 - INFO -   Batch 80/203 | Batch Energy: 0.6360 | Perplexity: 1206.7665
2026-05-15 10:55:39,234 - INFO -   Batch 90/203 | Batch Energy: 0.6337 | Perplexity: 1221.6106
2026-05-15 10:55:39,374 - INFO -   Batch 100/203 | Batch Energy: 0.6359 | Perplexity: 1215.1143
2026-05-15 10:55:39,511 - INFO -   Batch 110/203 | Batch Energy: 0.6343 | Perplexity: 1167.2748
2026-05-15 10:55:39,650 - INFO -   Batch 120/203 | Batch Energy: 0.6340 | Perplexity: 1222.8094
2026-05-15 10:55:39,788 - INFO -   Batch 130/203 | Batch Energy: 0.6327 | Perplexity: 1213.4577
2026-05-15 10:55:39,926 - INFO -   Batch 140/203 | Batch Energy: 0.6329 | Perplexity: 1237.2365
2026-05-15 10:55:40,068 - INFO -   Batch 150/203 | Batch Energy: 0.6342 | Perplexity: 1200.2370
2026-05-15 10:55:40,210 - INFO -   Batch 160/203 | Batch Energy: 0.6322 | Perplexity: 1250.1194
2026-05-15 10:55:40,352 - INFO -   Batch 170/203 | Batch Energy: 0.6306 | Perplexity: 1211.9768
2026-05-15 10:55:40,497 - INFO -   Batch 180/203 | Batch Energy: 0.6313 | Perplexity: 1183.0515
2026-05-15 10:55:40,640 - INFO -   Batch 190/203 | Batch Energy: 0.6323 | Perplexity: 1204.5848
2026-05-15 10:55:40,779 - INFO -   Batch 200/203 | Batch Energy: 0.6325 | Perplexity: 1225.3198
2026-05-15 10:55:40,985 - INFO - Epoch 3/10 | Train Energy: 0.6331 | Train Perplexity: 1215.6394 | Val Energy: 0.6298 | Val Perplexity: 1212.5391
2026-05-15 10:55:40,985 - INFO - Epoch 4/10
2026-05-15 10:55:41,122 - INFO -   Batch 10/203 | Batch Energy: 0.6282 | Perplexity: 1231.5182
2026-05-15 10:55:41,260 - INFO -   Batch 20/203 | Batch Energy: 0.6310 | Perplexity: 1185.3537
2026-05-15 10:55:41,398 - INFO -   Batch 30/203 | Batch Energy: 0.6279 | Perplexity: 1219.4508
2026-05-15 10:55:41,537 - INFO -   Batch 40/203 | Batch Energy: 0.6296 | Perplexity: 1228.7871
2026-05-15 10:55:41,674 - INFO -   Batch 50/203 | Batch Energy: 0.6294 | Perplexity: 1202.9500
2026-05-15 10:55:41,813 - INFO -   Batch 60/203 | Batch Energy: 0.6293 | Perplexity: 1256.8729
2026-05-15 10:55:41,952 - INFO -   Batch 70/203 | Batch Energy: 0.6266 | Perplexity: 1193.5573
2026-05-15 10:55:42,091 - INFO -   Batch 80/203 | Batch Energy: 0.6291 | Perplexity: 1214.0712
2026-05-15 10:55:42,229 - INFO -   Batch 90/203 | Batch Energy: 0.6264 | Perplexity: 1198.0973
2026-05-15 10:55:42,369 - INFO -   Batch 100/203 | Batch Energy: 0.6288 | Perplexity: 1198.3973
2026-05-15 10:55:42,507 - INFO -   Batch 110/203 | Batch Energy: 0.6270 | Perplexity: 1210.9341
2026-05-15 10:55:42,646 - INFO -   Batch 120/203 | Batch Energy: 0.6259 | Perplexity: 1214.6462
2026-05-15 10:55:42,786 - INFO -   Batch 130/203 | Batch Energy: 0.6266 | Perplexity: 1206.0791
2026-05-15 10:55:42,925 - INFO -   Batch 140/203 | Batch Energy: 0.6275 | Perplexity: 1223.4539
2026-05-15 10:55:43,063 - INFO -   Batch 150/203 | Batch Energy: 0.6277 | Perplexity: 1214.6034
2026-05-15 10:55:43,202 - INFO -   Batch 160/203 | Batch Energy: 0.6257 | Perplexity: 1237.4412
2026-05-15 10:55:43,358 - INFO -   Batch 170/203 | Batch Energy: 0.6263 | Perplexity: 1226.5883
2026-05-15 10:55:43,500 - INFO -   Batch 180/203 | Batch Energy: 0.6249 | Perplexity: 1174.8405
2026-05-15 10:55:43,639 - INFO -   Batch 190/203 | Batch Energy: 0.6246 | Perplexity: 1212.4768
2026-05-15 10:55:43,779 - INFO -   Batch 200/203 | Batch Energy: 0.6233 | Perplexity: 1199.2233
2026-05-15 10:55:43,998 - INFO - Epoch 4/10 | Train Energy: 0.6264 | Train Perplexity: 1214.4013 | Val Energy: 0.6239 | Val Perplexity: 1210.0990
2026-05-15 10:55:43,998 - INFO - Epoch 5/10
2026-05-15 10:55:44,138 - INFO -   Batch 10/203 | Batch Energy: 0.6247 | Perplexity: 1206.1619
2026-05-15 10:55:44,277 - INFO -   Batch 20/203 | Batch Energy: 0.6256 | Perplexity: 1202.6925
2026-05-15 10:55:44,419 - INFO -   Batch 30/203 | Batch Energy: 0.6250 | Perplexity: 1205.9457
2026-05-15 10:55:44,557 - INFO -   Batch 40/203 | Batch Energy: 0.6250 | Perplexity: 1217.0534
2026-05-15 10:55:44,696 - INFO -   Batch 50/203 | Batch Energy: 0.6249 | Perplexity: 1213.4259
2026-05-15 10:55:44,834 - INFO -   Batch 60/203 | Batch Energy: 0.6240 | Perplexity: 1233.7876
2026-05-15 10:55:44,975 - INFO -   Batch 70/203 | Batch Energy: 0.6250 | Perplexity: 1206.9478
2026-05-15 10:55:45,113 - INFO -   Batch 80/203 | Batch Energy: 0.6227 | Perplexity: 1211.4418
2026-05-15 10:55:45,251 - INFO -   Batch 90/203 | Batch Energy: 0.6227 | Perplexity: 1231.4079
2026-05-15 10:55:45,389 - INFO -   Batch 100/203 | Batch Energy: 0.6210 | Perplexity: 1202.6919
2026-05-15 10:55:45,528 - INFO -   Batch 110/203 | Batch Energy: 0.6238 | Perplexity: 1196.8172
2026-05-15 10:55:45,666 - INFO -   Batch 120/203 | Batch Energy: 0.6209 | Perplexity: 1255.3893
2026-05-15 10:55:45,806 - INFO -   Batch 130/203 | Batch Energy: 0.6236 | Perplexity: 1184.0916
2026-05-15 10:55:45,944 - INFO -   Batch 140/203 | Batch Energy: 0.6224 | Perplexity: 1195.9734
2026-05-15 10:55:46,084 - INFO -   Batch 150/203 | Batch Energy: 0.6217 | Perplexity: 1212.8995
2026-05-15 10:55:46,221 - INFO -   Batch 160/203 | Batch Energy: 0.6215 | Perplexity: 1201.4544
2026-05-15 10:55:46,360 - INFO -   Batch 170/203 | Batch Energy: 0.6213 | Perplexity: 1209.1114
2026-05-15 10:55:46,498 - INFO -   Batch 180/203 | Batch Energy: 0.6210 | Perplexity: 1208.9165
2026-05-15 10:55:46,636 - INFO -   Batch 190/203 | Batch Energy: 0.6203 | Perplexity: 1207.9842
2026-05-15 10:55:46,774 - INFO -   Batch 200/203 | Batch Energy: 0.6200 | Perplexity: 1191.5050
2026-05-15 10:55:46,975 - INFO - Epoch 5/10 | Train Energy: 0.6214 | Train Perplexity: 1211.6690 | Val Energy: 0.6192 | Val Perplexity: 1205.2392
2026-05-15 10:55:46,986 - INFO - Saved checkpoint to checkpoints/model_epoch_5.pt
2026-05-15 10:55:46,986 - INFO - Epoch 6/10
2026-05-15 10:55:47,126 - INFO -   Batch 10/203 | Batch Energy: 0.6145 | Perplexity: 1191.5096
2026-05-15 10:55:47,267 - INFO -   Batch 20/203 | Batch Energy: 0.6199 | Perplexity: 1198.1167
2026-05-15 10:55:47,420 - INFO -   Batch 30/203 | Batch Energy: 0.6192 | Perplexity: 1205.0737
2026-05-15 10:55:47,559 - INFO -   Batch 40/203 | Batch Energy: 0.6203 | Perplexity: 1226.5907
2026-05-15 10:55:47,697 - INFO -   Batch 50/203 | Batch Energy: 0.6217 | Perplexity: 1244.5879
2026-05-15 10:55:47,835 - INFO -   Batch 60/203 | Batch Energy: 0.6183 | Perplexity: 1200.3830
2026-05-15 10:55:47,973 - INFO -   Batch 70/203 | Batch Energy: 0.6194 | Perplexity: 1202.0205
2026-05-15 10:55:48,110 - INFO -   Batch 80/203 | Batch Energy: 0.6181 | Perplexity: 1256.5164
2026-05-15 10:55:48,249 - INFO -   Batch 90/203 | Batch Energy: 0.6168 | Perplexity: 1217.4214
2026-05-15 10:55:48,390 - INFO -   Batch 100/203 | Batch Energy: 0.6177 | Perplexity: 1209.5399
2026-05-15 10:55:48,530 - INFO -   Batch 110/203 | Batch Energy: 0.6184 | Perplexity: 1191.0739
2026-05-15 10:55:48,668 - INFO -   Batch 120/203 | Batch Energy: 0.6162 | Perplexity: 1223.0905
2026-05-15 10:55:48,806 - INFO -   Batch 130/203 | Batch Energy: 0.6170 | Perplexity: 1201.4017
2026-05-15 10:55:48,945 - INFO -   Batch 140/203 | Batch Energy: 0.6157 | Perplexity: 1225.2666
2026-05-15 10:55:49,083 - INFO -   Batch 150/203 | Batch Energy: 0.6181 | Perplexity: 1179.2447
2026-05-15 10:55:49,223 - INFO -   Batch 160/203 | Batch Energy: 0.6194 | Perplexity: 1232.0222
2026-05-15 10:55:49,363 - INFO -   Batch 170/203 | Batch Energy: 0.6181 | Perplexity: 1202.3421
2026-05-15 10:55:49,503 - INFO -   Batch 180/203 | Batch Energy: 0.6162 | Perplexity: 1217.7128
2026-05-15 10:55:49,642 - INFO -   Batch 190/203 | Batch Energy: 0.6170 | Perplexity: 1229.6487
2026-05-15 10:55:49,781 - INFO -   Batch 200/203 | Batch Energy: 0.6176 | Perplexity: 1218.1048
2026-05-15 10:55:49,988 - INFO - Epoch 6/10 | Train Energy: 0.6173 | Train Perplexity: 1213.9848 | Val Energy: 0.6151 | Val Perplexity: 1210.7506
2026-05-15 10:55:49,988 - INFO - Epoch 7/10
2026-05-15 10:55:50,130 - INFO -   Batch 10/203 | Batch Energy: 0.6128 | Perplexity: 1237.5799
2026-05-15 10:55:50,275 - INFO -   Batch 20/203 | Batch Energy: 0.6168 | Perplexity: 1222.1513
2026-05-15 10:55:50,416 - INFO -   Batch 30/203 | Batch Energy: 0.6167 | Perplexity: 1194.0110
2026-05-15 10:55:50,554 - INFO -   Batch 40/203 | Batch Energy: 0.6154 | Perplexity: 1232.7039
2026-05-15 10:55:50,697 - INFO -   Batch 50/203 | Batch Energy: 0.6153 | Perplexity: 1202.1426
2026-05-15 10:55:50,848 - INFO -   Batch 60/203 | Batch Energy: 0.6140 | Perplexity: 1198.2179
2026-05-15 10:55:50,989 - INFO -   Batch 70/203 | Batch Energy: 0.6157 | Perplexity: 1233.4118
2026-05-15 10:55:51,127 - INFO -   Batch 80/203 | Batch Energy: 0.6146 | Perplexity: 1235.7913
2026-05-15 10:55:51,264 - INFO -   Batch 90/203 | Batch Energy: 0.6167 | Perplexity: 1204.4153
2026-05-15 10:55:51,403 - INFO -   Batch 100/203 | Batch Energy: 0.6160 | Perplexity: 1215.4035
2026-05-15 10:55:51,542 - INFO -   Batch 110/203 | Batch Energy: 0.6148 | Perplexity: 1229.6458
2026-05-15 10:55:51,679 - INFO -   Batch 120/203 | Batch Energy: 0.6138 | Perplexity: 1190.2035
2026-05-15 10:55:51,817 - INFO -   Batch 130/203 | Batch Energy: 0.6156 | Perplexity: 1179.5777
2026-05-15 10:55:51,955 - INFO -   Batch 140/203 | Batch Energy: 0.6134 | Perplexity: 1232.9672
2026-05-15 10:55:52,092 - INFO -   Batch 150/203 | Batch Energy: 0.6151 | Perplexity: 1234.9036
2026-05-15 10:55:52,231 - INFO -   Batch 160/203 | Batch Energy: 0.6143 | Perplexity: 1213.1956
2026-05-15 10:55:52,370 - INFO -   Batch 170/203 | Batch Energy: 0.6137 | Perplexity: 1234.5186
2026-05-15 10:55:52,508 - INFO -   Batch 180/203 | Batch Energy: 0.6156 | Perplexity: 1217.1909
2026-05-15 10:55:52,646 - INFO -   Batch 190/203 | Batch Energy: 0.6123 | Perplexity: 1225.2590
2026-05-15 10:55:52,786 - INFO -   Batch 200/203 | Batch Energy: 0.6140 | Perplexity: 1199.2954
2026-05-15 10:55:52,986 - INFO - Epoch 7/10 | Train Energy: 0.6140 | Train Perplexity: 1213.7960 | Val Energy: 0.6122 | Val Perplexity: 1217.0684
2026-05-15 10:55:52,986 - INFO - Epoch 8/10
2026-05-15 10:55:53,124 - INFO -   Batch 10/203 | Batch Energy: 0.6110 | Perplexity: 1208.5684
2026-05-15 10:55:53,265 - INFO -   Batch 20/203 | Batch Energy: 0.6112 | Perplexity: 1196.1896
2026-05-15 10:55:53,404 - INFO -   Batch 30/203 | Batch Energy: 0.6132 | Perplexity: 1200.5295
2026-05-15 10:55:53,544 - INFO -   Batch 40/203 | Batch Energy: 0.6126 | Perplexity: 1214.0741
2026-05-15 10:55:53,682 - INFO -   Batch 50/203 | Batch Energy: 0.6135 | Perplexity: 1212.0982
2026-05-15 10:55:53,820 - INFO -   Batch 60/203 | Batch Energy: 0.6128 | Perplexity: 1202.3295
2026-05-15 10:55:53,958 - INFO -   Batch 70/203 | Batch Energy: 0.6128 | Perplexity: 1228.3999
2026-05-15 10:55:54,097 - INFO -   Batch 80/203 | Batch Energy: 0.6118 | Perplexity: 1213.6117
2026-05-15 10:55:54,247 - INFO -   Batch 90/203 | Batch Energy: 0.6134 | Perplexity: 1214.9544
2026-05-15 10:55:54,389 - INFO -   Batch 100/203 | Batch Energy: 0.6117 | Perplexity: 1207.1055
2026-05-15 10:55:54,528 - INFO -   Batch 110/203 | Batch Energy: 0.6143 | Perplexity: 1206.1119
2026-05-15 10:55:54,666 - INFO -   Batch 120/203 | Batch Energy: 0.6128 | Perplexity: 1225.4992
2026-05-15 10:55:54,805 - INFO -   Batch 130/203 | Batch Energy: 0.6124 | Perplexity: 1206.0791
2026-05-15 10:55:54,944 - INFO -   Batch 140/203 | Batch Energy: 0.6108 | Perplexity: 1185.8602
2026-05-15 10:55:55,083 - INFO -   Batch 150/203 | Batch Energy: 0.6122 | Perplexity: 1220.1924
2026-05-15 10:55:55,224 - INFO -   Batch 160/203 | Batch Energy: 0.6134 | Perplexity: 1181.2804
2026-05-15 10:55:55,363 - INFO -   Batch 170/203 | Batch Energy: 0.6129 | Perplexity: 1230.6946
2026-05-15 10:55:55,503 - INFO -   Batch 180/203 | Batch Energy: 0.6123 | Perplexity: 1175.3174
2026-05-15 10:55:55,647 - INFO -   Batch 190/203 | Batch Energy: 0.6102 | Perplexity: 1202.9058
2026-05-15 10:55:55,790 - INFO -   Batch 200/203 | Batch Energy: 0.6116 | Perplexity: 1231.7338
2026-05-15 10:55:55,997 - INFO - Epoch 8/10 | Train Energy: 0.6113 | Train Perplexity: 1211.5694 | Val Energy: 0.6092 | Val Perplexity: 1212.4341
2026-05-15 10:55:55,997 - INFO - Epoch 9/10
2026-05-15 10:55:56,138 - INFO -   Batch 10/203 | Batch Energy: 0.6060 | Perplexity: 1214.8356
2026-05-15 10:55:56,278 - INFO -   Batch 20/203 | Batch Energy: 0.6105 | Perplexity: 1218.9189
2026-05-15 10:55:56,421 - INFO -   Batch 30/203 | Batch Energy: 0.6112 | Perplexity: 1182.4520
2026-05-15 10:55:56,565 - INFO -   Batch 40/203 | Batch Energy: 0.6110 | Perplexity: 1226.9873
2026-05-15 10:55:56,703 - INFO -   Batch 50/203 | Batch Energy: 0.6096 | Perplexity: 1208.0827
2026-05-15 10:55:56,842 - INFO -   Batch 60/203 | Batch Energy: 0.6096 | Perplexity: 1215.7785
2026-05-15 10:55:56,981 - INFO -   Batch 70/203 | Batch Energy: 0.6100 | Perplexity: 1196.7002
2026-05-15 10:55:57,120 - INFO -   Batch 80/203 | Batch Energy: 0.6091 | Perplexity: 1209.9869
2026-05-15 10:55:57,258 - INFO -   Batch 90/203 | Batch Energy: 0.6104 | Perplexity: 1194.8493
2026-05-15 10:55:57,397 - INFO -   Batch 100/203 | Batch Energy: 0.6093 | Perplexity: 1193.9301
2026-05-15 10:55:57,536 - INFO -   Batch 110/203 | Batch Energy: 0.6094 | Perplexity: 1248.2246
2026-05-15 10:55:57,689 - INFO -   Batch 120/203 | Batch Energy: 0.6090 | Perplexity: 1204.6939
2026-05-15 10:55:57,831 - INFO -   Batch 130/203 | Batch Energy: 0.6096 | Perplexity: 1191.1602
2026-05-15 10:55:57,968 - INFO -   Batch 140/203 | Batch Energy: 0.6087 | Perplexity: 1243.5800
2026-05-15 10:55:58,107 - INFO -   Batch 150/203 | Batch Energy: 0.6081 | Perplexity: 1228.5557
2026-05-15 10:55:58,247 - INFO -   Batch 160/203 | Batch Energy: 0.6104 | Perplexity: 1226.9651
2026-05-15 10:55:58,397 - INFO -   Batch 170/203 | Batch Energy: 0.6094 | Perplexity: 1199.8937
2026-05-15 10:55:58,538 - INFO -   Batch 180/203 | Batch Energy: 0.6075 | Perplexity: 1227.9712
2026-05-15 10:55:58,678 - INFO -   Batch 190/203 | Batch Energy: 0.6102 | Perplexity: 1178.9006
2026-05-15 10:55:58,818 - INFO -   Batch 200/203 | Batch Energy: 0.6107 | Perplexity: 1174.8512
2026-05-15 10:55:59,023 - INFO - Epoch 9/10 | Train Energy: 0.6088 | Train Perplexity: 1211.3986 | Val Energy: 0.6067 | Val Perplexity: 1205.7375
2026-05-15 10:55:59,023 - INFO - Epoch 10/10
2026-05-15 10:55:59,161 - INFO -   Batch 10/203 | Batch Energy: 0.6060 | Perplexity: 1201.2109
2026-05-15 10:55:59,301 - INFO -   Batch 20/203 | Batch Energy: 0.6103 | Perplexity: 1212.4768
2026-05-15 10:55:59,442 - INFO -   Batch 30/203 | Batch Energy: 0.6075 | Perplexity: 1218.3413
2026-05-15 10:55:59,586 - INFO -   Batch 40/203 | Batch Energy: 0.6076 | Perplexity: 1180.6108
2026-05-15 10:55:59,725 - INFO -   Batch 50/203 | Batch Energy: 0.6090 | Perplexity: 1209.1794
2026-05-15 10:55:59,864 - INFO -   Batch 60/203 | Batch Energy: 0.6087 | Perplexity: 1255.0798
2026-05-15 10:56:00,003 - INFO -   Batch 70/203 | Batch Energy: 0.6072 | Perplexity: 1216.0139
2026-05-15 10:56:00,147 - INFO -   Batch 80/203 | Batch Energy: 0.6091 | Perplexity: 1230.1689
2026-05-15 10:56:00,294 - INFO -   Batch 90/203 | Batch Energy: 0.6079 | Perplexity: 1240.4518
2026-05-15 10:56:00,434 - INFO -   Batch 100/203 | Batch Energy: 0.6091 | Perplexity: 1214.0811
2026-05-15 10:56:00,573 - INFO -   Batch 110/203 | Batch Energy: 0.6079 | Perplexity: 1226.8960
2026-05-15 10:56:00,717 - INFO -   Batch 120/203 | Batch Energy: 0.6093 | Perplexity: 1221.4452
2026-05-15 10:56:00,856 - INFO -   Batch 130/203 | Batch Energy: 0.6056 | Perplexity: 1225.5664
2026-05-15 10:56:00,998 - INFO -   Batch 140/203 | Batch Energy: 0.6068 | Perplexity: 1220.7249
2026-05-15 10:56:01,144 - INFO -   Batch 150/203 | Batch Energy: 0.6070 | Perplexity: 1227.3197
2026-05-15 10:56:01,282 - INFO -   Batch 160/203 | Batch Energy: 0.6065 | Perplexity: 1207.6421
2026-05-15 10:56:01,421 - INFO -   Batch 170/203 | Batch Energy: 0.6081 | Perplexity: 1204.8013
2026-05-15 10:56:01,560 - INFO -   Batch 180/203 | Batch Energy: 0.6066 | Perplexity: 1253.2869
2026-05-15 10:56:01,700 - INFO -   Batch 190/203 | Batch Energy: 0.6055 | Perplexity: 1233.0519
2026-05-15 10:56:01,841 - INFO -   Batch 200/203 | Batch Energy: 0.6068 | Perplexity: 1220.9822
2026-05-15 10:56:02,047 - INFO - Epoch 10/10 | Train Energy: 0.6066 | Train Perplexity: 1214.0600 | Val Energy: 0.6050 | Val Perplexity: 1209.2360
2026-05-15 10:56:02,056 - INFO - Saved checkpoint to checkpoints/model_epoch_10.pt
2026-05-15 10:56:02,271 - INFO - Training completed in 30.62 seconds
2026-05-15 10:56:02,271 - INFO - Final model saved to: checkpoints/final_model.pt
2026-05-15 10:56:02,271 - INFO - ========== Training completed ==========
2026-05-15 11:09:41,055 - INFO - 
########################################################################################################################
2026-05-15 11:09:41,055 - INFO - Using device: cuda:0 (local rank 0)
2026-05-15 11:09:41,055 - INFO - Saving the hyperparameters configurations:
2026-05-15 11:09:41,055 - INFO - {
      "vocab_size": 1024,
      "block_size": 240,
      "lr": 3.885392918546742e-06,
      "inference_lr": 0.0003885392918546742,
      "peak_learning_rate": 3.885392918546742e-05,
      "warmup_steps": 356,
      "n_embed": 128,
      "dropout": 0.13792051616168877,
      "T": 1,
      "update_bias": false,
      "num_heads": 8,
      "n_blocks": 1,
      "batch_size": 8,
      "num_epochs": 10,
      "internal_energy_fn_name": "pc_e",
      "output_energy_fn_name": "pc_e",
      "combined_internal_weight": 0.6015226149249674,
      "combined_output_weight": 0.3984773850750326,
      "use_flash_attention": false,
      "alpha": 0.5
}
2026-05-15 11:09:41,230 - INFO - ========== Training started ==========
2026-05-15 11:09:41,230 - INFO - 0.49 M parameters
2026-05-15 11:09:41,230 - INFO - Epoch 1/10
2026-05-15 11:09:41,553 - INFO -   Batch 1/203 | Batch Energy: 0.6328 | Perplexity: 1204.8950
2026-05-15 11:09:41,572 - INFO -   Batch 2/203 | Batch Energy: 0.6303 | Perplexity: 1224.0853
2026-05-15 11:09:41,589 - INFO -   Batch 3/203 | Batch Energy: 0.6308 | Perplexity: 1201.2230
2026-05-15 11:09:41,607 - INFO -   Batch 4/203 | Batch Energy: 0.6298 | Perplexity: 1207.4866
2026-05-15 11:09:41,624 - INFO -   Batch 5/203 | Batch Energy: 0.6290 | Perplexity: 1218.2570
2026-05-15 11:09:41,641 - INFO -   Batch 6/203 | Batch Energy: 0.6280 | Perplexity: 1231.1695
2026-05-15 11:09:41,658 - INFO -   Batch 7/203 | Batch Energy: 0.6285 | Perplexity: 1198.5819
2026-05-15 11:09:41,676 - INFO -   Batch 8/203 | Batch Energy: 0.6291 | Perplexity: 1234.8382
2026-05-15 11:09:41,693 - INFO -   Batch 9/203 | Batch Energy: 0.6300 | Perplexity: 1196.5421
2026-05-15 11:09:41,710 - INFO -   Batch 10/203 | Batch Energy: 0.6288 | Perplexity: 1216.1820
2026-05-15 11:09:41,728 - INFO -   Batch 11/203 | Batch Energy: 0.6275 | Perplexity: 1204.0323
2026-05-15 11:09:41,745 - INFO -   Batch 12/203 | Batch Energy: 0.6276 | Perplexity: 1218.3965
2026-05-15 11:09:41,762 - INFO -   Batch 13/203 | Batch Energy: 0.6272 | Perplexity: 1204.8513
2026-05-15 11:09:41,780 - INFO -   Batch 14/203 | Batch Energy: 0.6283 | Perplexity: 1215.2116
2026-05-15 11:09:41,797 - INFO -   Batch 15/203 | Batch Energy: 0.6273 | Perplexity: 1223.5280
2026-05-15 11:09:41,815 - INFO -   Batch 16/203 | Batch Energy: 0.6283 | Perplexity: 1202.2458
2026-05-15 11:09:41,830 - INFO -   Batch 17/203 | Batch Energy: 0.6253 | Perplexity: 1239.6553
2026-05-15 11:09:41,844 - INFO -   Batch 18/203 | Batch Energy: 0.6254 | Perplexity: 1205.2863
2026-05-15 11:09:41,859 - INFO -   Batch 19/203 | Batch Energy: 0.6270 | Perplexity: 1223.0094
2026-05-15 11:09:41,873 - INFO -   Batch 20/203 | Batch Energy: 0.6256 | Perplexity: 1210.1704
2026-05-15 11:09:41,888 - INFO -   Batch 21/203 | Batch Energy: 0.6249 | Perplexity: 1217.7384
2026-05-15 11:09:41,902 - INFO -   Batch 22/203 | Batch Energy: 0.6255 | Perplexity: 1226.4322
2026-05-15 11:09:41,918 - INFO -   Batch 23/203 | Batch Energy: 0.6272 | Perplexity: 1200.8627
2026-05-15 11:09:41,932 - INFO -   Batch 24/203 | Batch Energy: 0.6249 | Perplexity: 1226.4012
2026-05-15 11:09:41,947 - INFO -   Batch 25/203 | Batch Energy: 0.6249 | Perplexity: 1198.5224
2026-05-15 11:09:41,963 - INFO -   Batch 26/203 | Batch Energy: 0.6256 | Perplexity: 1208.6497
2026-05-15 11:09:41,978 - INFO -   Batch 27/203 | Batch Energy: 0.6252 | Perplexity: 1217.6344
2026-05-15 11:09:41,994 - INFO -   Batch 28/203 | Batch Energy: 0.6248 | Perplexity: 1213.0314
2026-05-15 11:09:42,010 - INFO -   Batch 29/203 | Batch Energy: 0.6256 | Perplexity: 1182.9545
2026-05-15 11:09:42,025 - INFO -   Batch 30/203 | Batch Energy: 0.6245 | Perplexity: 1180.9942
2026-05-15 11:09:42,040 - INFO -   Batch 31/203 | Batch Energy: 0.6244 | Perplexity: 1206.3431
2026-05-15 11:09:42,054 - INFO -   Batch 32/203 | Batch Energy: 0.6245 | Perplexity: 1214.5229
2026-05-15 11:09:42,070 - INFO -   Batch 33/203 | Batch Energy: 0.6248 | Perplexity: 1230.4206
2026-05-15 11:09:42,084 - INFO -   Batch 34/203 | Batch Energy: 0.6234 | Perplexity: 1238.0704
2026-05-15 11:09:42,099 - INFO -   Batch 35/203 | Batch Energy: 0.6251 | Perplexity: 1195.6170
2026-05-15 11:09:42,113 - INFO -   Batch 36/203 | Batch Energy: 0.6235 | Perplexity: 1214.9040
2026-05-15 11:09:42,128 - INFO -   Batch 37/203 | Batch Energy: 0.6219 | Perplexity: 1238.6124
2026-05-15 11:09:42,142 - INFO -   Batch 38/203 | Batch Energy: 0.6238 | Perplexity: 1205.3570
2026-05-15 11:09:42,157 - INFO -   Batch 39/203 | Batch Energy: 0.6230 | Perplexity: 1199.1227
2026-05-15 11:09:42,171 - INFO -   Batch 40/203 | Batch Energy: 0.6227 | Perplexity: 1218.8265
2026-05-15 11:09:42,185 - INFO -   Batch 41/203 | Batch Energy: 0.6230 | Perplexity: 1229.7994
2026-05-15 11:09:42,200 - INFO -   Batch 42/203 | Batch Energy: 0.6218 | Perplexity: 1216.4883
2026-05-15 11:09:42,215 - INFO -   Batch 43/203 | Batch Energy: 0.6228 | Perplexity: 1213.2905
2026-05-15 11:09:42,229 - INFO -   Batch 44/203 | Batch Energy: 0.6220 | Perplexity: 1197.4337
2026-05-15 11:09:42,244 - INFO -   Batch 45/203 | Batch Energy: 0.6210 | Perplexity: 1225.3899
2026-05-15 11:09:42,259 - INFO -   Batch 46/203 | Batch Energy: 0.6218 | Perplexity: 1232.9208
2026-05-15 11:09:42,273 - INFO -   Batch 47/203 | Batch Energy: 0.6227 | Perplexity: 1223.5320
2026-05-15 11:09:42,288 - INFO -   Batch 48/203 | Batch Energy: 0.6215 | Perplexity: 1213.0262
2026-05-15 11:09:42,302 - INFO -   Batch 49/203 | Batch Energy: 0.6207 | Perplexity: 1215.9118
2026-05-15 11:09:42,316 - INFO -   Batch 50/203 | Batch Energy: 0.6224 | Perplexity: 1187.1405
2026-05-15 11:09:42,330 - INFO -   Batch 51/203 | Batch Energy: 0.6207 | Perplexity: 1229.3122
2026-05-15 11:09:42,345 - INFO -   Batch 52/203 | Batch Energy: 0.6209 | Perplexity: 1220.6935
2026-05-15 11:09:42,359 - INFO -   Batch 53/203 | Batch Energy: 0.6195 | Perplexity: 1190.9421
2026-05-15 11:09:42,373 - INFO -   Batch 54/203 | Batch Energy: 0.6205 | Perplexity: 1206.7102
2026-05-15 11:09:42,388 - INFO -   Batch 55/203 | Batch Energy: 0.6206 | Perplexity: 1208.5949
2026-05-15 11:09:42,402 - INFO -   Batch 56/203 | Batch Energy: 0.6210 | Perplexity: 1241.8420
2026-05-15 11:09:42,416 - INFO -   Batch 57/203 | Batch Energy: 0.6199 | Perplexity: 1227.9659
2026-05-15 11:09:42,430 - INFO -   Batch 58/203 | Batch Energy: 0.6213 | Perplexity: 1231.4542
2026-05-15 11:09:42,444 - INFO -   Batch 59/203 | Batch Energy: 0.6193 | Perplexity: 1207.8327
2026-05-15 11:09:42,459 - INFO -   Batch 60/203 | Batch Energy: 0.6195 | Perplexity: 1231.4537
2026-05-15 11:09:42,473 - INFO -   Batch 61/203 | Batch Energy: 0.6180 | Perplexity: 1205.2484
2026-05-15 11:09:42,487 - INFO -   Batch 62/203 | Batch Energy: 0.6176 | Perplexity: 1222.5564
2026-05-15 11:09:42,501 - INFO -   Batch 63/203 | Batch Energy: 0.6187 | Perplexity: 1211.1362
2026-05-15 11:09:42,515 - INFO -   Batch 64/203 | Batch Energy: 0.6188 | Perplexity: 1193.9051
2026-05-15 11:09:42,529 - INFO -   Batch 65/203 | Batch Energy: 0.6194 | Perplexity: 1196.5809
2026-05-15 11:09:42,543 - INFO -   Batch 66/203 | Batch Energy: 0.6165 | Perplexity: 1222.4829
2026-05-15 11:09:42,557 - INFO -   Batch 67/203 | Batch Energy: 0.6192 | Perplexity: 1199.7873
2026-05-15 11:09:42,571 - INFO -   Batch 68/203 | Batch Energy: 0.6186 | Perplexity: 1211.0606
2026-05-15 11:09:42,585 - INFO -   Batch 69/203 | Batch Energy: 0.6173 | Perplexity: 1215.7002
2026-05-15 11:09:42,600 - INFO -   Batch 70/203 | Batch Energy: 0.6182 | Perplexity: 1191.9415
2026-05-15 11:09:42,614 - INFO -   Batch 71/203 | Batch Energy: 0.6172 | Perplexity: 1189.3951
2026-05-15 11:09:42,629 - INFO -   Batch 72/203 | Batch Energy: 0.6176 | Perplexity: 1229.7813
2026-05-15 11:09:42,643 - INFO -   Batch 73/203 | Batch Energy: 0.6184 | Perplexity: 1208.1904
2026-05-15 11:09:42,657 - INFO -   Batch 74/203 | Batch Energy: 0.6182 | Perplexity: 1217.5566
2026-05-15 11:09:42,671 - INFO -   Batch 75/203 | Batch Energy: 0.6155 | Perplexity: 1174.6282
2026-05-15 11:09:42,685 - INFO -   Batch 76/203 | Batch Energy: 0.6172 | Perplexity: 1202.2613
2026-05-15 11:09:42,700 - INFO -   Batch 77/203 | Batch Energy: 0.6173 | Perplexity: 1187.5680
2026-05-15 11:09:42,714 - INFO -   Batch 78/203 | Batch Energy: 0.6166 | Perplexity: 1217.7755
2026-05-15 11:09:42,729 - INFO -   Batch 79/203 | Batch Energy: 0.6166 | Perplexity: 1187.7781
2026-05-15 11:09:42,743 - INFO -   Batch 80/203 | Batch Energy: 0.6167 | Perplexity: 1205.5461
2026-05-15 11:09:42,757 - INFO -   Batch 81/203 | Batch Energy: 0.6150 | Perplexity: 1195.1422
2026-05-15 11:09:42,772 - INFO -   Batch 82/203 | Batch Energy: 0.6170 | Perplexity: 1216.4941
2026-05-15 11:09:42,786 - INFO -   Batch 83/203 | Batch Energy: 0.6167 | Perplexity: 1212.5288
2026-05-15 11:09:42,801 - INFO -   Batch 84/203 | Batch Energy: 0.6156 | Perplexity: 1208.7874
2026-05-15 11:09:42,815 - INFO -   Batch 85/203 | Batch Energy: 0.6151 | Perplexity: 1237.2913
2026-05-15 11:09:42,829 - INFO -   Batch 86/203 | Batch Energy: 0.6154 | Perplexity: 1215.7118
2026-05-15 11:09:42,843 - INFO -   Batch 87/203 | Batch Energy: 0.6146 | Perplexity: 1200.0796
2026-05-15 11:09:42,858 - INFO -   Batch 88/203 | Batch Energy: 0.6139 | Perplexity: 1194.7929
2026-05-15 11:09:42,872 - INFO -   Batch 89/203 | Batch Energy: 0.6150 | Perplexity: 1235.1751
2026-05-15 11:09:42,886 - INFO -   Batch 90/203 | Batch Energy: 0.6152 | Perplexity: 1220.0033
2026-05-15 11:09:42,901 - INFO -   Batch 91/203 | Batch Energy: 0.6162 | Perplexity: 1228.4245
2026-05-15 11:09:42,915 - INFO -   Batch 92/203 | Batch Energy: 0.6142 | Perplexity: 1205.7726
2026-05-15 11:09:42,929 - INFO -   Batch 93/203 | Batch Energy: 0.6150 | Perplexity: 1215.3826
2026-05-15 11:09:42,943 - INFO -   Batch 94/203 | Batch Energy: 0.6157 | Perplexity: 1219.2351
2026-05-15 11:09:42,957 - INFO -   Batch 95/203 | Batch Energy: 0.6137 | Perplexity: 1214.3040
2026-05-15 11:09:42,971 - INFO -   Batch 96/203 | Batch Energy: 0.6146 | Perplexity: 1211.9242
2026-05-15 11:09:42,985 - INFO -   Batch 97/203 | Batch Energy: 0.6138 | Perplexity: 1193.9768
2026-05-15 11:09:42,999 - INFO -   Batch 98/203 | Batch Energy: 0.6138 | Perplexity: 1235.6051
2026-05-15 11:09:43,013 - INFO -   Batch 99/203 | Batch Energy: 0.6149 | Perplexity: 1210.1029
2026-05-15 11:09:43,027 - INFO -   Batch 100/203 | Batch Energy: 0.6137 | Perplexity: 1218.7445
2026-05-15 11:09:43,041 - INFO -   Batch 101/203 | Batch Energy: 0.6129 | Perplexity: 1210.6933
2026-05-15 11:09:43,055 - INFO -   Batch 102/203 | Batch Energy: 0.6135 | Perplexity: 1202.0022
2026-05-15 11:09:43,069 - INFO -   Batch 103/203 | Batch Energy: 0.6133 | Perplexity: 1210.8134
2026-05-15 11:09:43,083 - INFO -   Batch 104/203 | Batch Energy: 0.6125 | Perplexity: 1199.2325
2026-05-15 11:09:43,097 - INFO -   Batch 105/203 | Batch Energy: 0.6137 | Perplexity: 1194.0873
2026-05-15 11:09:43,111 - INFO -   Batch 106/203 | Batch Energy: 0.6132 | Perplexity: 1230.5896
2026-05-15 11:09:43,124 - INFO -   Batch 107/203 | Batch Energy: 0.6130 | Perplexity: 1203.4629
2026-05-15 11:09:43,138 - INFO -   Batch 108/203 | Batch Energy: 0.6130 | Perplexity: 1197.0746
2026-05-15 11:09:43,153 - INFO -   Batch 109/203 | Batch Energy: 0.6127 | Perplexity: 1208.5972
2026-05-15 11:09:43,167 - INFO -   Batch 110/203 | Batch Energy: 0.6122 | Perplexity: 1228.6781
2026-05-15 11:09:43,180 - INFO -   Batch 111/203 | Batch Energy: 0.6127 | Perplexity: 1227.6586
2026-05-15 11:09:43,194 - INFO -   Batch 112/203 | Batch Energy: 0.6121 | Perplexity: 1189.3015
2026-05-15 11:09:43,209 - INFO -   Batch 113/203 | Batch Energy: 0.6110 | Perplexity: 1219.2764
2026-05-15 11:09:43,223 - INFO -   Batch 114/203 | Batch Energy: 0.6137 | Perplexity: 1211.8849
2026-05-15 11:09:43,237 - INFO -   Batch 115/203 | Batch Energy: 0.6103 | Perplexity: 1192.9217
2026-05-15 11:09:43,250 - INFO -   Batch 116/203 | Batch Energy: 0.6117 | Perplexity: 1206.2741
2026-05-15 11:09:43,264 - INFO -   Batch 117/203 | Batch Energy: 0.6122 | Perplexity: 1219.4467
2026-05-15 11:09:43,279 - INFO -   Batch 118/203 | Batch Energy: 0.6106 | Perplexity: 1200.0505
2026-05-15 11:09:43,293 - INFO -   Batch 119/203 | Batch Energy: 0.6103 | Perplexity: 1212.9914
2026-05-15 11:09:43,306 - INFO -   Batch 120/203 | Batch Energy: 0.6120 | Perplexity: 1226.4129
2026-05-15 11:09:43,321 - INFO -   Batch 121/203 | Batch Energy: 0.6105 | Perplexity: 1213.4681
2026-05-15 11:09:43,335 - INFO -   Batch 122/203 | Batch Energy: 0.6102 | Perplexity: 1190.9569
2026-05-15 11:09:43,349 - INFO -   Batch 123/203 | Batch Energy: 0.6103 | Perplexity: 1186.0966
2026-05-15 11:09:43,363 - INFO -   Batch 124/203 | Batch Energy: 0.6116 | Perplexity: 1215.5142
2026-05-15 11:09:43,378 - INFO -   Batch 125/203 | Batch Energy: 0.6110 | Perplexity: 1182.5715
2026-05-15 11:09:43,392 - INFO -   Batch 126/203 | Batch Energy: 0.6115 | Perplexity: 1185.0208
2026-05-15 11:09:43,406 - INFO -   Batch 127/203 | Batch Energy: 0.6108 | Perplexity: 1209.0572
2026-05-15 11:09:43,421 - INFO -   Batch 128/203 | Batch Energy: 0.6108 | Perplexity: 1208.0643
2026-05-15 11:09:43,436 - INFO -   Batch 129/203 | Batch Energy: 0.6100 | Perplexity: 1203.0240
2026-05-15 11:09:43,450 - INFO -   Batch 130/203 | Batch Energy: 0.6099 | Perplexity: 1226.6644
2026-05-15 11:09:43,464 - INFO -   Batch 131/203 | Batch Energy: 0.6103 | Perplexity: 1196.2557
2026-05-15 11:09:43,478 - INFO -   Batch 132/203 | Batch Energy: 0.6103 | Perplexity: 1230.2810
2026-05-15 11:09:43,492 - INFO -   Batch 133/203 | Batch Energy: 0.6092 | Perplexity: 1198.8900
2026-05-15 11:09:43,507 - INFO -   Batch 134/203 | Batch Energy: 0.6092 | Perplexity: 1199.8611
2026-05-15 11:09:43,521 - INFO -   Batch 135/203 | Batch Energy: 0.6104 | Perplexity: 1241.2162
2026-05-15 11:09:43,535 - INFO -   Batch 136/203 | Batch Energy: 0.6079 | Perplexity: 1209.2158
2026-05-15 11:09:43,549 - INFO -   Batch 137/203 | Batch Energy: 0.6090 | Perplexity: 1207.4429
2026-05-15 11:09:43,563 - INFO -   Batch 138/203 | Batch Energy: 0.6096 | Perplexity: 1190.3625
2026-05-15 11:09:43,577 - INFO -   Batch 139/203 | Batch Energy: 0.6095 | Perplexity: 1202.3072
2026-05-15 11:09:43,591 - INFO -   Batch 140/203 | Batch Energy: 0.6096 | Perplexity: 1227.4151
2026-05-15 11:09:43,605 - INFO -   Batch 141/203 | Batch Energy: 0.6085 | Perplexity: 1206.5128
2026-05-15 11:09:43,620 - INFO -   Batch 142/203 | Batch Energy: 0.6093 | Perplexity: 1209.2965
2026-05-15 11:09:43,635 - INFO -   Batch 143/203 | Batch Energy: 0.6079 | Perplexity: 1198.3379
2026-05-15 11:09:43,649 - INFO -   Batch 144/203 | Batch Energy: 0.6112 | Perplexity: 1219.3723
2026-05-15 11:09:43,663 - INFO -   Batch 145/203 | Batch Energy: 0.6091 | Perplexity: 1196.5050
2026-05-15 11:09:43,677 - INFO -   Batch 146/203 | Batch Energy: 0.6088 | Perplexity: 1233.2259
2026-05-15 11:09:43,692 - INFO -   Batch 147/203 | Batch Energy: 0.6082 | Perplexity: 1212.2016
2026-05-15 11:09:43,707 - INFO -   Batch 148/203 | Batch Energy: 0.6078 | Perplexity: 1248.2615
2026-05-15 11:09:43,723 - INFO -   Batch 149/203 | Batch Energy: 0.6086 | Perplexity: 1199.1324
2026-05-15 11:09:43,739 - INFO -   Batch 150/203 | Batch Energy: 0.6086 | Perplexity: 1225.2111
2026-05-15 11:09:43,754 - INFO -   Batch 151/203 | Batch Energy: 0.6081 | Perplexity: 1173.1197
2026-05-15 11:09:43,768 - INFO -   Batch 152/203 | Batch Energy: 0.6086 | Perplexity: 1229.0291
2026-05-15 11:09:43,782 - INFO -   Batch 153/203 | Batch Energy: 0.6077 | Perplexity: 1199.8571
2026-05-15 11:09:43,797 - INFO -   Batch 154/203 | Batch Energy: 0.6075 | Perplexity: 1229.6792
2026-05-15 11:09:43,810 - INFO -   Batch 155/203 | Batch Energy: 0.6073 | Perplexity: 1228.9149
2026-05-15 11:09:43,825 - INFO -   Batch 156/203 | Batch Energy: 0.6077 | Perplexity: 1191.9261
2026-05-15 11:09:43,839 - INFO -   Batch 157/203 | Batch Energy: 0.6068 | Perplexity: 1216.5852
2026-05-15 11:09:43,853 - INFO -   Batch 158/203 | Batch Energy: 0.6075 | Perplexity: 1210.5785
2026-05-15 11:09:43,867 - INFO -   Batch 159/203 | Batch Energy: 0.6082 | Perplexity: 1246.4914
2026-05-15 11:09:43,880 - INFO -   Batch 160/203 | Batch Energy: 0.6093 | Perplexity: 1222.6018
2026-05-15 11:09:43,894 - INFO -   Batch 161/203 | Batch Energy: 0.6082 | Perplexity: 1211.4747
2026-05-15 11:09:43,909 - INFO -   Batch 162/203 | Batch Energy: 0.6075 | Perplexity: 1230.2446
2026-05-15 11:09:43,923 - INFO -   Batch 163/203 | Batch Energy: 0.6068 | Perplexity: 1218.5789
2026-05-15 11:09:43,937 - INFO -   Batch 164/203 | Batch Energy: 0.6068 | Perplexity: 1195.9951
2026-05-15 11:09:43,951 - INFO -   Batch 165/203 | Batch Energy: 0.6082 | Perplexity: 1216.8944
2026-05-15 11:09:43,965 - INFO -   Batch 166/203 | Batch Energy: 0.6098 | Perplexity: 1227.5327
2026-05-15 11:09:43,979 - INFO -   Batch 167/203 | Batch Energy: 0.6069 | Perplexity: 1197.9368
2026-05-15 11:09:43,993 - INFO -   Batch 168/203 | Batch Energy: 0.6059 | Perplexity: 1215.4035
2026-05-15 11:09:44,007 - INFO -   Batch 169/203 | Batch Energy: 0.6074 | Perplexity: 1211.3488
2026-05-15 11:09:44,021 - INFO -   Batch 170/203 | Batch Energy: 0.6056 | Perplexity: 1234.8765
2026-05-15 11:09:44,035 - INFO -   Batch 171/203 | Batch Energy: 0.6054 | Perplexity: 1237.7445
2026-05-15 11:09:44,048 - INFO -   Batch 172/203 | Batch Energy: 0.6074 | Perplexity: 1221.0364
2026-05-15 11:09:44,063 - INFO -   Batch 173/203 | Batch Energy: 0.6070 | Perplexity: 1220.2884
2026-05-15 11:09:44,077 - INFO -   Batch 174/203 | Batch Energy: 0.6074 | Perplexity: 1232.4981
2026-05-15 11:09:44,092 - INFO -   Batch 175/203 | Batch Energy: 0.6062 | Perplexity: 1187.5867
2026-05-15 11:09:44,106 - INFO -   Batch 176/203 | Batch Energy: 0.6056 | Perplexity: 1233.8777
2026-05-15 11:09:44,121 - INFO -   Batch 177/203 | Batch Energy: 0.6073 | Perplexity: 1166.5286
2026-05-15 11:09:44,135 - INFO -   Batch 178/203 | Batch Energy: 0.6052 | Perplexity: 1238.8457
2026-05-15 11:09:44,149 - INFO -   Batch 179/203 | Batch Energy: 0.6065 | Perplexity: 1217.0917
2026-05-15 11:09:44,163 - INFO -   Batch 180/203 | Batch Energy: 0.6064 | Perplexity: 1220.2721
2026-05-15 11:09:44,177 - INFO -   Batch 181/203 | Batch Energy: 0.6054 | Perplexity: 1214.4302
2026-05-15 11:09:44,191 - INFO -   Batch 182/203 | Batch Energy: 0.6062 | Perplexity: 1207.9894
2026-05-15 11:09:44,205 - INFO -   Batch 183/203 | Batch Energy: 0.6068 | Perplexity: 1191.1665
2026-05-15 11:09:44,220 - INFO -   Batch 184/203 | Batch Energy: 0.6064 | Perplexity: 1218.7567
2026-05-15 11:09:44,234 - INFO -   Batch 185/203 | Batch Energy: 0.6050 | Perplexity: 1209.1299
2026-05-15 11:09:44,248 - INFO -   Batch 186/203 | Batch Energy: 0.6080 | Perplexity: 1223.3512
2026-05-15 11:09:44,262 - INFO -   Batch 187/203 | Batch Energy: 0.6051 | Perplexity: 1243.0061
2026-05-15 11:09:44,276 - INFO -   Batch 188/203 | Batch Energy: 0.6063 | Perplexity: 1220.0330
2026-05-15 11:09:44,290 - INFO -   Batch 189/203 | Batch Energy: 0.6063 | Perplexity: 1239.4029
2026-05-15 11:09:44,304 - INFO -   Batch 190/203 | Batch Energy: 0.6075 | Perplexity: 1205.0582
2026-05-15 11:09:44,319 - INFO -   Batch 191/203 | Batch Energy: 0.6055 | Perplexity: 1211.0069
2026-05-15 11:09:44,333 - INFO -   Batch 192/203 | Batch Energy: 0.6064 | Perplexity: 1194.1339
2026-05-15 11:09:44,347 - INFO -   Batch 193/203 | Batch Energy: 0.6057 | Perplexity: 1203.4784
2026-05-15 11:09:44,361 - INFO -   Batch 194/203 | Batch Energy: 0.6060 | Perplexity: 1220.9898
2026-05-15 11:09:44,375 - INFO -   Batch 195/203 | Batch Energy: 0.6051 | Perplexity: 1208.3909
2026-05-15 11:09:44,389 - INFO -   Batch 196/203 | Batch Energy: 0.6046 | Perplexity: 1196.2534
2026-05-15 11:09:44,403 - INFO -   Batch 197/203 | Batch Energy: 0.6066 | Perplexity: 1220.4193
2026-05-15 11:09:44,417 - INFO -   Batch 198/203 | Batch Energy: 0.6045 | Perplexity: 1203.4446
2026-05-15 11:09:44,432 - INFO -   Batch 199/203 | Batch Energy: 0.6054 | Perplexity: 1197.2036
2026-05-15 11:09:44,446 - INFO -   Batch 200/203 | Batch Energy: 0.6039 | Perplexity: 1238.6821
2026-05-15 11:09:44,459 - INFO -   Batch 201/203 | Batch Energy: 0.6052 | Perplexity: 1189.0685
2026-05-15 11:09:44,473 - INFO -   Batch 202/203 | Batch Energy: 0.6041 | Perplexity: 1202.8651
2026-05-15 11:09:44,487 - INFO -   Batch 203/203 | Batch Energy: 0.6046 | Perplexity: 1234.3420
2026-05-15 11:09:44,645 - INFO - Epoch 1/10 | Train Energy: 0.6149 | Train Perplexity: 1212.1539 | Val Energy: 0.6045 | Val Perplexity: 1207.3560
2026-05-15 11:09:44,645 - INFO - Epoch 2/10
2026-05-15 11:09:44,659 - INFO -   Batch 1/203 | Batch Energy: 0.6042 | Perplexity: 1215.5095
2026-05-15 11:09:44,673 - INFO -   Batch 2/203 | Batch Energy: 0.6045 | Perplexity: 1210.0867
2026-05-15 11:09:44,688 - INFO -   Batch 3/203 | Batch Energy: 0.6043 | Perplexity: 1191.6675
2026-05-15 11:09:44,703 - INFO -   Batch 4/203 | Batch Energy: 0.6037 | Perplexity: 1199.5401
2026-05-15 11:09:44,718 - INFO -   Batch 5/203 | Batch Energy: 0.6050 | Perplexity: 1230.3502
2026-05-15 11:09:44,732 - INFO -   Batch 6/203 | Batch Energy: 0.6036 | Perplexity: 1214.4667
2026-05-15 11:09:44,746 - INFO -   Batch 7/203 | Batch Energy: 0.6044 | Perplexity: 1233.5606
2026-05-15 11:09:44,761 - INFO -   Batch 8/203 | Batch Energy: 0.6037 | Perplexity: 1231.2769
2026-05-15 11:09:44,774 - INFO -   Batch 9/203 | Batch Energy: 0.6031 | Perplexity: 1248.1913
2026-05-15 11:09:44,788 - INFO -   Batch 10/203 | Batch Energy: 0.6046 | Perplexity: 1249.6831
2026-05-15 11:09:44,802 - INFO -   Batch 11/203 | Batch Energy: 0.6035 | Perplexity: 1225.6850
2026-05-15 11:09:44,816 - INFO -   Batch 12/203 | Batch Energy: 0.6036 | Perplexity: 1204.4929
2026-05-15 11:09:44,830 - INFO -   Batch 13/203 | Batch Energy: 0.6024 | Perplexity: 1221.4743
2026-05-15 11:09:44,844 - INFO -   Batch 14/203 | Batch Energy: 0.6027 | Perplexity: 1213.8275
2026-05-15 11:09:44,858 - INFO -   Batch 15/203 | Batch Energy: 0.6051 | Perplexity: 1183.4024
2026-05-15 11:09:44,872 - INFO -   Batch 16/203 | Batch Energy: 0.6020 | Perplexity: 1220.5305
2026-05-15 11:09:44,886 - INFO -   Batch 17/203 | Batch Energy: 0.6045 | Perplexity: 1228.0672
2026-05-15 11:09:44,900 - INFO -   Batch 18/203 | Batch Energy: 0.6039 | Perplexity: 1192.1421
2026-05-15 11:09:44,914 - INFO -   Batch 19/203 | Batch Energy: 0.6045 | Perplexity: 1203.0257
2026-05-15 11:09:44,928 - INFO -   Batch 20/203 | Batch Energy: 0.6041 | Perplexity: 1243.1513
2026-05-15 11:09:44,943 - INFO -   Batch 21/203 | Batch Energy: 0.6029 | Perplexity: 1196.2301
2026-05-15 11:09:44,957 - INFO -   Batch 22/203 | Batch Energy: 0.6029 | Perplexity: 1203.6087
2026-05-15 11:09:44,971 - INFO -   Batch 23/203 | Batch Energy: 0.6044 | Perplexity: 1186.7959
2026-05-15 11:09:44,985 - INFO -   Batch 24/203 | Batch Energy: 0.6041 | Perplexity: 1175.2630
2026-05-15 11:09:44,999 - INFO -   Batch 25/203 | Batch Energy: 0.6030 | Perplexity: 1188.1237
2026-05-15 11:09:45,013 - INFO -   Batch 26/203 | Batch Energy: 0.6035 | Perplexity: 1223.6802
2026-05-15 11:09:45,027 - INFO -   Batch 27/203 | Batch Energy: 0.6039 | Perplexity: 1218.6562
2026-05-15 11:09:45,041 - INFO -   Batch 28/203 | Batch Energy: 0.6033 | Perplexity: 1175.9951
2026-05-15 11:09:45,055 - INFO -   Batch 29/203 | Batch Energy: 0.6058 | Perplexity: 1220.8285
2026-05-15 11:09:45,069 - INFO -   Batch 30/203 | Batch Energy: 0.6041 | Perplexity: 1168.5172
2026-05-15 11:09:45,083 - INFO -   Batch 31/203 | Batch Energy: 0.6043 | Perplexity: 1212.2270
2026-05-15 11:09:45,098 - INFO -   Batch 32/203 | Batch Energy: 0.6033 | Perplexity: 1205.1150
2026-05-15 11:09:45,112 - INFO -   Batch 33/203 | Batch Energy: 0.6036 | Perplexity: 1212.7017
2026-05-15 11:09:45,126 - INFO -   Batch 34/203 | Batch Energy: 0.6034 | Perplexity: 1202.5405
2026-05-15 11:09:45,140 - INFO -   Batch 35/203 | Batch Energy: 0.6028 | Perplexity: 1210.3031
2026-05-15 11:09:45,154 - INFO -   Batch 36/203 | Batch Energy: 0.6019 | Perplexity: 1234.3579
2026-05-15 11:09:45,169 - INFO -   Batch 37/203 | Batch Energy: 0.6022 | Perplexity: 1207.2431
2026-05-15 11:09:45,183 - INFO -   Batch 38/203 | Batch Energy: 0.6027 | Perplexity: 1220.5305
2026-05-15 11:09:45,197 - INFO -   Batch 39/203 | Batch Energy: 0.6035 | Perplexity: 1203.9830
2026-05-15 11:09:45,211 - INFO -   Batch 40/203 | Batch Energy: 0.6036 | Perplexity: 1244.6775
2026-05-15 11:09:45,225 - INFO -   Batch 41/203 | Batch Energy: 0.6026 | Perplexity: 1220.7040
2026-05-15 11:09:45,239 - INFO -   Batch 42/203 | Batch Energy: 0.6029 | Perplexity: 1191.2369
2026-05-15 11:09:45,252 - INFO -   Batch 43/203 | Batch Energy: 0.6011 | Perplexity: 1182.3155
2026-05-15 11:09:45,266 - INFO -   Batch 44/203 | Batch Energy: 0.6041 | Perplexity: 1222.4439
2026-05-15 11:09:45,280 - INFO -   Batch 45/203 | Batch Energy: 0.6028 | Perplexity: 1247.8598
2026-05-15 11:09:45,294 - INFO -   Batch 46/203 | Batch Energy: 0.6035 | Perplexity: 1222.3104
2026-05-15 11:09:45,308 - INFO -   Batch 47/203 | Batch Energy: 0.6033 | Perplexity: 1213.0603
2026-05-15 11:09:45,322 - INFO -   Batch 48/203 | Batch Energy: 0.6009 | Perplexity: 1221.7352
2026-05-15 11:09:45,337 - INFO -   Batch 49/203 | Batch Energy: 0.6023 | Perplexity: 1200.3847
2026-05-15 11:09:45,352 - INFO -   Batch 50/203 | Batch Energy: 0.6030 | Perplexity: 1232.7238
2026-05-15 11:09:45,366 - INFO -   Batch 51/203 | Batch Energy: 0.6014 | Perplexity: 1191.7068
2026-05-15 11:09:45,381 - INFO -   Batch 52/203 | Batch Energy: 0.6039 | Perplexity: 1250.9435
2026-05-15 11:09:45,396 - INFO -   Batch 53/203 | Batch Energy: 0.6037 | Perplexity: 1210.1514
2026-05-15 11:09:45,411 - INFO -   Batch 54/203 | Batch Energy: 0.6029 | Perplexity: 1199.5727
2026-05-15 11:09:45,426 - INFO -   Batch 55/203 | Batch Energy: 0.6035 | Perplexity: 1223.2339
2026-05-15 11:09:45,441 - INFO -   Batch 56/203 | Batch Energy: 0.6028 | Perplexity: 1201.4263
2026-05-15 11:09:45,456 - INFO -   Batch 57/203 | Batch Energy: 0.6039 | Perplexity: 1259.7373
2026-05-15 11:09:45,471 - INFO -   Batch 58/203 | Batch Energy: 0.6036 | Perplexity: 1216.4981
2026-05-15 11:09:45,486 - INFO -   Batch 59/203 | Batch Energy: 0.6034 | Perplexity: 1160.0940
2026-05-15 11:09:45,502 - INFO -   Batch 60/203 | Batch Energy: 0.6044 | Perplexity: 1206.6969
2026-05-15 11:09:45,516 - INFO -   Batch 61/203 | Batch Energy: 0.6051 | Perplexity: 1204.5957
2026-05-15 11:09:45,531 - INFO -   Batch 62/203 | Batch Energy: 0.6040 | Perplexity: 1232.9461
2026-05-15 11:09:45,545 - INFO -   Batch 63/203 | Batch Energy: 0.6062 | Perplexity: 1242.9646
2026-05-15 11:09:45,559 - INFO -   Batch 64/203 | Batch Energy: 0.6050 | Perplexity: 1214.9903
2026-05-15 11:09:45,574 - INFO -   Batch 65/203 | Batch Energy: 0.6061 | Perplexity: 1222.9616
2026-05-15 11:09:45,588 - INFO -   Batch 66/203 | Batch Energy: 0.6073 | Perplexity: 1184.5191
2026-05-15 11:09:45,602 - INFO -   Batch 67/203 | Batch Energy: 0.6083 | Perplexity: 1198.2893
2026-05-15 11:09:45,616 - INFO -   Batch 68/203 | Batch Energy: 0.6079 | Perplexity: 1255.8287
2026-05-15 11:09:45,630 - INFO -   Batch 69/203 | Batch Energy: 0.6121 | Perplexity: 1191.2102
2026-05-15 11:09:45,644 - INFO -   Batch 70/203 | Batch Energy: 0.6112 | Perplexity: 1214.6184
2026-05-15 11:09:45,658 - INFO -   Batch 71/203 | Batch Energy: 0.6123 | Perplexity: 1198.0659
2026-05-15 11:09:45,673 - INFO -   Batch 72/203 | Batch Energy: 0.6155 | Perplexity: 1193.8117
2026-05-15 11:09:45,687 - INFO -   Batch 73/203 | Batch Energy: 0.6158 | Perplexity: 1219.8876
2026-05-15 11:09:45,701 - INFO -   Batch 74/203 | Batch Energy: 0.6194 | Perplexity: 1188.1072
2026-05-15 11:09:45,715 - INFO -   Batch 75/203 | Batch Energy: 0.6213 | Perplexity: 1213.3374
2026-05-15 11:09:45,729 - INFO -   Batch 76/203 | Batch Energy: 0.6235 | Perplexity: 1222.3069
2026-05-15 11:09:45,744 - INFO -   Batch 77/203 | Batch Energy: 0.6251 | Perplexity: 1223.4171
2026-05-15 11:09:45,758 - INFO -   Batch 78/203 | Batch Energy: 0.6288 | Perplexity: 1211.3823
2026-05-15 11:09:45,772 - INFO -   Batch 79/203 | Batch Energy: 0.6318 | Perplexity: 1184.7841
2026-05-15 11:09:45,786 - INFO -   Batch 80/203 | Batch Energy: 0.6326 | Perplexity: 1200.3738
2026-05-15 11:09:45,800 - INFO -   Batch 81/203 | Batch Energy: 0.6353 | Perplexity: 1212.0392
2026-05-15 11:09:45,814 - INFO -   Batch 82/203 | Batch Energy: 0.6359 | Perplexity: 1211.6416
2026-05-15 11:09:45,828 - INFO -   Batch 83/203 | Batch Energy: 0.6384 | Perplexity: 1213.9740
2026-05-15 11:09:45,842 - INFO -   Batch 84/203 | Batch Energy: 0.6401 | Perplexity: 1224.1004
2026-05-15 11:09:45,857 - INFO -   Batch 85/203 | Batch Energy: 0.6392 | Perplexity: 1224.7987
2026-05-15 11:09:45,871 - INFO -   Batch 86/203 | Batch Energy: 0.6406 | Perplexity: 1197.1505
2026-05-15 11:09:45,885 - INFO -   Batch 87/203 | Batch Energy: 0.6408 | Perplexity: 1203.6144
2026-05-15 11:09:45,899 - INFO -   Batch 88/203 | Batch Energy: 0.6411 | Perplexity: 1209.5750
2026-05-15 11:09:45,913 - INFO -   Batch 89/203 | Batch Energy: 0.6415 | Perplexity: 1210.6685
2026-05-15 11:09:45,928 - INFO -   Batch 90/203 | Batch Energy: 0.6432 | Perplexity: 1219.2682
2026-05-15 11:09:45,942 - INFO -   Batch 91/203 | Batch Energy: 0.6425 | Perplexity: 1181.0404
2026-05-15 11:09:45,955 - INFO -   Batch 92/203 | Batch Energy: 0.6427 | Perplexity: 1208.3731
2026-05-15 11:09:45,970 - INFO -   Batch 93/203 | Batch Energy: 0.6428 | Perplexity: 1218.5801
2026-05-15 11:09:45,984 - INFO -   Batch 94/203 | Batch Energy: 0.6425 | Perplexity: 1204.7703
2026-05-15 11:09:45,997 - INFO -   Batch 95/203 | Batch Energy: 0.6428 | Perplexity: 1223.6353
2026-05-15 11:09:46,011 - INFO -   Batch 96/203 | Batch Energy: 0.6429 | Perplexity: 1218.1978
2026-05-15 11:09:46,025 - INFO -   Batch 97/203 | Batch Energy: 0.6434 | Perplexity: 1172.7937
2026-05-15 11:09:46,040 - INFO -   Batch 98/203 | Batch Energy: 0.6424 | Perplexity: 1218.4342
2026-05-15 11:09:46,054 - INFO -   Batch 99/203 | Batch Energy: 0.6446 | Perplexity: 1237.3633
2026-05-15 11:09:46,068 - INFO -   Batch 100/203 | Batch Energy: 0.6434 | Perplexity: 1192.7153
2026-05-15 11:09:46,083 - INFO -   Batch 101/203 | Batch Energy: 0.6426 | Perplexity: 1202.2401
2026-05-15 11:09:46,096 - INFO -   Batch 102/203 | Batch Energy: 0.6431 | Perplexity: 1201.1622
2026-05-15 11:09:46,110 - INFO -   Batch 103/203 | Batch Energy: 0.6415 | Perplexity: 1209.9229
2026-05-15 11:09:46,124 - INFO -   Batch 104/203 | Batch Energy: 0.6431 | Perplexity: 1218.2808
2026-05-15 11:09:46,138 - INFO -   Batch 105/203 | Batch Energy: 0.6418 | Perplexity: 1207.2281
2026-05-15 11:09:46,153 - INFO -   Batch 106/203 | Batch Energy: 0.6427 | Perplexity: 1213.7905
2026-05-15 11:09:46,167 - INFO -   Batch 107/203 | Batch Energy: 0.6426 | Perplexity: 1209.1379
2026-05-15 11:09:46,181 - INFO -   Batch 108/203 | Batch Energy: 0.6417 | Perplexity: 1206.0739
2026-05-15 11:09:46,194 - INFO -   Batch 109/203 | Batch Energy: 0.6436 | Perplexity: 1217.2461
2026-05-15 11:09:46,208 - INFO -   Batch 110/203 | Batch Energy: 0.6414 | Perplexity: 1212.4051
2026-05-15 11:09:46,223 - INFO -   Batch 111/203 | Batch Energy: 0.6438 | Perplexity: 1208.7488
2026-05-15 11:09:46,237 - INFO -   Batch 112/203 | Batch Energy: 0.6428 | Perplexity: 1188.3724
2026-05-15 11:09:46,251 - INFO -   Batch 113/203 | Batch Energy: 0.6396 | Perplexity: 1232.1855
2026-05-15 11:09:46,266 - INFO -   Batch 114/203 | Batch Energy: 0.6429 | Perplexity: 1217.8748
2026-05-15 11:09:46,280 - INFO -   Batch 115/203 | Batch Energy: 0.6406 | Perplexity: 1206.4432
2026-05-15 11:09:46,294 - INFO -   Batch 116/203 | Batch Energy: 0.6420 | Perplexity: 1187.1462
2026-05-15 11:09:46,308 - INFO -   Batch 117/203 | Batch Energy: 0.6408 | Perplexity: 1188.6835
2026-05-15 11:09:46,322 - INFO -   Batch 118/203 | Batch Energy: 0.6426 | Perplexity: 1200.7287
2026-05-15 11:09:46,336 - INFO -   Batch 119/203 | Batch Energy: 0.6426 | Perplexity: 1222.8146
2026-05-15 11:09:46,349 - INFO -   Batch 120/203 | Batch Energy: 0.6427 | Perplexity: 1190.0049
2026-05-15 11:09:46,363 - INFO -   Batch 121/203 | Batch Energy: 0.6409 | Perplexity: 1232.5040
2026-05-15 11:09:46,377 - INFO -   Batch 122/203 | Batch Energy: 0.6425 | Perplexity: 1224.6784
2026-05-15 11:09:46,391 - INFO -   Batch 123/203 | Batch Energy: 0.6421 | Perplexity: 1191.1119
2026-05-15 11:09:46,405 - INFO -   Batch 124/203 | Batch Energy: 0.6410 | Perplexity: 1192.1472
2026-05-15 11:09:46,419 - INFO -   Batch 125/203 | Batch Energy: 0.6427 | Perplexity: 1215.6660
2026-05-15 11:09:46,433 - INFO -   Batch 126/203 | Batch Energy: 0.6404 | Perplexity: 1210.3424
2026-05-15 11:09:46,447 - INFO -   Batch 127/203 | Batch Energy: 0.6425 | Perplexity: 1178.8304
2026-05-15 11:09:46,461 - INFO -   Batch 128/203 | Batch Energy: 0.6426 | Perplexity: 1211.1974
2026-05-15 11:09:46,475 - INFO -   Batch 129/203 | Batch Energy: 0.6405 | Perplexity: 1229.6833
2026-05-15 11:09:46,488 - INFO -   Batch 130/203 | Batch Energy: 0.6425 | Perplexity: 1205.8870
2026-05-15 11:09:46,502 - INFO -   Batch 131/203 | Batch Energy: 0.6415 | Perplexity: 1221.4155
2026-05-15 11:09:46,516 - INFO -   Batch 132/203 | Batch Energy: 0.6411 | Perplexity: 1198.0956
2026-05-15 11:09:46,530 - INFO -   Batch 133/203 | Batch Energy: 0.6423 | Perplexity: 1222.4957
2026-05-15 11:09:46,544 - INFO -   Batch 134/203 | Batch Energy: 0.6412 | Perplexity: 1206.8540
2026-05-15 11:09:46,558 - INFO -   Batch 135/203 | Batch Energy: 0.6419 | Perplexity: 1183.8511
2026-05-15 11:09:46,573 - INFO -   Batch 136/203 | Batch Energy: 0.6420 | Perplexity: 1207.0019
2026-05-15 11:09:46,588 - INFO -   Batch 137/203 | Batch Energy: 0.6409 | Perplexity: 1181.2037
2026-05-15 11:09:46,602 - INFO -   Batch 138/203 | Batch Energy: 0.6397 | Perplexity: 1214.1517
2026-05-15 11:09:46,617 - INFO -   Batch 139/203 | Batch Energy: 0.6406 | Perplexity: 1243.5296
2026-05-15 11:09:46,631 - INFO -   Batch 140/203 | Batch Energy: 0.6423 | Perplexity: 1158.6224
2026-05-15 11:09:46,646 - INFO -   Batch 141/203 | Batch Energy: 0.6411 | Perplexity: 1195.4654
2026-05-15 11:09:46,660 - INFO -   Batch 142/203 | Batch Energy: 0.6413 | Perplexity: 1206.9167
2026-05-15 11:09:46,675 - INFO -   Batch 143/203 | Batch Energy: 0.6410 | Perplexity: 1201.3335
2026-05-15 11:09:46,689 - INFO -   Batch 144/203 | Batch Energy: 0.6407 | Perplexity: 1207.7060
2026-05-15 11:09:46,703 - INFO -   Batch 145/203 | Batch Energy: 0.6393 | Perplexity: 1229.9689
2026-05-15 11:09:46,717 - INFO -   Batch 146/203 | Batch Energy: 0.6427 | Perplexity: 1203.9255
2026-05-15 11:09:46,732 - INFO -   Batch 147/203 | Batch Energy: 0.6399 | Perplexity: 1231.4707
2026-05-15 11:09:46,747 - INFO -   Batch 148/203 | Batch Energy: 0.6417 | Perplexity: 1240.7375
2026-05-15 11:09:46,762 - INFO -   Batch 149/203 | Batch Energy: 0.6391 | Perplexity: 1216.3926
2026-05-15 11:09:46,776 - INFO -   Batch 150/203 | Batch Energy: 0.6419 | Perplexity: 1214.9926
2026-05-15 11:09:46,791 - INFO -   Batch 151/203 | Batch Energy: 0.6415 | Perplexity: 1232.6463
2026-05-15 11:09:46,805 - INFO -   Batch 152/203 | Batch Energy: 0.6407 | Perplexity: 1194.5810
2026-05-15 11:09:46,820 - INFO -   Batch 153/203 | Batch Energy: 0.6400 | Perplexity: 1208.5108
2026-05-15 11:09:46,835 - INFO -   Batch 154/203 | Batch Energy: 0.6400 | Perplexity: 1178.6050
2026-05-15 11:09:46,849 - INFO -   Batch 155/203 | Batch Energy: 0.6409 | Perplexity: 1223.2030
2026-05-15 11:09:46,864 - INFO -   Batch 156/203 | Batch Energy: 0.6414 | Perplexity: 1212.0063
2026-05-15 11:09:46,879 - INFO -   Batch 157/203 | Batch Energy: 0.6406 | Perplexity: 1204.5181
2026-05-15 11:09:46,893 - INFO -   Batch 158/203 | Batch Energy: 0.6408 | Perplexity: 1207.6957
2026-05-15 11:09:46,908 - INFO -   Batch 159/203 | Batch Energy: 0.6400 | Perplexity: 1221.7434
2026-05-15 11:09:46,922 - INFO -   Batch 160/203 | Batch Energy: 0.6416 | Perplexity: 1215.0801
2026-05-15 11:09:46,937 - INFO -   Batch 161/203 | Batch Energy: 0.6406 | Perplexity: 1201.1846
2026-05-15 11:09:46,951 - INFO -   Batch 162/203 | Batch Energy: 0.6404 | Perplexity: 1209.1673
2026-05-15 11:09:46,966 - INFO -   Batch 163/203 | Batch Energy: 0.6408 | Perplexity: 1193.1299
2026-05-15 11:09:46,981 - INFO -   Batch 164/203 | Batch Energy: 0.6400 | Perplexity: 1198.6293
2026-05-15 11:09:46,995 - INFO -   Batch 165/203 | Batch Energy: 0.6428 | Perplexity: 1242.2015
2026-05-15 11:09:47,010 - INFO -   Batch 166/203 | Batch Energy: 0.6399 | Perplexity: 1219.9277
2026-05-15 11:09:47,024 - INFO -   Batch 167/203 | Batch Energy: 0.6410 | Perplexity: 1215.1740
2026-05-15 11:09:47,039 - INFO -   Batch 168/203 | Batch Energy: 0.6396 | Perplexity: 1223.6026
2026-05-15 11:09:47,053 - INFO -   Batch 169/203 | Batch Energy: 0.6394 | Perplexity: 1228.8041
2026-05-15 11:09:47,068 - INFO -   Batch 170/203 | Batch Energy: 0.6420 | Perplexity: 1187.1728
2026-05-15 11:09:47,083 - INFO -   Batch 171/203 | Batch Energy: 0.6399 | Perplexity: 1203.1967
2026-05-15 11:09:47,098 - INFO -   Batch 172/203 | Batch Energy: 0.6391 | Perplexity: 1205.8767
2026-05-15 11:09:47,112 - INFO -   Batch 173/203 | Batch Energy: 0.6406 | Perplexity: 1207.8293
2026-05-15 11:09:47,127 - INFO -   Batch 174/203 | Batch Energy: 0.6406 | Perplexity: 1198.0773
2026-05-15 11:09:47,141 - INFO -   Batch 175/203 | Batch Energy: 0.6393 | Perplexity: 1194.8875
2026-05-15 11:09:47,155 - INFO -   Batch 176/203 | Batch Energy: 0.6395 | Perplexity: 1242.1742
2026-05-15 11:09:47,169 - INFO -   Batch 177/203 | Batch Energy: 0.6392 | Perplexity: 1200.2296
2026-05-15 11:09:47,184 - INFO -   Batch 178/203 | Batch Energy: 0.6388 | Perplexity: 1218.0886
2026-05-15 11:09:47,198 - INFO -   Batch 179/203 | Batch Energy: 0.6399 | Perplexity: 1228.6049
2026-05-15 11:09:47,213 - INFO -   Batch 180/203 | Batch Energy: 0.6390 | Perplexity: 1190.6389
2026-05-15 11:09:47,228 - INFO -   Batch 181/203 | Batch Energy: 0.6414 | Perplexity: 1193.2642
2026-05-15 11:09:47,242 - INFO -   Batch 182/203 | Batch Energy: 0.6381 | Perplexity: 1201.7959
2026-05-15 11:09:47,257 - INFO -   Batch 183/203 | Batch Energy: 0.6394 | Perplexity: 1234.4397
2026-05-15 11:09:47,271 - INFO -   Batch 184/203 | Batch Energy: 0.6380 | Perplexity: 1218.0531
2026-05-15 11:09:47,286 - INFO -   Batch 185/203 | Batch Energy: 0.6390 | Perplexity: 1206.7861
2026-05-15 11:09:47,300 - INFO -   Batch 186/203 | Batch Energy: 0.6383 | Perplexity: 1215.9750
2026-05-15 11:09:47,315 - INFO -   Batch 187/203 | Batch Energy: 0.6401 | Perplexity: 1203.0653
2026-05-15 11:09:47,329 - INFO -   Batch 188/203 | Batch Energy: 0.6404 | Perplexity: 1217.1480
2026-05-15 11:09:47,344 - INFO -   Batch 189/203 | Batch Energy: 0.6384 | Perplexity: 1215.4377
2026-05-15 11:09:47,358 - INFO -   Batch 190/203 | Batch Energy: 0.6372 | Perplexity: 1251.3879
2026-05-15 11:09:47,373 - INFO -   Batch 191/203 | Batch Energy: 0.6400 | Perplexity: 1204.3246
2026-05-15 11:09:47,387 - INFO -   Batch 192/203 | Batch Energy: 0.6397 | Perplexity: 1217.7035
2026-05-15 11:09:47,401 - INFO -   Batch 193/203 | Batch Energy: 0.6391 | Perplexity: 1229.0133
2026-05-15 11:09:47,416 - INFO -   Batch 194/203 | Batch Energy: 0.6392 | Perplexity: 1217.9567
2026-05-15 11:09:47,431 - INFO -   Batch 195/203 | Batch Energy: 0.6360 | Perplexity: 1244.8490
2026-05-15 11:09:47,445 - INFO -   Batch 196/203 | Batch Energy: 0.6402 | Perplexity: 1252.9134
2026-05-15 11:09:47,459 - INFO -   Batch 197/203 | Batch Energy: 0.6378 | Perplexity: 1224.8618
2026-05-15 11:09:47,474 - INFO -   Batch 198/203 | Batch Energy: 0.6406 | Perplexity: 1215.8121
2026-05-15 11:09:47,488 - INFO -   Batch 199/203 | Batch Energy: 0.6401 | Perplexity: 1248.7663
2026-05-15 11:09:47,503 - INFO -   Batch 200/203 | Batch Energy: 0.6393 | Perplexity: 1206.0101
2026-05-15 11:09:47,517 - INFO -   Batch 201/203 | Batch Energy: 0.6394 | Perplexity: 1182.8073
2026-05-15 11:09:47,532 - INFO -   Batch 202/203 | Batch Energy: 0.6379 | Perplexity: 1203.2764
2026-05-15 11:09:47,547 - INFO -   Batch 203/203 | Batch Energy: 0.6377 | Perplexity: 1207.3318
2026-05-15 11:09:47,710 - INFO - Epoch 2/10 | Train Energy: 0.6272 | Train Perplexity: 1211.2229 | Val Energy: 0.6372 | Val Perplexity: 1209.4243
2026-05-15 11:09:47,710 - INFO - Epoch 3/10
2026-05-15 11:09:47,725 - INFO -   Batch 1/203 | Batch Energy: 0.5941 | Perplexity: 1226.5100
2026-05-15 11:09:47,739 - INFO -   Batch 2/203 | Batch Energy: 0.5947 | Perplexity: 1222.6893
2026-05-15 11:09:47,753 - INFO -   Batch 3/203 | Batch Energy: 0.5942 | Perplexity: 1211.4279
2026-05-15 11:09:47,768 - INFO -   Batch 4/203 | Batch Energy: 0.6008 | Perplexity: 1226.1421
2026-05-15 11:09:47,782 - INFO -   Batch 5/203 | Batch Energy: 0.6103 | Perplexity: 1207.2137
2026-05-15 11:09:47,796 - INFO -   Batch 6/203 | Batch Energy: 0.6172 | Perplexity: 1206.1073
2026-05-15 11:09:47,811 - INFO -   Batch 7/203 | Batch Energy: 0.6247 | Perplexity: 1202.9523
2026-05-15 11:09:47,825 - INFO -   Batch 8/203 | Batch Energy: 0.6280 | Perplexity: 1226.5176
2026-05-15 11:09:47,839 - INFO -   Batch 9/203 | Batch Energy: 0.6335 | Perplexity: 1210.4982
2026-05-15 11:09:47,853 - INFO -   Batch 10/203 | Batch Energy: 0.6337 | Perplexity: 1229.3925
2026-05-15 11:09:47,868 - INFO -   Batch 11/203 | Batch Energy: 0.6359 | Perplexity: 1206.9300
2026-05-15 11:09:47,883 - INFO -   Batch 12/203 | Batch Energy: 0.6346 | Perplexity: 1225.3478
2026-05-15 11:09:47,897 - INFO -   Batch 13/203 | Batch Energy: 0.6362 | Perplexity: 1207.5931
2026-05-15 11:09:47,912 - INFO -   Batch 14/203 | Batch Energy: 0.6347 | Perplexity: 1198.3910
2026-05-15 11:09:47,926 - INFO -   Batch 15/203 | Batch Energy: 0.6367 | Perplexity: 1218.9566
2026-05-15 11:09:47,940 - INFO -   Batch 16/203 | Batch Energy: 0.6369 | Perplexity: 1185.2084
2026-05-15 11:09:47,954 - INFO -   Batch 17/203 | Batch Energy: 0.6397 | Perplexity: 1207.0560
2026-05-15 11:09:47,968 - INFO -   Batch 18/203 | Batch Energy: 0.6373 | Perplexity: 1218.4087
2026-05-15 11:09:47,983 - INFO -   Batch 19/203 | Batch Energy: 0.6381 | Perplexity: 1220.6329
2026-05-15 11:09:47,997 - INFO -   Batch 20/203 | Batch Energy: 0.6365 | Perplexity: 1205.2219
2026-05-15 11:09:48,011 - INFO -   Batch 21/203 | Batch Energy: 0.6356 | Perplexity: 1213.4450
2026-05-15 11:09:48,025 - INFO -   Batch 22/203 | Batch Energy: 0.6375 | Perplexity: 1198.9734
2026-05-15 11:09:48,039 - INFO -   Batch 23/203 | Batch Energy: 0.6367 | Perplexity: 1225.3841
2026-05-15 11:09:48,053 - INFO -   Batch 24/203 | Batch Energy: 0.6385 | Perplexity: 1204.8122
2026-05-15 11:09:48,067 - INFO -   Batch 25/203 | Batch Energy: 0.6360 | Perplexity: 1205.7910
2026-05-15 11:09:48,081 - INFO -   Batch 26/203 | Batch Energy: 0.6367 | Perplexity: 1199.6111
2026-05-15 11:09:48,096 - INFO -   Batch 27/203 | Batch Energy: 0.6383 | Perplexity: 1187.5839
2026-05-15 11:09:48,110 - INFO -   Batch 28/203 | Batch Energy: 0.6375 | Perplexity: 1246.2234
2026-05-15 11:09:48,125 - INFO -   Batch 29/203 | Batch Energy: 0.6371 | Perplexity: 1208.6768
2026-05-15 11:09:48,139 - INFO -   Batch 30/203 | Batch Energy: 0.6356 | Perplexity: 1233.0031
2026-05-15 11:09:48,154 - INFO -   Batch 31/203 | Batch Energy: 0.6370 | Perplexity: 1211.4238
2026-05-15 11:09:48,168 - INFO -   Batch 32/203 | Batch Energy: 0.6366 | Perplexity: 1229.5895
2026-05-15 11:09:48,183 - INFO -   Batch 33/203 | Batch Energy: 0.6364 | Perplexity: 1194.6089
2026-05-15 11:09:48,198 - INFO -   Batch 34/203 | Batch Energy: 0.6373 | Perplexity: 1208.7794
2026-05-15 11:09:48,213 - INFO -   Batch 35/203 | Batch Energy: 0.6369 | Perplexity: 1220.7680
2026-05-15 11:09:48,228 - INFO -   Batch 36/203 | Batch Energy: 0.6363 | Perplexity: 1197.9973
2026-05-15 11:09:48,243 - INFO -   Batch 37/203 | Batch Energy: 0.6376 | Perplexity: 1202.4012
2026-05-15 11:09:48,257 - INFO -   Batch 38/203 | Batch Energy: 0.6352 | Perplexity: 1207.5062
2026-05-15 11:09:48,272 - INFO -   Batch 39/203 | Batch Energy: 0.6367 | Perplexity: 1195.5714
2026-05-15 11:09:48,286 - INFO -   Batch 40/203 | Batch Energy: 0.6351 | Perplexity: 1162.3559
2026-05-15 11:09:48,301 - INFO -   Batch 41/203 | Batch Energy: 0.6359 | Perplexity: 1186.7421
2026-05-15 11:09:48,315 - INFO -   Batch 42/203 | Batch Energy: 0.6365 | Perplexity: 1258.2593
2026-05-15 11:09:48,329 - INFO -   Batch 43/203 | Batch Energy: 0.6365 | Perplexity: 1185.8687
2026-05-15 11:09:48,344 - INFO -   Batch 44/203 | Batch Energy: 0.6372 | Perplexity: 1228.7736
2026-05-15 11:09:48,359 - INFO -   Batch 45/203 | Batch Energy: 0.6353 | Perplexity: 1194.9621
2026-05-15 11:09:48,373 - INFO -   Batch 46/203 | Batch Energy: 0.6377 | Perplexity: 1231.5206
2026-05-15 11:09:48,388 - INFO -   Batch 47/203 | Batch Energy: 0.6383 | Perplexity: 1197.5501
2026-05-15 11:09:48,403 - INFO -   Batch 48/203 | Batch Energy: 0.6360 | Perplexity: 1208.5667
2026-05-15 11:09:48,418 - INFO -   Batch 49/203 | Batch Energy: 0.6367 | Perplexity: 1202.6409
2026-05-15 11:09:48,432 - INFO -   Batch 50/203 | Batch Energy: 0.6370 | Perplexity: 1232.8996
2026-05-15 11:09:48,447 - INFO -   Batch 51/203 | Batch Energy: 0.6360 | Perplexity: 1236.5741
2026-05-15 11:09:48,462 - INFO -   Batch 52/203 | Batch Energy: 0.6355 | Perplexity: 1204.3567
2026-05-15 11:09:48,476 - INFO -   Batch 53/203 | Batch Energy: 0.6353 | Perplexity: 1203.6052
2026-05-15 11:09:48,491 - INFO -   Batch 54/203 | Batch Energy: 0.6351 | Perplexity: 1216.2905
2026-05-15 11:09:48,505 - INFO -   Batch 55/203 | Batch Energy: 0.6368 | Perplexity: 1224.2685
2026-05-15 11:09:48,520 - INFO -   Batch 56/203 | Batch Energy: 0.6349 | Perplexity: 1223.8109
2026-05-15 11:09:48,535 - INFO -   Batch 57/203 | Batch Energy: 0.6377 | Perplexity: 1193.2312
2026-05-15 11:09:48,549 - INFO -   Batch 58/203 | Batch Energy: 0.6372 | Perplexity: 1223.5968
2026-05-15 11:09:48,564 - INFO -   Batch 59/203 | Batch Energy: 0.6362 | Perplexity: 1198.5459
2026-05-15 11:09:48,578 - INFO -   Batch 60/203 | Batch Energy: 0.6356 | Perplexity: 1211.8965
2026-05-15 11:09:48,593 - INFO -   Batch 61/203 | Batch Energy: 0.6372 | Perplexity: 1198.8242
2026-05-15 11:09:48,607 - INFO -   Batch 62/203 | Batch Energy: 0.6342 | Perplexity: 1230.7639
2026-05-15 11:09:48,621 - INFO -   Batch 63/203 | Batch Energy: 0.6355 | Perplexity: 1255.0086
2026-05-15 11:09:48,636 - INFO -   Batch 64/203 | Batch Energy: 0.6357 | Perplexity: 1237.2831
2026-05-15 11:09:48,650 - INFO -   Batch 65/203 | Batch Energy: 0.6363 | Perplexity: 1207.6392
2026-05-15 11:09:48,665 - INFO -   Batch 66/203 | Batch Energy: 0.6354 | Perplexity: 1231.5482
2026-05-15 11:09:48,679 - INFO -   Batch 67/203 | Batch Energy: 0.6369 | Perplexity: 1197.9071
2026-05-15 11:09:48,694 - INFO -   Batch 68/203 | Batch Energy: 0.6353 | Perplexity: 1243.4596
2026-05-15 11:09:48,709 - INFO -   Batch 69/203 | Batch Energy: 0.6370 | Perplexity: 1228.1065
2026-05-15 11:09:48,724 - INFO -   Batch 70/203 | Batch Energy: 0.6357 | Perplexity: 1268.7304
2026-05-15 11:09:48,738 - INFO -   Batch 71/203 | Batch Energy: 0.6352 | Perplexity: 1233.2718
2026-05-15 11:09:48,753 - INFO -   Batch 72/203 | Batch Energy: 0.6359 | Perplexity: 1216.8909
2026-05-15 11:09:48,768 - INFO -   Batch 73/203 | Batch Energy: 0.6347 | Perplexity: 1244.3772
2026-05-15 11:09:48,782 - INFO -   Batch 74/203 | Batch Energy: 0.6332 | Perplexity: 1215.6504
2026-05-15 11:09:48,797 - INFO -   Batch 75/203 | Batch Energy: 0.6357 | Perplexity: 1215.3658
2026-05-15 11:09:48,812 - INFO -   Batch 76/203 | Batch Energy: 0.6348 | Perplexity: 1185.8302
2026-05-15 11:09:48,828 - INFO -   Batch 77/203 | Batch Energy: 0.6352 | Perplexity: 1244.6567
2026-05-15 11:09:48,844 - INFO -   Batch 78/203 | Batch Energy: 0.6342 | Perplexity: 1221.6420
2026-05-15 11:09:48,859 - INFO -   Batch 79/203 | Batch Energy: 0.6362 | Perplexity: 1217.6176
2026-05-15 11:09:48,874 - INFO -   Batch 80/203 | Batch Energy: 0.6360 | Perplexity: 1206.7665
2026-05-15 11:09:48,889 - INFO -   Batch 81/203 | Batch Energy: 0.6364 | Perplexity: 1243.8801
2026-05-15 11:09:48,905 - INFO -   Batch 82/203 | Batch Energy: 0.6353 | Perplexity: 1198.7202
2026-05-15 11:09:48,920 - INFO -   Batch 83/203 | Batch Energy: 0.6357 | Perplexity: 1226.3117
2026-05-15 11:09:48,936 - INFO -   Batch 84/203 | Batch Energy: 0.6339 | Perplexity: 1196.7955
2026-05-15 11:09:48,950 - INFO -   Batch 85/203 | Batch Energy: 0.6349 | Perplexity: 1195.5395
2026-05-15 11:09:48,965 - INFO -   Batch 86/203 | Batch Energy: 0.6345 | Perplexity: 1225.6961
2026-05-15 11:09:48,979 - INFO -   Batch 87/203 | Batch Energy: 0.6324 | Perplexity: 1203.4141
2026-05-15 11:09:48,994 - INFO -   Batch 88/203 | Batch Energy: 0.6320 | Perplexity: 1194.9673
2026-05-15 11:09:49,009 - INFO -   Batch 89/203 | Batch Energy: 0.6343 | Perplexity: 1229.5338
2026-05-15 11:09:49,023 - INFO -   Batch 90/203 | Batch Energy: 0.6337 | Perplexity: 1221.6106
2026-05-15 11:09:49,038 - INFO -   Batch 91/203 | Batch Energy: 0.6341 | Perplexity: 1228.9571
2026-05-15 11:09:49,053 - INFO -   Batch 92/203 | Batch Energy: 0.6327 | Perplexity: 1214.2061
2026-05-15 11:09:49,067 - INFO -   Batch 93/203 | Batch Energy: 0.6357 | Perplexity: 1238.2953
2026-05-15 11:09:49,081 - INFO -   Batch 94/203 | Batch Energy: 0.6345 | Perplexity: 1235.0761
2026-05-15 11:09:49,095 - INFO -   Batch 95/203 | Batch Energy: 0.6343 | Perplexity: 1227.7066
2026-05-15 11:09:49,109 - INFO -   Batch 96/203 | Batch Energy: 0.6332 | Perplexity: 1215.6562
2026-05-15 11:09:49,123 - INFO -   Batch 97/203 | Batch Energy: 0.6335 | Perplexity: 1215.2673
2026-05-15 11:09:49,138 - INFO -   Batch 98/203 | Batch Energy: 0.6334 | Perplexity: 1207.7250
2026-05-15 11:09:49,153 - INFO -   Batch 99/203 | Batch Energy: 0.6336 | Perplexity: 1232.1397
2026-05-15 11:09:49,168 - INFO -   Batch 100/203 | Batch Energy: 0.6359 | Perplexity: 1215.1143
2026-05-15 11:09:49,183 - INFO -   Batch 101/203 | Batch Energy: 0.6331 | Perplexity: 1178.7899
2026-05-15 11:09:49,198 - INFO -   Batch 102/203 | Batch Energy: 0.6328 | Perplexity: 1205.2530
2026-05-15 11:09:49,213 - INFO -   Batch 103/203 | Batch Energy: 0.6336 | Perplexity: 1226.0954
2026-05-15 11:09:49,228 - INFO -   Batch 104/203 | Batch Energy: 0.6326 | Perplexity: 1208.8462
2026-05-15 11:09:49,242 - INFO -   Batch 105/203 | Batch Energy: 0.6338 | Perplexity: 1224.3672
2026-05-15 11:09:49,257 - INFO -   Batch 106/203 | Batch Energy: 0.6326 | Perplexity: 1211.8444
2026-05-15 11:09:49,272 - INFO -   Batch 107/203 | Batch Energy: 0.6348 | Perplexity: 1211.0565
2026-05-15 11:09:49,286 - INFO -   Batch 108/203 | Batch Energy: 0.6332 | Perplexity: 1230.5432
2026-05-15 11:09:49,301 - INFO -   Batch 109/203 | Batch Energy: 0.6351 | Perplexity: 1192.8956
2026-05-15 11:09:49,315 - INFO -   Batch 110/203 | Batch Energy: 0.6343 | Perplexity: 1167.2748
2026-05-15 11:09:49,330 - INFO -   Batch 111/203 | Batch Energy: 0.6340 | Perplexity: 1216.6786
2026-05-15 11:09:49,345 - INFO -   Batch 112/203 | Batch Energy: 0.6345 | Perplexity: 1228.9125
2026-05-15 11:09:49,360 - INFO -   Batch 113/203 | Batch Energy: 0.6347 | Perplexity: 1230.5192
2026-05-15 11:09:49,375 - INFO -   Batch 114/203 | Batch Energy: 0.6335 | Perplexity: 1241.0239
2026-05-15 11:09:49,389 - INFO -   Batch 115/203 | Batch Energy: 0.6347 | Perplexity: 1221.0958
2026-05-15 11:09:49,404 - INFO -   Batch 116/203 | Batch Energy: 0.6349 | Perplexity: 1197.1042
2026-05-15 11:09:49,418 - INFO -   Batch 117/203 | Batch Energy: 0.6334 | Perplexity: 1207.5908
2026-05-15 11:09:49,433 - INFO -   Batch 118/203 | Batch Energy: 0.6330 | Perplexity: 1206.5398
2026-05-15 11:09:49,447 - INFO -   Batch 119/203 | Batch Energy: 0.6318 | Perplexity: 1194.5053
2026-05-15 11:09:49,461 - INFO -   Batch 120/203 | Batch Energy: 0.6340 | Perplexity: 1222.8094
2026-05-15 11:09:49,475 - INFO -   Batch 121/203 | Batch Energy: 0.6337 | Perplexity: 1231.8753
2026-05-15 11:09:49,492 - INFO -   Batch 122/203 | Batch Energy: 0.6314 | Perplexity: 1225.8744
2026-05-15 11:09:49,506 - INFO -   Batch 123/203 | Batch Energy: 0.6333 | Perplexity: 1203.7843
2026-05-15 11:09:49,520 - INFO -   Batch 124/203 | Batch Energy: 0.6323 | Perplexity: 1228.9782
2026-05-15 11:09:49,534 - INFO -   Batch 125/203 | Batch Energy: 0.6337 | Perplexity: 1227.0043
2026-05-15 11:09:49,549 - INFO -   Batch 126/203 | Batch Energy: 0.6322 | Perplexity: 1235.7347
2026-05-15 11:09:49,563 - INFO -   Batch 127/203 | Batch Energy: 0.6320 | Perplexity: 1239.5814
2026-05-15 11:09:49,577 - INFO -   Batch 128/203 | Batch Energy: 0.6329 | Perplexity: 1207.7417
2026-05-15 11:09:49,591 - INFO -   Batch 129/203 | Batch Energy: 0.6324 | Perplexity: 1237.6619
2026-05-15 11:09:49,605 - INFO -   Batch 130/203 | Batch Energy: 0.6327 | Perplexity: 1213.4577
2026-05-15 11:09:49,619 - INFO -   Batch 131/203 | Batch Energy: 0.6351 | Perplexity: 1239.4656
2026-05-15 11:09:49,633 - INFO -   Batch 132/203 | Batch Energy: 0.6338 | Perplexity: 1198.1624
2026-05-15 11:09:49,648 - INFO -   Batch 133/203 | Batch Energy: 0.6342 | Perplexity: 1211.2881
2026-05-15 11:09:49,662 - INFO -   Batch 134/203 | Batch Energy: 0.6320 | Perplexity: 1227.3401
2026-05-15 11:09:49,676 - INFO -   Batch 135/203 | Batch Energy: 0.6335 | Perplexity: 1196.5604
2026-05-15 11:09:49,691 - INFO -   Batch 136/203 | Batch Energy: 0.6353 | Perplexity: 1251.4040
2026-05-15 11:09:49,705 - INFO -   Batch 137/203 | Batch Energy: 0.6333 | Perplexity: 1179.1098
2026-05-15 11:09:49,721 - INFO -   Batch 138/203 | Batch Energy: 0.6339 | Perplexity: 1224.8828
2026-05-15 11:09:49,736 - INFO -   Batch 139/203 | Batch Energy: 0.6343 | Perplexity: 1220.3553
2026-05-15 11:09:49,751 - INFO -   Batch 140/203 | Batch Energy: 0.6329 | Perplexity: 1237.2365
2026-05-15 11:09:49,765 - INFO -   Batch 141/203 | Batch Energy: 0.6321 | Perplexity: 1226.3445
2026-05-15 11:09:49,780 - INFO -   Batch 142/203 | Batch Energy: 0.6326 | Perplexity: 1175.5875
2026-05-15 11:09:49,794 - INFO -   Batch 143/203 | Batch Energy: 0.6327 | Perplexity: 1173.5461
2026-05-15 11:09:49,808 - INFO -   Batch 144/203 | Batch Energy: 0.6334 | Perplexity: 1194.9519
2026-05-15 11:09:49,822 - INFO -   Batch 145/203 | Batch Energy: 0.6334 | Perplexity: 1220.4391
2026-05-15 11:09:49,836 - INFO -   Batch 146/203 | Batch Energy: 0.6322 | Perplexity: 1224.4472
2026-05-15 11:09:49,850 - INFO -   Batch 147/203 | Batch Energy: 0.6323 | Perplexity: 1214.2820
2026-05-15 11:09:49,864 - INFO -   Batch 148/203 | Batch Energy: 0.6325 | Perplexity: 1212.8463
2026-05-15 11:09:49,878 - INFO -   Batch 149/203 | Batch Energy: 0.6341 | Perplexity: 1225.7248
2026-05-15 11:09:49,893 - INFO -   Batch 150/203 | Batch Energy: 0.6342 | Perplexity: 1200.2370
2026-05-15 11:09:49,907 - INFO -   Batch 151/203 | Batch Energy: 0.6341 | Perplexity: 1206.2493
2026-05-15 11:09:49,921 - INFO -   Batch 152/203 | Batch Energy: 0.6310 | Perplexity: 1207.4233
2026-05-15 11:09:49,935 - INFO -   Batch 153/203 | Batch Energy: 0.6328 | Perplexity: 1218.4284
2026-05-15 11:09:49,949 - INFO -   Batch 154/203 | Batch Energy: 0.6337 | Perplexity: 1225.7598
2026-05-15 11:09:49,964 - INFO -   Batch 155/203 | Batch Energy: 0.6319 | Perplexity: 1205.7697
2026-05-15 11:09:49,978 - INFO -   Batch 156/203 | Batch Energy: 0.6314 | Perplexity: 1198.8151
2026-05-15 11:09:49,993 - INFO -   Batch 157/203 | Batch Energy: 0.6323 | Perplexity: 1201.7443
2026-05-15 11:09:50,010 - INFO -   Batch 158/203 | Batch Energy: 0.6316 | Perplexity: 1193.0378
2026-05-15 11:09:50,026 - INFO -   Batch 159/203 | Batch Energy: 0.6333 | Perplexity: 1203.9485
2026-05-15 11:09:50,041 - INFO -   Batch 160/203 | Batch Energy: 0.6322 | Perplexity: 1250.1194
2026-05-15 11:09:50,056 - INFO -   Batch 161/203 | Batch Energy: 0.6313 | Perplexity: 1235.6063
2026-05-15 11:09:50,072 - INFO -   Batch 162/203 | Batch Energy: 0.6327 | Perplexity: 1235.5055
2026-05-15 11:09:50,086 - INFO -   Batch 163/203 | Batch Energy: 0.6310 | Perplexity: 1199.5979
2026-05-15 11:09:50,101 - INFO -   Batch 164/203 | Batch Energy: 0.6322 | Perplexity: 1190.3267
2026-05-15 11:09:50,115 - INFO -   Batch 165/203 | Batch Energy: 0.6314 | Perplexity: 1229.0016
2026-05-15 11:09:50,129 - INFO -   Batch 166/203 | Batch Energy: 0.6314 | Perplexity: 1200.4866
2026-05-15 11:09:50,144 - INFO -   Batch 167/203 | Batch Energy: 0.6334 | Perplexity: 1213.1685
2026-05-15 11:09:50,158 - INFO -   Batch 168/203 | Batch Energy: 0.6323 | Perplexity: 1224.4215
2026-05-15 11:09:50,172 - INFO -   Batch 169/203 | Batch Energy: 0.6307 | Perplexity: 1215.6683
2026-05-15 11:09:50,187 - INFO -   Batch 170/203 | Batch Energy: 0.6306 | Perplexity: 1211.9768
2026-05-15 11:09:50,201 - INFO -   Batch 171/203 | Batch Energy: 0.6322 | Perplexity: 1201.1428
2026-05-15 11:09:50,216 - INFO -   Batch 172/203 | Batch Energy: 0.6316 | Perplexity: 1219.9585
2026-05-15 11:09:50,230 - INFO -   Batch 173/203 | Batch Energy: 0.6312 | Perplexity: 1261.9119
2026-05-15 11:09:50,245 - INFO -   Batch 174/203 | Batch Energy: 0.6302 | Perplexity: 1201.1978
2026-05-15 11:09:50,259 - INFO -   Batch 175/203 | Batch Energy: 0.6315 | Perplexity: 1195.3839
2026-05-15 11:09:50,274 - INFO -   Batch 176/203 | Batch Energy: 0.6316 | Perplexity: 1255.2223
2026-05-15 11:09:50,288 - INFO -   Batch 177/203 | Batch Energy: 0.6323 | Perplexity: 1194.5332
2026-05-15 11:09:50,303 - INFO -   Batch 178/203 | Batch Energy: 0.6320 | Perplexity: 1216.1096
2026-05-15 11:09:50,318 - INFO -   Batch 179/203 | Batch Energy: 0.6305 | Perplexity: 1215.6794
2026-05-15 11:09:50,333 - INFO -   Batch 180/203 | Batch Energy: 0.6313 | Perplexity: 1183.0515
2026-05-15 11:09:50,348 - INFO -   Batch 181/203 | Batch Energy: 0.6312 | Perplexity: 1207.2414
2026-05-15 11:09:50,362 - INFO -   Batch 182/203 | Batch Energy: 0.6317 | Perplexity: 1207.3145
2026-05-15 11:09:50,377 - INFO -   Batch 183/203 | Batch Energy: 0.6304 | Perplexity: 1181.1784
2026-05-15 11:09:50,392 - INFO -   Batch 184/203 | Batch Energy: 0.6326 | Perplexity: 1216.1403
2026-05-15 11:09:50,407 - INFO -   Batch 185/203 | Batch Energy: 0.6322 | Perplexity: 1212.6936
2026-05-15 11:09:50,421 - INFO -   Batch 186/203 | Batch Energy: 0.6316 | Perplexity: 1211.3620
2026-05-15 11:09:50,436 - INFO -   Batch 187/203 | Batch Energy: 0.6333 | Perplexity: 1217.8383
2026-05-15 11:09:50,450 - INFO -   Batch 188/203 | Batch Energy: 0.6316 | Perplexity: 1209.2250
2026-05-15 11:09:50,464 - INFO -   Batch 189/203 | Batch Energy: 0.6306 | Perplexity: 1249.7224
2026-05-15 11:09:50,478 - INFO -   Batch 190/203 | Batch Energy: 0.6323 | Perplexity: 1204.5848
2026-05-15 11:09:50,492 - INFO -   Batch 191/203 | Batch Energy: 0.6312 | Perplexity: 1244.9885
2026-05-15 11:09:50,506 - INFO -   Batch 192/203 | Batch Energy: 0.6317 | Perplexity: 1222.2911
2026-05-15 11:09:50,520 - INFO -   Batch 193/203 | Batch Energy: 0.6342 | Perplexity: 1240.4778
2026-05-15 12:12:28,007 - INFO - 
########################################################################################################################
2026-05-15 12:12:28,007 - INFO - Using device: cuda:0 (local rank 0)
2026-05-15 12:12:28,008 - INFO - Saving the hyperparameters configurations:
2026-05-15 12:12:28,008 - INFO - {
      "vocab_size": 1024,
      "block_size": 240,
      "lr": 3.885392918546742e-06,
      "inference_lr": 0.0003885392918546742,
      "peak_learning_rate": 3.885392918546742e-05,
      "warmup_steps": 356,
      "n_embed": 128,
      "dropout": 0.13792051616168877,
      "T": 1,
      "update_bias": false,
      "num_heads": 8,
      "n_blocks": 1,
      "batch_size": 8,
      "num_epochs": 10,
      "internal_energy_fn_name": "pc_e",
      "output_energy_fn_name": "pc_e",
      "combined_internal_weight": 0.6015226149249674,
      "combined_output_weight": 0.3984773850750326,
      "use_flash_attention": false,
      "alpha": 0.5
}
2026-05-15 12:12:28,190 - INFO - ========== Training started ==========
2026-05-15 12:12:28,190 - INFO - 0.49 M parameters
2026-05-15 12:12:28,190 - INFO - Epoch 1/10
2026-05-15 12:12:28,517 - INFO -   Batch 1/203 | Batch Energy: 0.6328 | Perplexity: 1204.8950
2026-05-15 12:12:28,536 - INFO -   Batch 2/203 | Batch Energy: 0.6303 | Perplexity: 1224.0853
2026-05-15 12:12:28,555 - INFO -   Batch 3/203 | Batch Energy: 0.6308 | Perplexity: 1201.2230
2026-05-15 12:12:28,573 - INFO -   Batch 4/203 | Batch Energy: 0.6298 | Perplexity: 1207.4866
2026-05-15 12:12:28,591 - INFO -   Batch 5/203 | Batch Energy: 0.6290 | Perplexity: 1218.2570
2026-05-15 12:12:28,610 - INFO -   Batch 6/203 | Batch Energy: 0.6280 | Perplexity: 1231.1695
2026-05-15 12:12:28,628 - INFO -   Batch 7/203 | Batch Energy: 0.6285 | Perplexity: 1198.5819
2026-05-15 12:12:28,647 - INFO -   Batch 8/203 | Batch Energy: 0.6291 | Perplexity: 1234.8382
2026-05-15 12:12:28,665 - INFO -   Batch 9/203 | Batch Energy: 0.6300 | Perplexity: 1196.5421
2026-05-15 12:12:28,684 - INFO -   Batch 10/203 | Batch Energy: 0.6288 | Perplexity: 1216.1820
2026-05-15 12:12:28,702 - INFO -   Batch 11/203 | Batch Energy: 0.6275 | Perplexity: 1204.0323
2026-05-15 12:12:28,720 - INFO -   Batch 12/203 | Batch Energy: 0.6276 | Perplexity: 1218.3965
2026-05-15 12:12:28,738 - INFO -   Batch 13/203 | Batch Energy: 0.6272 | Perplexity: 1204.8513
2026-05-15 12:12:28,756 - INFO -   Batch 14/203 | Batch Energy: 0.6283 | Perplexity: 1215.2116
2026-05-15 12:12:28,774 - INFO -   Batch 15/203 | Batch Energy: 0.6273 | Perplexity: 1223.5280
2026-05-15 12:12:28,792 - INFO -   Batch 16/203 | Batch Energy: 0.6283 | Perplexity: 1202.2458
2026-05-15 12:12:28,807 - INFO -   Batch 17/203 | Batch Energy: 0.6253 | Perplexity: 1239.6553
2026-05-15 12:12:28,822 - INFO -   Batch 18/203 | Batch Energy: 0.6254 | Perplexity: 1205.2863
2026-05-15 12:12:28,837 - INFO -   Batch 19/203 | Batch Energy: 0.6270 | Perplexity: 1223.0094
2026-05-15 12:12:28,852 - INFO -   Batch 20/203 | Batch Energy: 0.6256 | Perplexity: 1210.1704
2026-05-15 12:12:28,866 - INFO -   Batch 21/203 | Batch Energy: 0.6249 | Perplexity: 1217.7384
2026-05-15 12:12:28,883 - INFO -   Batch 22/203 | Batch Energy: 0.6255 | Perplexity: 1226.4322
2026-05-15 12:12:28,898 - INFO -   Batch 23/203 | Batch Energy: 0.6272 | Perplexity: 1200.8627
2026-05-15 12:12:28,914 - INFO -   Batch 24/203 | Batch Energy: 0.6249 | Perplexity: 1226.4012
2026-05-15 12:12:28,929 - INFO -   Batch 25/203 | Batch Energy: 0.6249 | Perplexity: 1198.5224
2026-05-15 12:12:28,944 - INFO -   Batch 26/203 | Batch Energy: 0.6256 | Perplexity: 1208.6497
2026-05-15 12:12:28,959 - INFO -   Batch 27/203 | Batch Energy: 0.6252 | Perplexity: 1217.6344
2026-05-15 12:12:28,974 - INFO -   Batch 28/203 | Batch Energy: 0.6248 | Perplexity: 1213.0314
2026-05-15 12:12:28,988 - INFO -   Batch 29/203 | Batch Energy: 0.6256 | Perplexity: 1182.9545
2026-05-15 12:12:29,003 - INFO -   Batch 30/203 | Batch Energy: 0.6245 | Perplexity: 1180.9942
2026-05-15 12:12:29,018 - INFO -   Batch 31/203 | Batch Energy: 0.6244 | Perplexity: 1206.3431
2026-05-15 12:12:29,032 - INFO -   Batch 32/203 | Batch Energy: 0.6245 | Perplexity: 1214.5229
2026-05-15 12:12:29,046 - INFO -   Batch 33/203 | Batch Energy: 0.6248 | Perplexity: 1230.4206
2026-05-15 12:12:29,061 - INFO -   Batch 34/203 | Batch Energy: 0.6234 | Perplexity: 1238.0704
2026-05-15 12:12:29,075 - INFO -   Batch 35/203 | Batch Energy: 0.6251 | Perplexity: 1195.6170
2026-05-15 12:12:29,090 - INFO -   Batch 36/203 | Batch Energy: 0.6235 | Perplexity: 1214.9040
2026-05-15 12:12:29,104 - INFO -   Batch 37/203 | Batch Energy: 0.6219 | Perplexity: 1238.6124
2026-05-15 12:12:29,130 - INFO -   Batch 38/203 | Batch Energy: 0.6238 | Perplexity: 1205.3570
2026-05-15 12:12:29,144 - INFO -   Batch 39/203 | Batch Energy: 0.6230 | Perplexity: 1199.1227
2026-05-15 12:12:29,159 - INFO -   Batch 40/203 | Batch Energy: 0.6227 | Perplexity: 1218.8265
2026-05-15 12:12:29,174 - INFO -   Batch 41/203 | Batch Energy: 0.6230 | Perplexity: 1229.7994
2026-05-15 12:12:29,188 - INFO -   Batch 42/203 | Batch Energy: 0.6218 | Perplexity: 1216.4883
2026-05-15 12:12:29,203 - INFO -   Batch 43/203 | Batch Energy: 0.6228 | Perplexity: 1213.2905
2026-05-15 12:12:29,218 - INFO -   Batch 44/203 | Batch Energy: 0.6220 | Perplexity: 1197.4337
2026-05-15 12:12:29,232 - INFO -   Batch 45/203 | Batch Energy: 0.6210 | Perplexity: 1225.3899
2026-05-15 12:12:29,247 - INFO -   Batch 46/203 | Batch Energy: 0.6218 | Perplexity: 1232.9208
2026-05-15 12:12:29,262 - INFO -   Batch 47/203 | Batch Energy: 0.6227 | Perplexity: 1223.5320
2026-05-15 12:12:29,276 - INFO -   Batch 48/203 | Batch Energy: 0.6215 | Perplexity: 1213.0262
2026-05-15 12:12:29,291 - INFO -   Batch 49/203 | Batch Energy: 0.6207 | Perplexity: 1215.9118
2026-05-15 12:12:29,304 - INFO -   Batch 50/203 | Batch Energy: 0.6224 | Perplexity: 1187.1405
2026-05-15 12:12:29,319 - INFO -   Batch 51/203 | Batch Energy: 0.6207 | Perplexity: 1229.3122
2026-05-15 12:12:29,333 - INFO -   Batch 52/203 | Batch Energy: 0.6209 | Perplexity: 1220.6935
2026-05-15 12:12:29,347 - INFO -   Batch 53/203 | Batch Energy: 0.6195 | Perplexity: 1190.9421
2026-05-15 12:12:29,362 - INFO -   Batch 54/203 | Batch Energy: 0.6205 | Perplexity: 1206.7102
2026-05-15 12:12:29,376 - INFO -   Batch 55/203 | Batch Energy: 0.6206 | Perplexity: 1208.5949
2026-05-15 12:12:29,390 - INFO -   Batch 56/203 | Batch Energy: 0.6210 | Perplexity: 1241.8420
2026-05-15 12:12:29,404 - INFO -   Batch 57/203 | Batch Energy: 0.6199 | Perplexity: 1227.9659
2026-05-15 12:12:29,418 - INFO -   Batch 58/203 | Batch Energy: 0.6213 | Perplexity: 1231.4542
2026-05-15 12:12:29,432 - INFO -   Batch 59/203 | Batch Energy: 0.6193 | Perplexity: 1207.8327
2026-05-15 12:12:29,446 - INFO -   Batch 60/203 | Batch Energy: 0.6195 | Perplexity: 1231.4537
2026-05-15 12:12:29,461 - INFO -   Batch 61/203 | Batch Energy: 0.6180 | Perplexity: 1205.2484
2026-05-15 12:12:29,475 - INFO -   Batch 62/203 | Batch Energy: 0.6176 | Perplexity: 1222.5564
2026-05-15 12:12:29,489 - INFO -   Batch 63/203 | Batch Energy: 0.6187 | Perplexity: 1211.1362
2026-05-15 12:12:29,504 - INFO -   Batch 64/203 | Batch Energy: 0.6188 | Perplexity: 1193.9051
2026-05-15 12:12:29,518 - INFO -   Batch 65/203 | Batch Energy: 0.6194 | Perplexity: 1196.5809
2026-05-15 12:12:29,533 - INFO -   Batch 66/203 | Batch Energy: 0.6165 | Perplexity: 1222.4829
2026-05-15 12:12:29,547 - INFO -   Batch 67/203 | Batch Energy: 0.6192 | Perplexity: 1199.7873
2026-05-15 12:12:29,561 - INFO -   Batch 68/203 | Batch Energy: 0.6186 | Perplexity: 1211.0606
2026-05-15 12:12:29,576 - INFO -   Batch 69/203 | Batch Energy: 0.6173 | Perplexity: 1215.7002
2026-05-15 12:12:29,590 - INFO -   Batch 70/203 | Batch Energy: 0.6182 | Perplexity: 1191.9415
2026-05-15 12:12:29,605 - INFO -   Batch 71/203 | Batch Energy: 0.6172 | Perplexity: 1189.3951
2026-05-15 12:12:29,619 - INFO -   Batch 72/203 | Batch Energy: 0.6176 | Perplexity: 1229.7813
2026-05-15 12:12:29,633 - INFO -   Batch 73/203 | Batch Energy: 0.6184 | Perplexity: 1208.1904
2026-05-15 12:12:29,647 - INFO -   Batch 74/203 | Batch Energy: 0.6182 | Perplexity: 1217.5566
2026-05-15 12:12:29,661 - INFO -   Batch 75/203 | Batch Energy: 0.6155 | Perplexity: 1174.6282
2026-05-15 12:12:29,675 - INFO -   Batch 76/203 | Batch Energy: 0.6172 | Perplexity: 1202.2613
2026-05-15 12:12:29,689 - INFO -   Batch 77/203 | Batch Energy: 0.6173 | Perplexity: 1187.5680
2026-05-15 12:12:29,703 - INFO -   Batch 78/203 | Batch Energy: 0.6166 | Perplexity: 1217.7755
2026-05-15 12:12:29,717 - INFO -   Batch 79/203 | Batch Energy: 0.6166 | Perplexity: 1187.7781
2026-05-15 12:12:29,731 - INFO -   Batch 80/203 | Batch Energy: 0.6167 | Perplexity: 1205.5461
2026-05-15 12:12:29,746 - INFO -   Batch 81/203 | Batch Energy: 0.6150 | Perplexity: 1195.1422
2026-05-15 12:12:29,760 - INFO -   Batch 82/203 | Batch Energy: 0.6170 | Perplexity: 1216.4941
2026-05-15 12:12:29,774 - INFO -   Batch 83/203 | Batch Energy: 0.6167 | Perplexity: 1212.5288
2026-05-15 12:12:29,788 - INFO -   Batch 84/203 | Batch Energy: 0.6156 | Perplexity: 1208.7874
2026-05-15 12:12:29,802 - INFO -   Batch 85/203 | Batch Energy: 0.6151 | Perplexity: 1237.2913
2026-05-15 12:12:29,816 - INFO -   Batch 86/203 | Batch Energy: 0.6154 | Perplexity: 1215.7118
2026-05-15 12:12:29,830 - INFO -   Batch 87/203 | Batch Energy: 0.6146 | Perplexity: 1200.0796
2026-05-15 12:12:29,844 - INFO -   Batch 88/203 | Batch Energy: 0.6139 | Perplexity: 1194.7929
2026-05-15 12:12:29,859 - INFO -   Batch 89/203 | Batch Energy: 0.6150 | Perplexity: 1235.1751
2026-05-15 12:12:29,873 - INFO -   Batch 90/203 | Batch Energy: 0.6152 | Perplexity: 1220.0033
2026-05-15 12:12:29,887 - INFO -   Batch 91/203 | Batch Energy: 0.6162 | Perplexity: 1228.4245
2026-05-15 12:12:29,901 - INFO -   Batch 92/203 | Batch Energy: 0.6142 | Perplexity: 1205.7726
2026-05-15 12:12:29,914 - INFO -   Batch 93/203 | Batch Energy: 0.6150 | Perplexity: 1215.3826
2026-05-15 12:12:29,928 - INFO -   Batch 94/203 | Batch Energy: 0.6157 | Perplexity: 1219.2351
2026-05-15 12:12:29,942 - INFO -   Batch 95/203 | Batch Energy: 0.6137 | Perplexity: 1214.3040
2026-05-15 12:12:29,956 - INFO -   Batch 96/203 | Batch Energy: 0.6146 | Perplexity: 1211.9242
2026-05-15 12:12:29,970 - INFO -   Batch 97/203 | Batch Energy: 0.6138 | Perplexity: 1193.9768
2026-05-15 12:12:29,984 - INFO -   Batch 98/203 | Batch Energy: 0.6138 | Perplexity: 1235.6051
2026-05-15 12:12:29,998 - INFO -   Batch 99/203 | Batch Energy: 0.6149 | Perplexity: 1210.1029
2026-05-15 12:12:30,013 - INFO -   Batch 100/203 | Batch Energy: 0.6137 | Perplexity: 1218.7445
2026-05-15 12:12:30,028 - INFO -   Batch 101/203 | Batch Energy: 0.6129 | Perplexity: 1210.6933
2026-05-15 12:12:30,043 - INFO -   Batch 102/203 | Batch Energy: 0.6135 | Perplexity: 1202.0022
2026-05-15 12:12:30,057 - INFO -   Batch 103/203 | Batch Energy: 0.6133 | Perplexity: 1210.8134
2026-05-15 12:12:30,072 - INFO -   Batch 104/203 | Batch Energy: 0.6125 | Perplexity: 1199.2325
2026-05-15 12:12:30,086 - INFO -   Batch 105/203 | Batch Energy: 0.6137 | Perplexity: 1194.0873
2026-05-15 12:12:30,101 - INFO -   Batch 106/203 | Batch Energy: 0.6132 | Perplexity: 1230.5896
2026-05-15 12:12:30,116 - INFO -   Batch 107/203 | Batch Energy: 0.6130 | Perplexity: 1203.4629
2026-05-15 12:12:30,130 - INFO -   Batch 108/203 | Batch Energy: 0.6130 | Perplexity: 1197.0746
2026-05-15 12:12:30,144 - INFO -   Batch 109/203 | Batch Energy: 0.6127 | Perplexity: 1208.5972
2026-05-15 12:12:30,158 - INFO -   Batch 110/203 | Batch Energy: 0.6122 | Perplexity: 1228.6781
2026-05-15 12:12:30,172 - INFO -   Batch 111/203 | Batch Energy: 0.6127 | Perplexity: 1227.6586
2026-05-15 12:12:30,187 - INFO -   Batch 112/203 | Batch Energy: 0.6121 | Perplexity: 1189.3015
2026-05-15 12:12:30,201 - INFO -   Batch 113/203 | Batch Energy: 0.6110 | Perplexity: 1219.2764
2026-05-15 12:12:30,215 - INFO -   Batch 114/203 | Batch Energy: 0.6137 | Perplexity: 1211.8849
2026-05-15 12:12:30,229 - INFO -   Batch 115/203 | Batch Energy: 0.6103 | Perplexity: 1192.9217
2026-05-15 12:12:30,243 - INFO -   Batch 116/203 | Batch Energy: 0.6117 | Perplexity: 1206.2741
2026-05-15 12:12:30,258 - INFO -   Batch 117/203 | Batch Energy: 0.6122 | Perplexity: 1219.4467
2026-05-15 12:12:30,272 - INFO -   Batch 118/203 | Batch Energy: 0.6106 | Perplexity: 1200.0505
2026-05-15 12:12:30,286 - INFO -   Batch 119/203 | Batch Energy: 0.6103 | Perplexity: 1212.9914
2026-05-15 12:12:30,300 - INFO -   Batch 120/203 | Batch Energy: 0.6120 | Perplexity: 1226.4129
2026-05-15 12:12:30,318 - INFO -   Batch 121/203 | Batch Energy: 0.6105 | Perplexity: 1213.4681
2026-05-15 12:12:30,332 - INFO -   Batch 122/203 | Batch Energy: 0.6102 | Perplexity: 1190.9569
2026-05-15 12:12:30,346 - INFO -   Batch 123/203 | Batch Energy: 0.6103 | Perplexity: 1186.0966
2026-05-15 12:12:30,360 - INFO -   Batch 124/203 | Batch Energy: 0.6116 | Perplexity: 1215.5142
2026-05-15 12:12:30,374 - INFO -   Batch 125/203 | Batch Energy: 0.6110 | Perplexity: 1182.5715
2026-05-15 12:12:30,387 - INFO -   Batch 126/203 | Batch Energy: 0.6115 | Perplexity: 1185.0208
2026-05-15 12:12:30,401 - INFO -   Batch 127/203 | Batch Energy: 0.6108 | Perplexity: 1209.0572
2026-05-15 12:12:30,415 - INFO -   Batch 128/203 | Batch Energy: 0.6108 | Perplexity: 1208.0643
2026-05-15 12:12:30,429 - INFO -   Batch 129/203 | Batch Energy: 0.6100 | Perplexity: 1203.0240
2026-05-15 12:12:30,443 - INFO -   Batch 130/203 | Batch Energy: 0.6099 | Perplexity: 1226.6644
2026-05-15 12:12:30,457 - INFO -   Batch 131/203 | Batch Energy: 0.6103 | Perplexity: 1196.2557
2026-05-15 12:12:30,471 - INFO -   Batch 132/203 | Batch Energy: 0.6103 | Perplexity: 1230.2810
2026-05-15 12:12:30,485 - INFO -   Batch 133/203 | Batch Energy: 0.6092 | Perplexity: 1198.8900
2026-05-15 12:12:30,498 - INFO -   Batch 134/203 | Batch Energy: 0.6092 | Perplexity: 1199.8611
2026-05-15 12:12:30,512 - INFO -   Batch 135/203 | Batch Energy: 0.6104 | Perplexity: 1241.2162
2026-05-15 12:12:30,527 - INFO -   Batch 136/203 | Batch Energy: 0.6079 | Perplexity: 1209.2158
2026-05-15 12:12:30,541 - INFO -   Batch 137/203 | Batch Energy: 0.6090 | Perplexity: 1207.4429
2026-05-15 12:12:30,555 - INFO -   Batch 138/203 | Batch Energy: 0.6096 | Perplexity: 1190.3625
2026-05-15 12:12:30,569 - INFO -   Batch 139/203 | Batch Energy: 0.6095 | Perplexity: 1202.3072
2026-05-15 12:12:30,583 - INFO -   Batch 140/203 | Batch Energy: 0.6096 | Perplexity: 1227.4151
2026-05-15 12:12:30,596 - INFO -   Batch 141/203 | Batch Energy: 0.6085 | Perplexity: 1206.5128
2026-05-15 12:12:30,610 - INFO -   Batch 142/203 | Batch Energy: 0.6093 | Perplexity: 1209.2965
2026-05-15 12:12:30,624 - INFO -   Batch 143/203 | Batch Energy: 0.6079 | Perplexity: 1198.3379
2026-05-15 12:12:30,638 - INFO -   Batch 144/203 | Batch Energy: 0.6112 | Perplexity: 1219.3723
2026-05-15 12:12:30,652 - INFO -   Batch 145/203 | Batch Energy: 0.6091 | Perplexity: 1196.5050
2026-05-15 12:12:30,665 - INFO -   Batch 146/203 | Batch Energy: 0.6088 | Perplexity: 1233.2259
2026-05-15 12:12:30,679 - INFO -   Batch 147/203 | Batch Energy: 0.6082 | Perplexity: 1212.2016
2026-05-15 12:12:30,693 - INFO -   Batch 148/203 | Batch Energy: 0.6078 | Perplexity: 1248.2615
2026-05-15 12:12:30,707 - INFO -   Batch 149/203 | Batch Energy: 0.6086 | Perplexity: 1199.1324
2026-05-15 12:12:30,721 - INFO -   Batch 150/203 | Batch Energy: 0.6086 | Perplexity: 1225.2111
2026-05-15 12:12:30,735 - INFO -   Batch 151/203 | Batch Energy: 0.6081 | Perplexity: 1173.1197
2026-05-15 12:12:30,749 - INFO -   Batch 152/203 | Batch Energy: 0.6086 | Perplexity: 1229.0291
2026-05-15 12:12:30,763 - INFO -   Batch 153/203 | Batch Energy: 0.6077 | Perplexity: 1199.8571
2026-05-15 12:12:30,777 - INFO -   Batch 154/203 | Batch Energy: 0.6075 | Perplexity: 1229.6792
2026-05-15 12:12:30,791 - INFO -   Batch 155/203 | Batch Energy: 0.6073 | Perplexity: 1228.9149
2026-05-15 12:12:30,805 - INFO -   Batch 156/203 | Batch Energy: 0.6077 | Perplexity: 1191.9261
2026-05-15 12:12:30,818 - INFO -   Batch 157/203 | Batch Energy: 0.6068 | Perplexity: 1216.5852
2026-05-15 12:12:30,832 - INFO -   Batch 158/203 | Batch Energy: 0.6075 | Perplexity: 1210.5785
2026-05-15 12:12:30,846 - INFO -   Batch 159/203 | Batch Energy: 0.6082 | Perplexity: 1246.4914
2026-05-15 12:12:30,860 - INFO -   Batch 160/203 | Batch Energy: 0.6093 | Perplexity: 1222.6018
2026-05-15 12:12:30,874 - INFO -   Batch 161/203 | Batch Energy: 0.6082 | Perplexity: 1211.4747
2026-05-15 12:12:30,889 - INFO -   Batch 162/203 | Batch Energy: 0.6075 | Perplexity: 1230.2446
2026-05-15 12:12:30,903 - INFO -   Batch 163/203 | Batch Energy: 0.6068 | Perplexity: 1218.5789
2026-05-15 12:12:30,917 - INFO -   Batch 164/203 | Batch Energy: 0.6068 | Perplexity: 1195.9951
2026-05-15 12:12:30,931 - INFO -   Batch 165/203 | Batch Energy: 0.6082 | Perplexity: 1216.8944
2026-05-15 12:12:30,945 - INFO -   Batch 166/203 | Batch Energy: 0.6098 | Perplexity: 1227.5327
2026-05-15 12:12:30,959 - INFO -   Batch 167/203 | Batch Energy: 0.6069 | Perplexity: 1197.9368
2026-05-15 12:12:30,973 - INFO -   Batch 168/203 | Batch Energy: 0.6059 | Perplexity: 1215.4035
2026-05-15 12:12:30,987 - INFO -   Batch 169/203 | Batch Energy: 0.6074 | Perplexity: 1211.3488
2026-05-15 12:12:31,001 - INFO -   Batch 170/203 | Batch Energy: 0.6056 | Perplexity: 1234.8765
2026-05-15 12:12:31,015 - INFO -   Batch 171/203 | Batch Energy: 0.6054 | Perplexity: 1237.7445
2026-05-15 12:12:31,029 - INFO -   Batch 172/203 | Batch Energy: 0.6074 | Perplexity: 1221.0364
2026-05-15 12:12:31,043 - INFO -   Batch 173/203 | Batch Energy: 0.6070 | Perplexity: 1220.2884
2026-05-15 12:12:31,057 - INFO -   Batch 174/203 | Batch Energy: 0.6074 | Perplexity: 1232.4981
2026-05-15 12:12:31,071 - INFO -   Batch 175/203 | Batch Energy: 0.6062 | Perplexity: 1187.5867
2026-05-15 12:12:31,085 - INFO -   Batch 176/203 | Batch Energy: 0.6056 | Perplexity: 1233.8777
2026-05-15 12:12:31,099 - INFO -   Batch 177/203 | Batch Energy: 0.6073 | Perplexity: 1166.5286
2026-05-15 12:12:31,112 - INFO -   Batch 178/203 | Batch Energy: 0.6052 | Perplexity: 1238.8457
2026-05-15 12:12:31,126 - INFO -   Batch 179/203 | Batch Energy: 0.6065 | Perplexity: 1217.0917
2026-05-15 12:12:31,140 - INFO -   Batch 180/203 | Batch Energy: 0.6064 | Perplexity: 1220.2721
2026-05-15 12:12:31,154 - INFO -   Batch 181/203 | Batch Energy: 0.6054 | Perplexity: 1214.4302
2026-05-15 12:12:31,168 - INFO -   Batch 182/203 | Batch Energy: 0.6062 | Perplexity: 1207.9894
2026-05-15 12:12:31,182 - INFO -   Batch 183/203 | Batch Energy: 0.6068 | Perplexity: 1191.1665
2026-05-15 12:12:31,196 - INFO -   Batch 184/203 | Batch Energy: 0.6064 | Perplexity: 1218.7567
2026-05-15 12:12:31,210 - INFO -   Batch 185/203 | Batch Energy: 0.6050 | Perplexity: 1209.1299
2026-05-15 12:12:31,224 - INFO -   Batch 186/203 | Batch Energy: 0.6080 | Perplexity: 1223.3512
2026-05-15 12:12:31,238 - INFO -   Batch 187/203 | Batch Energy: 0.6051 | Perplexity: 1243.0061
2026-05-15 12:12:31,252 - INFO -   Batch 188/203 | Batch Energy: 0.6063 | Perplexity: 1220.0330
2026-05-15 12:12:31,265 - INFO -   Batch 189/203 | Batch Energy: 0.6063 | Perplexity: 1239.4029
2026-05-15 12:12:31,279 - INFO -   Batch 190/203 | Batch Energy: 0.6075 | Perplexity: 1205.0582
2026-05-15 12:12:31,293 - INFO -   Batch 191/203 | Batch Energy: 0.6055 | Perplexity: 1211.0069
2026-05-15 12:12:31,307 - INFO -   Batch 192/203 | Batch Energy: 0.6064 | Perplexity: 1194.1339
2026-05-15 12:12:31,320 - INFO -   Batch 193/203 | Batch Energy: 0.6057 | Perplexity: 1203.4784
2026-05-15 12:12:31,334 - INFO -   Batch 194/203 | Batch Energy: 0.6060 | Perplexity: 1220.9898
2026-05-15 12:12:31,349 - INFO -   Batch 195/203 | Batch Energy: 0.6051 | Perplexity: 1208.3909
2026-05-15 12:12:31,364 - INFO -   Batch 196/203 | Batch Energy: 0.6046 | Perplexity: 1196.2534
2026-05-15 12:12:31,378 - INFO -   Batch 197/203 | Batch Energy: 0.6066 | Perplexity: 1220.4193
2026-05-15 12:12:31,392 - INFO -   Batch 198/203 | Batch Energy: 0.6045 | Perplexity: 1203.4446
2026-05-15 12:12:31,406 - INFO -   Batch 199/203 | Batch Energy: 0.6054 | Perplexity: 1197.2036
2026-05-15 12:12:31,421 - INFO -   Batch 200/203 | Batch Energy: 0.6039 | Perplexity: 1238.6821
2026-05-15 12:12:31,435 - INFO -   Batch 201/203 | Batch Energy: 0.6052 | Perplexity: 1189.0685
2026-05-15 12:12:31,449 - INFO -   Batch 202/203 | Batch Energy: 0.6041 | Perplexity: 1202.8651
2026-05-15 12:12:31,462 - INFO -   Batch 203/203 | Batch Energy: 0.6046 | Perplexity: 1234.3420
2026-05-15 12:12:31,619 - INFO - Epoch 1/10 | Train Energy: 0.6149 | Train Perplexity: 1212.1539 | Val Energy: 0.6045 | Val Perplexity: 1207.3560
2026-05-15 12:12:31,620 - INFO - Epoch 2/10
2026-05-15 12:12:31,634 - INFO -   Batch 1/203 | Batch Energy: 0.6042 | Perplexity: 1215.5095
2026-05-15 12:12:31,647 - INFO -   Batch 2/203 | Batch Energy: 0.6045 | Perplexity: 1210.0867
2026-05-15 12:12:31,661 - INFO -   Batch 3/203 | Batch Energy: 0.6043 | Perplexity: 1191.6675
2026-05-15 12:12:31,675 - INFO -   Batch 4/203 | Batch Energy: 0.6037 | Perplexity: 1199.5401
2026-05-15 12:12:31,689 - INFO -   Batch 5/203 | Batch Energy: 0.6050 | Perplexity: 1230.3502
2026-05-15 12:12:31,703 - INFO -   Batch 6/203 | Batch Energy: 0.6036 | Perplexity: 1214.4667
2026-05-15 12:12:31,716 - INFO -   Batch 7/203 | Batch Energy: 0.6044 | Perplexity: 1233.5606
2026-05-15 12:12:31,730 - INFO -   Batch 8/203 | Batch Energy: 0.6037 | Perplexity: 1231.2769
2026-05-15 12:12:31,744 - INFO -   Batch 9/203 | Batch Energy: 0.6031 | Perplexity: 1248.1913
2026-05-15 12:12:31,757 - INFO -   Batch 10/203 | Batch Energy: 0.6046 | Perplexity: 1249.6831
2026-05-15 12:12:31,771 - INFO -   Batch 11/203 | Batch Energy: 0.6035 | Perplexity: 1225.6850
2026-05-15 12:12:31,785 - INFO -   Batch 12/203 | Batch Energy: 0.6036 | Perplexity: 1204.4929
2026-05-15 12:12:31,799 - INFO -   Batch 13/203 | Batch Energy: 0.6024 | Perplexity: 1221.4743
2026-05-15 12:12:31,813 - INFO -   Batch 14/203 | Batch Energy: 0.6027 | Perplexity: 1213.8275
2026-05-15 12:12:31,827 - INFO -   Batch 15/203 | Batch Energy: 0.6051 | Perplexity: 1183.4024
2026-05-15 12:12:31,840 - INFO -   Batch 16/203 | Batch Energy: 0.6020 | Perplexity: 1220.5305
2026-05-15 12:12:31,854 - INFO -   Batch 17/203 | Batch Energy: 0.6045 | Perplexity: 1228.0672
2026-05-15 12:12:31,868 - INFO -   Batch 18/203 | Batch Energy: 0.6039 | Perplexity: 1192.1421
2026-05-15 12:12:31,882 - INFO -   Batch 19/203 | Batch Energy: 0.6045 | Perplexity: 1203.0257
2026-05-15 12:12:31,895 - INFO -   Batch 20/203 | Batch Energy: 0.6041 | Perplexity: 1243.1513
2026-05-15 12:12:31,909 - INFO -   Batch 21/203 | Batch Energy: 0.6029 | Perplexity: 1196.2301
2026-05-15 12:12:31,923 - INFO -   Batch 22/203 | Batch Energy: 0.6029 | Perplexity: 1203.6087
2026-05-15 12:12:31,937 - INFO -   Batch 23/203 | Batch Energy: 0.6044 | Perplexity: 1186.7959
2026-05-15 12:12:31,950 - INFO -   Batch 24/203 | Batch Energy: 0.6041 | Perplexity: 1175.2630
2026-05-15 12:12:31,966 - INFO -   Batch 25/203 | Batch Energy: 0.6030 | Perplexity: 1188.1237
2026-05-15 12:12:31,981 - INFO -   Batch 26/203 | Batch Energy: 0.6035 | Perplexity: 1223.6802
2026-05-15 12:12:31,995 - INFO -   Batch 27/203 | Batch Energy: 0.6039 | Perplexity: 1218.6562
2026-05-15 12:12:32,010 - INFO -   Batch 28/203 | Batch Energy: 0.6033 | Perplexity: 1175.9951
2026-05-15 12:12:32,025 - INFO -   Batch 29/203 | Batch Energy: 0.6058 | Perplexity: 1220.8285
2026-05-15 12:12:32,040 - INFO -   Batch 30/203 | Batch Energy: 0.6041 | Perplexity: 1168.5172
2026-05-15 12:12:32,055 - INFO -   Batch 31/203 | Batch Energy: 0.6043 | Perplexity: 1212.2270
2026-05-15 12:12:32,070 - INFO -   Batch 32/203 | Batch Energy: 0.6033 | Perplexity: 1205.1150
2026-05-15 12:12:32,084 - INFO -   Batch 33/203 | Batch Energy: 0.6036 | Perplexity: 1212.7017
2026-05-15 12:12:32,098 - INFO -   Batch 34/203 | Batch Energy: 0.6034 | Perplexity: 1202.5405
2026-05-15 12:12:32,113 - INFO -   Batch 35/203 | Batch Energy: 0.6028 | Perplexity: 1210.3031
2026-05-15 12:12:32,127 - INFO -   Batch 36/203 | Batch Energy: 0.6019 | Perplexity: 1234.3579
2026-05-15 12:12:32,141 - INFO -   Batch 37/203 | Batch Energy: 0.6022 | Perplexity: 1207.2431
2026-05-15 12:12:32,154 - INFO -   Batch 38/203 | Batch Energy: 0.6027 | Perplexity: 1220.5305
2026-05-15 12:12:32,169 - INFO -   Batch 39/203 | Batch Energy: 0.6035 | Perplexity: 1203.9830
2026-05-15 12:12:32,182 - INFO -   Batch 40/203 | Batch Energy: 0.6036 | Perplexity: 1244.6775
2026-05-15 12:12:32,197 - INFO -   Batch 41/203 | Batch Energy: 0.6026 | Perplexity: 1220.7040
2026-05-15 12:12:32,211 - INFO -   Batch 42/203 | Batch Energy: 0.6029 | Perplexity: 1191.2369
2026-05-15 12:12:32,225 - INFO -   Batch 43/203 | Batch Energy: 0.6011 | Perplexity: 1182.3155
2026-05-15 12:12:32,239 - INFO -   Batch 44/203 | Batch Energy: 0.6041 | Perplexity: 1222.4439
2026-05-15 12:12:32,253 - INFO -   Batch 45/203 | Batch Energy: 0.6028 | Perplexity: 1247.8598
2026-05-15 12:12:32,267 - INFO -   Batch 46/203 | Batch Energy: 0.6035 | Perplexity: 1222.3104
2026-05-15 12:12:32,281 - INFO -   Batch 47/203 | Batch Energy: 0.6033 | Perplexity: 1213.0603
2026-05-15 12:12:32,295 - INFO -   Batch 48/203 | Batch Energy: 0.6009 | Perplexity: 1221.7352
2026-05-15 12:12:32,309 - INFO -   Batch 49/203 | Batch Energy: 0.6023 | Perplexity: 1200.3847
2026-05-15 12:12:32,323 - INFO -   Batch 50/203 | Batch Energy: 0.6030 | Perplexity: 1232.7238
2026-05-15 12:12:32,337 - INFO -   Batch 51/203 | Batch Energy: 0.6014 | Perplexity: 1191.7068
2026-05-15 12:12:32,350 - INFO -   Batch 52/203 | Batch Energy: 0.6039 | Perplexity: 1250.9435
2026-05-15 12:12:32,364 - INFO -   Batch 53/203 | Batch Energy: 0.6037 | Perplexity: 1210.1514
2026-05-15 12:12:32,378 - INFO -   Batch 54/203 | Batch Energy: 0.6029 | Perplexity: 1199.5727
2026-05-15 12:12:32,393 - INFO -   Batch 55/203 | Batch Energy: 0.6035 | Perplexity: 1223.2339
2026-05-15 12:12:32,407 - INFO -   Batch 56/203 | Batch Energy: 0.6028 | Perplexity: 1201.4263
2026-05-15 12:12:32,421 - INFO -   Batch 57/203 | Batch Energy: 0.6039 | Perplexity: 1259.7373
2026-05-15 12:12:32,435 - INFO -   Batch 58/203 | Batch Energy: 0.6036 | Perplexity: 1216.4981
2026-05-15 12:12:32,449 - INFO -   Batch 59/203 | Batch Energy: 0.6034 | Perplexity: 1160.0940
2026-05-15 12:12:32,462 - INFO -   Batch 60/203 | Batch Energy: 0.6044 | Perplexity: 1206.6969
2026-05-15 12:12:32,476 - INFO -   Batch 61/203 | Batch Energy: 0.6051 | Perplexity: 1204.5957
2026-05-15 12:12:32,490 - INFO -   Batch 62/203 | Batch Energy: 0.6040 | Perplexity: 1232.9461
2026-05-15 12:12:32,504 - INFO -   Batch 63/203 | Batch Energy: 0.6062 | Perplexity: 1242.9646
2026-05-15 12:12:32,517 - INFO -   Batch 64/203 | Batch Energy: 0.6050 | Perplexity: 1214.9903
2026-05-15 12:12:32,531 - INFO -   Batch 65/203 | Batch Energy: 0.6061 | Perplexity: 1222.9616
2026-05-15 12:12:32,545 - INFO -   Batch 66/203 | Batch Energy: 0.6073 | Perplexity: 1184.5191
2026-05-15 12:12:32,559 - INFO -   Batch 67/203 | Batch Energy: 0.6083 | Perplexity: 1198.2893
2026-05-15 12:12:32,573 - INFO -   Batch 68/203 | Batch Energy: 0.6079 | Perplexity: 1255.8287
2026-05-15 12:12:32,587 - INFO -   Batch 69/203 | Batch Energy: 0.6121 | Perplexity: 1191.2102
2026-05-15 12:12:32,602 - INFO -   Batch 70/203 | Batch Energy: 0.6112 | Perplexity: 1214.6184
2026-05-15 12:12:32,616 - INFO -   Batch 71/203 | Batch Energy: 0.6123 | Perplexity: 1198.0659
2026-05-15 12:12:32,631 - INFO -   Batch 72/203 | Batch Energy: 0.6155 | Perplexity: 1193.8117
2026-05-15 12:12:32,645 - INFO -   Batch 73/203 | Batch Energy: 0.6158 | Perplexity: 1219.8876
2026-05-15 12:12:32,659 - INFO -   Batch 74/203 | Batch Energy: 0.6194 | Perplexity: 1188.1072
2026-05-15 12:12:32,673 - INFO -   Batch 75/203 | Batch Energy: 0.6213 | Perplexity: 1213.3374
2026-05-15 12:12:32,687 - INFO -   Batch 76/203 | Batch Energy: 0.6235 | Perplexity: 1222.3069
2026-05-15 12:12:32,702 - INFO -   Batch 77/203 | Batch Energy: 0.6251 | Perplexity: 1223.4171
2026-05-15 12:12:32,716 - INFO -   Batch 78/203 | Batch Energy: 0.6288 | Perplexity: 1211.3823
2026-05-15 12:12:32,730 - INFO -   Batch 79/203 | Batch Energy: 0.6318 | Perplexity: 1184.7841
2026-05-15 12:12:32,744 - INFO -   Batch 80/203 | Batch Energy: 0.6326 | Perplexity: 1200.3738
2026-05-15 12:12:32,759 - INFO -   Batch 81/203 | Batch Energy: 0.6353 | Perplexity: 1212.0392
2026-05-15 12:12:32,772 - INFO -   Batch 82/203 | Batch Energy: 0.6359 | Perplexity: 1211.6416
2026-05-15 12:12:32,787 - INFO -   Batch 83/203 | Batch Energy: 0.6384 | Perplexity: 1213.9740
2026-05-15 12:12:32,801 - INFO -   Batch 84/203 | Batch Energy: 0.6401 | Perplexity: 1224.1004
2026-05-15 12:12:32,815 - INFO -   Batch 85/203 | Batch Energy: 0.6392 | Perplexity: 1224.7987
2026-05-15 12:12:32,830 - INFO -   Batch 86/203 | Batch Energy: 0.6406 | Perplexity: 1197.1505
2026-05-15 12:12:32,844 - INFO -   Batch 87/203 | Batch Energy: 0.6408 | Perplexity: 1203.6144
2026-05-15 12:12:32,858 - INFO -   Batch 88/203 | Batch Energy: 0.6411 | Perplexity: 1209.5750
2026-05-15 12:12:32,872 - INFO -   Batch 89/203 | Batch Energy: 0.6415 | Perplexity: 1210.6685
2026-05-15 12:12:32,886 - INFO -   Batch 90/203 | Batch Energy: 0.6432 | Perplexity: 1219.2682
2026-05-15 12:12:32,900 - INFO -   Batch 91/203 | Batch Energy: 0.6425 | Perplexity: 1181.0404
2026-05-15 12:12:32,915 - INFO -   Batch 92/203 | Batch Energy: 0.6427 | Perplexity: 1208.3731
2026-05-15 12:12:32,929 - INFO -   Batch 93/203 | Batch Energy: 0.6428 | Perplexity: 1218.5801
2026-05-15 12:12:32,943 - INFO -   Batch 94/203 | Batch Energy: 0.6425 | Perplexity: 1204.7703
2026-05-15 12:12:32,957 - INFO -   Batch 95/203 | Batch Energy: 0.6428 | Perplexity: 1223.6353
2026-05-15 12:12:32,971 - INFO -   Batch 96/203 | Batch Energy: 0.6429 | Perplexity: 1218.1978
2026-05-15 12:12:32,985 - INFO -   Batch 97/203 | Batch Energy: 0.6434 | Perplexity: 1172.7937
2026-05-15 12:12:33,000 - INFO -   Batch 98/203 | Batch Energy: 0.6424 | Perplexity: 1218.4342
2026-05-15 12:12:33,014 - INFO -   Batch 99/203 | Batch Energy: 0.6446 | Perplexity: 1237.3633
2026-05-15 12:12:33,027 - INFO -   Batch 100/203 | Batch Energy: 0.6434 | Perplexity: 1192.7153
2026-05-15 12:12:33,041 - INFO -   Batch 101/203 | Batch Energy: 0.6426 | Perplexity: 1202.2401
2026-05-15 12:12:33,055 - INFO -   Batch 102/203 | Batch Energy: 0.6431 | Perplexity: 1201.1622
2026-05-15 12:12:33,069 - INFO -   Batch 103/203 | Batch Energy: 0.6415 | Perplexity: 1209.9229
2026-05-15 12:12:33,083 - INFO -   Batch 104/203 | Batch Energy: 0.6431 | Perplexity: 1218.2808
2026-05-15 12:12:33,097 - INFO -   Batch 105/203 | Batch Energy: 0.6418 | Perplexity: 1207.2281
2026-05-15 12:12:33,111 - INFO -   Batch 106/203 | Batch Energy: 0.6427 | Perplexity: 1213.7905
2026-05-15 12:12:33,125 - INFO -   Batch 107/203 | Batch Energy: 0.6426 | Perplexity: 1209.1379
2026-05-15 12:12:33,139 - INFO -   Batch 108/203 | Batch Energy: 0.6417 | Perplexity: 1206.0739
2026-05-15 12:12:33,153 - INFO -   Batch 109/203 | Batch Energy: 0.6436 | Perplexity: 1217.2461
2026-05-15 12:12:33,167 - INFO -   Batch 110/203 | Batch Energy: 0.6414 | Perplexity: 1212.4051
2026-05-15 12:12:33,181 - INFO -   Batch 111/203 | Batch Energy: 0.6438 | Perplexity: 1208.7488
2026-05-15 12:12:33,195 - INFO -   Batch 112/203 | Batch Energy: 0.6428 | Perplexity: 1188.3724
2026-05-15 12:12:33,209 - INFO -   Batch 113/203 | Batch Energy: 0.6396 | Perplexity: 1232.1855
2026-05-15 12:12:33,223 - INFO -   Batch 114/203 | Batch Energy: 0.6429 | Perplexity: 1217.8748
2026-05-15 12:12:33,238 - INFO -   Batch 115/203 | Batch Energy: 0.6406 | Perplexity: 1206.4432
2026-05-15 12:12:33,252 - INFO -   Batch 116/203 | Batch Energy: 0.6420 | Perplexity: 1187.1462
2026-05-15 12:12:33,266 - INFO -   Batch 117/203 | Batch Energy: 0.6408 | Perplexity: 1188.6835
2026-05-15 12:12:33,280 - INFO -   Batch 118/203 | Batch Energy: 0.6426 | Perplexity: 1200.7287
2026-05-15 12:12:33,294 - INFO -   Batch 119/203 | Batch Energy: 0.6426 | Perplexity: 1222.8146
2026-05-15 12:12:33,308 - INFO -   Batch 120/203 | Batch Energy: 0.6427 | Perplexity: 1190.0049
2026-05-15 12:12:33,322 - INFO -   Batch 121/203 | Batch Energy: 0.6409 | Perplexity: 1232.5040
2026-05-15 12:12:33,335 - INFO -   Batch 122/203 | Batch Energy: 0.6425 | Perplexity: 1224.6784
2026-05-15 12:12:33,349 - INFO -   Batch 123/203 | Batch Energy: 0.6421 | Perplexity: 1191.1119
2026-05-15 12:12:33,363 - INFO -   Batch 124/203 | Batch Energy: 0.6410 | Perplexity: 1192.1472
2026-05-15 12:12:33,377 - INFO -   Batch 125/203 | Batch Energy: 0.6427 | Perplexity: 1215.6660
2026-05-15 12:12:33,391 - INFO -   Batch 126/203 | Batch Energy: 0.6404 | Perplexity: 1210.3424
2026-05-15 12:12:33,405 - INFO -   Batch 127/203 | Batch Energy: 0.6425 | Perplexity: 1178.8304
2026-05-15 12:12:33,418 - INFO -   Batch 128/203 | Batch Energy: 0.6426 | Perplexity: 1211.1974
2026-05-15 12:12:33,432 - INFO -   Batch 129/203 | Batch Energy: 0.6405 | Perplexity: 1229.6833
2026-05-15 12:12:33,446 - INFO -   Batch 130/203 | Batch Energy: 0.6425 | Perplexity: 1205.8870
2026-05-15 12:12:33,460 - INFO -   Batch 131/203 | Batch Energy: 0.6415 | Perplexity: 1221.4155
2026-05-15 12:12:33,474 - INFO -   Batch 132/203 | Batch Energy: 0.6411 | Perplexity: 1198.0956
2026-05-15 12:12:33,487 - INFO -   Batch 133/203 | Batch Energy: 0.6423 | Perplexity: 1222.4957
2026-05-15 12:12:33,501 - INFO -   Batch 134/203 | Batch Energy: 0.6412 | Perplexity: 1206.8540
2026-05-15 12:12:33,515 - INFO -   Batch 135/203 | Batch Energy: 0.6419 | Perplexity: 1183.8511
2026-05-15 12:12:33,529 - INFO -   Batch 136/203 | Batch Energy: 0.6420 | Perplexity: 1207.0019
2026-05-15 12:12:33,543 - INFO -   Batch 137/203 | Batch Energy: 0.6409 | Perplexity: 1181.2037
2026-05-15 12:12:33,557 - INFO -   Batch 138/203 | Batch Energy: 0.6397 | Perplexity: 1214.1517
2026-05-15 12:12:33,571 - INFO -   Batch 139/203 | Batch Energy: 0.6406 | Perplexity: 1243.5296
2026-05-15 12:12:33,585 - INFO -   Batch 140/203 | Batch Energy: 0.6423 | Perplexity: 1158.6224
2026-05-15 12:12:33,599 - INFO -   Batch 141/203 | Batch Energy: 0.6411 | Perplexity: 1195.4654
2026-05-15 12:12:33,613 - INFO -   Batch 142/203 | Batch Energy: 0.6413 | Perplexity: 1206.9167
2026-05-15 12:12:33,627 - INFO -   Batch 143/203 | Batch Energy: 0.6410 | Perplexity: 1201.3335
2026-05-15 12:12:33,640 - INFO -   Batch 144/203 | Batch Energy: 0.6407 | Perplexity: 1207.7060
2026-05-15 12:12:33,654 - INFO -   Batch 145/203 | Batch Energy: 0.6393 | Perplexity: 1229.9689
2026-05-15 12:12:33,668 - INFO -   Batch 146/203 | Batch Energy: 0.6427 | Perplexity: 1203.9255
2026-05-15 12:12:33,682 - INFO -   Batch 147/203 | Batch Energy: 0.6399 | Perplexity: 1231.4707
2026-05-15 12:12:33,695 - INFO -   Batch 148/203 | Batch Energy: 0.6417 | Perplexity: 1240.7375
2026-05-15 12:12:33,709 - INFO -   Batch 149/203 | Batch Energy: 0.6391 | Perplexity: 1216.3926
2026-05-15 12:12:33,724 - INFO -   Batch 150/203 | Batch Energy: 0.6419 | Perplexity: 1214.9926
2026-05-15 12:12:33,738 - INFO -   Batch 151/203 | Batch Energy: 0.6415 | Perplexity: 1232.6463
2026-05-15 12:12:33,751 - INFO -   Batch 152/203 | Batch Energy: 0.6407 | Perplexity: 1194.5810
2026-05-15 12:12:33,765 - INFO -   Batch 153/203 | Batch Energy: 0.6400 | Perplexity: 1208.5108
2026-05-15 12:12:33,780 - INFO -   Batch 154/203 | Batch Energy: 0.6400 | Perplexity: 1178.6050
2026-05-15 12:12:33,795 - INFO -   Batch 155/203 | Batch Energy: 0.6409 | Perplexity: 1223.2030
2026-05-15 12:12:33,809 - INFO -   Batch 156/203 | Batch Energy: 0.6414 | Perplexity: 1212.0063
2026-05-15 12:12:33,823 - INFO -   Batch 157/203 | Batch Energy: 0.6406 | Perplexity: 1204.5181
2026-05-15 12:12:33,837 - INFO -   Batch 158/203 | Batch Energy: 0.6408 | Perplexity: 1207.6957
2026-05-15 12:12:33,851 - INFO -   Batch 159/203 | Batch Energy: 0.6400 | Perplexity: 1221.7434
2026-05-15 12:12:33,865 - INFO -   Batch 160/203 | Batch Energy: 0.6416 | Perplexity: 1215.0801
2026-05-15 12:12:33,879 - INFO -   Batch 161/203 | Batch Energy: 0.6406 | Perplexity: 1201.1846
2026-05-15 12:12:33,893 - INFO -   Batch 162/203 | Batch Energy: 0.6404 | Perplexity: 1209.1673
2026-05-15 12:12:33,908 - INFO -   Batch 163/203 | Batch Energy: 0.6408 | Perplexity: 1193.1299
2026-05-15 12:12:33,922 - INFO -   Batch 164/203 | Batch Energy: 0.6400 | Perplexity: 1198.6293
2026-05-15 12:12:33,937 - INFO -   Batch 165/203 | Batch Energy: 0.6428 | Perplexity: 1242.2015
2026-05-15 12:12:33,951 - INFO -   Batch 166/203 | Batch Energy: 0.6399 | Perplexity: 1219.9277
2026-05-15 12:12:33,965 - INFO -   Batch 167/203 | Batch Energy: 0.6410 | Perplexity: 1215.1740
2026-05-15 12:12:33,980 - INFO -   Batch 168/203 | Batch Energy: 0.6396 | Perplexity: 1223.6026
2026-05-15 12:12:33,994 - INFO -   Batch 169/203 | Batch Energy: 0.6394 | Perplexity: 1228.8041
2026-05-15 12:12:34,008 - INFO -   Batch 170/203 | Batch Energy: 0.6420 | Perplexity: 1187.1728
2026-05-15 12:12:34,022 - INFO -   Batch 171/203 | Batch Energy: 0.6399 | Perplexity: 1203.1967
2026-05-15 12:12:34,036 - INFO -   Batch 172/203 | Batch Energy: 0.6391 | Perplexity: 1205.8767
2026-05-15 12:12:34,049 - INFO -   Batch 173/203 | Batch Energy: 0.6406 | Perplexity: 1207.8293
2026-05-15 12:12:34,063 - INFO -   Batch 174/203 | Batch Energy: 0.6406 | Perplexity: 1198.0773
2026-05-15 12:12:34,077 - INFO -   Batch 175/203 | Batch Energy: 0.6393 | Perplexity: 1194.8875
2026-05-15 12:12:34,091 - INFO -   Batch 176/203 | Batch Energy: 0.6395 | Perplexity: 1242.1742
2026-05-15 12:12:34,105 - INFO -   Batch 177/203 | Batch Energy: 0.6392 | Perplexity: 1200.2296
2026-05-15 12:12:34,131 - INFO -   Batch 178/203 | Batch Energy: 0.6388 | Perplexity: 1218.0886
2026-05-15 12:12:34,144 - INFO -   Batch 179/203 | Batch Energy: 0.6399 | Perplexity: 1228.6049
2026-05-15 12:12:34,158 - INFO -   Batch 180/203 | Batch Energy: 0.6390 | Perplexity: 1190.6389
2026-05-15 12:12:34,172 - INFO -   Batch 181/203 | Batch Energy: 0.6414 | Perplexity: 1193.2642
2026-05-15 12:12:34,186 - INFO -   Batch 182/203 | Batch Energy: 0.6381 | Perplexity: 1201.7959
2026-05-15 12:12:34,200 - INFO -   Batch 183/203 | Batch Energy: 0.6394 | Perplexity: 1234.4397
2026-05-15 12:12:34,214 - INFO -   Batch 184/203 | Batch Energy: 0.6380 | Perplexity: 1218.0531
2026-05-15 12:12:34,228 - INFO -   Batch 185/203 | Batch Energy: 0.6390 | Perplexity: 1206.7861
2026-05-15 12:12:34,243 - INFO -   Batch 186/203 | Batch Energy: 0.6383 | Perplexity: 1215.9750
2026-05-15 12:12:34,257 - INFO -   Batch 187/203 | Batch Energy: 0.6401 | Perplexity: 1203.0653
2026-05-15 12:12:34,270 - INFO -   Batch 188/203 | Batch Energy: 0.6404 | Perplexity: 1217.1480
2026-05-15 12:12:34,284 - INFO -   Batch 189/203 | Batch Energy: 0.6384 | Perplexity: 1215.4377
2026-05-15 12:12:34,299 - INFO -   Batch 190/203 | Batch Energy: 0.6372 | Perplexity: 1251.3879
2026-05-15 12:12:34,313 - INFO -   Batch 191/203 | Batch Energy: 0.6400 | Perplexity: 1204.3246
2026-05-15 12:12:34,327 - INFO -   Batch 192/203 | Batch Energy: 0.6397 | Perplexity: 1217.7035
2026-05-15 12:12:34,341 - INFO -   Batch 193/203 | Batch Energy: 0.6391 | Perplexity: 1229.0133
2026-05-15 12:12:34,355 - INFO -   Batch 194/203 | Batch Energy: 0.6392 | Perplexity: 1217.9567
2026-05-15 12:12:34,369 - INFO -   Batch 195/203 | Batch Energy: 0.6360 | Perplexity: 1244.8490
2026-05-15 12:12:34,383 - INFO -   Batch 196/203 | Batch Energy: 0.6402 | Perplexity: 1252.9134
2026-05-15 12:12:34,397 - INFO -   Batch 197/203 | Batch Energy: 0.6378 | Perplexity: 1224.8618
2026-05-15 12:12:34,411 - INFO -   Batch 198/203 | Batch Energy: 0.6406 | Perplexity: 1215.8121
2026-05-15 12:12:34,425 - INFO -   Batch 199/203 | Batch Energy: 0.6401 | Perplexity: 1248.7663
2026-05-15 12:12:34,439 - INFO -   Batch 200/203 | Batch Energy: 0.6393 | Perplexity: 1206.0101
2026-05-15 12:12:34,453 - INFO -   Batch 201/203 | Batch Energy: 0.6394 | Perplexity: 1182.8073
2026-05-15 12:12:34,467 - INFO -   Batch 202/203 | Batch Energy: 0.6379 | Perplexity: 1203.2764
2026-05-15 12:12:34,481 - INFO -   Batch 203/203 | Batch Energy: 0.6377 | Perplexity: 1207.3318
2026-05-15 12:12:34,636 - INFO - Epoch 2/10 | Train Energy: 0.6272 | Train Perplexity: 1211.2229 | Val Energy: 0.6372 | Val Perplexity: 1209.4243
2026-05-15 12:12:34,636 - INFO - Epoch 3/10
2026-05-15 12:12:34,650 - INFO -   Batch 1/203 | Batch Energy: 0.5941 | Perplexity: 1226.5100
2026-05-15 12:12:34,664 - INFO -   Batch 2/203 | Batch Energy: 0.5947 | Perplexity: 1222.6893
2026-05-15 12:12:34,677 - INFO -   Batch 3/203 | Batch Energy: 0.5942 | Perplexity: 1211.4279
2026-05-15 12:12:34,691 - INFO -   Batch 4/203 | Batch Energy: 0.6008 | Perplexity: 1226.1421
2026-05-15 12:12:34,705 - INFO -   Batch 5/203 | Batch Energy: 0.6103 | Perplexity: 1207.2137
2026-05-15 12:12:34,719 - INFO -   Batch 6/203 | Batch Energy: 0.6172 | Perplexity: 1206.1073
2026-05-15 12:12:34,733 - INFO -   Batch 7/203 | Batch Energy: 0.6247 | Perplexity: 1202.9523
2026-05-15 12:12:34,747 - INFO -   Batch 8/203 | Batch Energy: 0.6280 | Perplexity: 1226.5176
2026-05-15 12:12:34,761 - INFO -   Batch 9/203 | Batch Energy: 0.6335 | Perplexity: 1210.4982
2026-05-15 12:12:34,775 - INFO -   Batch 10/203 | Batch Energy: 0.6337 | Perplexity: 1229.3925
2026-05-15 12:12:34,789 - INFO -   Batch 11/203 | Batch Energy: 0.6359 | Perplexity: 1206.9300
2026-05-15 12:12:34,803 - INFO -   Batch 12/203 | Batch Energy: 0.6346 | Perplexity: 1225.3478
2026-05-15 12:12:34,817 - INFO -   Batch 13/203 | Batch Energy: 0.6362 | Perplexity: 1207.5931
2026-05-15 12:12:34,831 - INFO -   Batch 14/203 | Batch Energy: 0.6347 | Perplexity: 1198.3910
2026-05-15 12:12:34,844 - INFO -   Batch 15/203 | Batch Energy: 0.6367 | Perplexity: 1218.9566
2026-05-15 12:12:34,858 - INFO -   Batch 16/203 | Batch Energy: 0.6369 | Perplexity: 1185.2084
2026-05-15 12:12:34,872 - INFO -   Batch 17/203 | Batch Energy: 0.6397 | Perplexity: 1207.0560
2026-05-15 12:12:34,886 - INFO -   Batch 18/203 | Batch Energy: 0.6373 | Perplexity: 1218.4087
2026-05-15 12:12:34,899 - INFO -   Batch 19/203 | Batch Energy: 0.6381 | Perplexity: 1220.6329
2026-05-15 12:12:34,913 - INFO -   Batch 20/203 | Batch Energy: 0.6365 | Perplexity: 1205.2219
2026-05-15 12:12:34,927 - INFO -   Batch 21/203 | Batch Energy: 0.6356 | Perplexity: 1213.4450
2026-05-15 12:12:34,941 - INFO -   Batch 22/203 | Batch Energy: 0.6375 | Perplexity: 1198.9734
2026-05-15 12:12:34,954 - INFO -   Batch 23/203 | Batch Energy: 0.6367 | Perplexity: 1225.3841
2026-05-15 12:12:34,968 - INFO -   Batch 24/203 | Batch Energy: 0.6385 | Perplexity: 1204.8122
2026-05-15 12:12:34,982 - INFO -   Batch 25/203 | Batch Energy: 0.6360 | Perplexity: 1205.7910
2026-05-15 12:12:34,996 - INFO -   Batch 26/203 | Batch Energy: 0.6367 | Perplexity: 1199.6111
2026-05-15 12:12:35,010 - INFO -   Batch 27/203 | Batch Energy: 0.6383 | Perplexity: 1187.5839
2026-05-15 12:12:35,024 - INFO -   Batch 28/203 | Batch Energy: 0.6375 | Perplexity: 1246.2234
2026-05-15 12:12:35,037 - INFO -   Batch 29/203 | Batch Energy: 0.6371 | Perplexity: 1208.6768
2026-05-15 12:12:35,051 - INFO -   Batch 30/203 | Batch Energy: 0.6356 | Perplexity: 1233.0031
2026-05-15 12:12:35,065 - INFO -   Batch 31/203 | Batch Energy: 0.6370 | Perplexity: 1211.4238
2026-05-15 12:12:35,079 - INFO -   Batch 32/203 | Batch Energy: 0.6366 | Perplexity: 1229.5895
2026-05-15 12:12:35,093 - INFO -   Batch 33/203 | Batch Energy: 0.6364 | Perplexity: 1194.6089
2026-05-15 12:12:35,106 - INFO -   Batch 34/203 | Batch Energy: 0.6373 | Perplexity: 1208.7794
2026-05-15 12:12:35,120 - INFO -   Batch 35/203 | Batch Energy: 0.6369 | Perplexity: 1220.7680
2026-05-15 12:12:35,134 - INFO -   Batch 36/203 | Batch Energy: 0.6363 | Perplexity: 1197.9973
2026-05-15 12:12:35,148 - INFO -   Batch 37/203 | Batch Energy: 0.6376 | Perplexity: 1202.4012
2026-05-15 12:12:35,162 - INFO -   Batch 38/203 | Batch Energy: 0.6352 | Perplexity: 1207.5062
2026-05-15 12:12:35,176 - INFO -   Batch 39/203 | Batch Energy: 0.6367 | Perplexity: 1195.5714
2026-05-15 12:12:35,190 - INFO -   Batch 40/203 | Batch Energy: 0.6351 | Perplexity: 1162.3559
2026-05-15 12:12:35,203 - INFO -   Batch 41/203 | Batch Energy: 0.6359 | Perplexity: 1186.7421
2026-05-15 12:12:35,217 - INFO -   Batch 42/203 | Batch Energy: 0.6365 | Perplexity: 1258.2593
2026-05-15 12:12:35,231 - INFO -   Batch 43/203 | Batch Energy: 0.6365 | Perplexity: 1185.8687
2026-05-15 12:12:35,245 - INFO -   Batch 44/203 | Batch Energy: 0.6372 | Perplexity: 1228.7736
2026-05-15 12:12:35,259 - INFO -   Batch 45/203 | Batch Energy: 0.6353 | Perplexity: 1194.9621
2026-05-15 12:12:35,273 - INFO -   Batch 46/203 | Batch Energy: 0.6377 | Perplexity: 1231.5206
2026-05-15 12:12:35,288 - INFO -   Batch 47/203 | Batch Energy: 0.6383 | Perplexity: 1197.5501
2026-05-15 12:12:35,302 - INFO -   Batch 48/203 | Batch Energy: 0.6360 | Perplexity: 1208.5667
2026-05-15 12:12:35,317 - INFO -   Batch 49/203 | Batch Energy: 0.6367 | Perplexity: 1202.6409
2026-05-15 12:12:35,331 - INFO -   Batch 50/203 | Batch Energy: 0.6370 | Perplexity: 1232.8996
2026-05-15 12:12:35,345 - INFO -   Batch 51/203 | Batch Energy: 0.6360 | Perplexity: 1236.5741
2026-05-15 12:12:35,359 - INFO -   Batch 52/203 | Batch Energy: 0.6355 | Perplexity: 1204.3567
2026-05-15 12:12:35,372 - INFO -   Batch 53/203 | Batch Energy: 0.6353 | Perplexity: 1203.6052
2026-05-15 12:12:35,387 - INFO -   Batch 54/203 | Batch Energy: 0.6351 | Perplexity: 1216.2905
2026-05-15 12:12:35,402 - INFO -   Batch 55/203 | Batch Energy: 0.6368 | Perplexity: 1224.2685
2026-05-15 12:12:35,417 - INFO -   Batch 56/203 | Batch Energy: 0.6349 | Perplexity: 1223.8109
2026-05-15 12:12:35,431 - INFO -   Batch 57/203 | Batch Energy: 0.6377 | Perplexity: 1193.2312
2026-05-15 12:12:35,446 - INFO -   Batch 58/203 | Batch Energy: 0.6372 | Perplexity: 1223.5968
2026-05-15 12:12:35,460 - INFO -   Batch 59/203 | Batch Energy: 0.6362 | Perplexity: 1198.5459
2026-05-15 12:12:35,475 - INFO -   Batch 60/203 | Batch Energy: 0.6356 | Perplexity: 1211.8965
2026-05-15 12:12:35,490 - INFO -   Batch 61/203 | Batch Energy: 0.6372 | Perplexity: 1198.8242
2026-05-15 12:12:35,504 - INFO -   Batch 62/203 | Batch Energy: 0.6342 | Perplexity: 1230.7639
2026-05-15 12:12:35,519 - INFO -   Batch 63/203 | Batch Energy: 0.6355 | Perplexity: 1255.0086
2026-05-15 12:12:35,534 - INFO -   Batch 64/203 | Batch Energy: 0.6357 | Perplexity: 1237.2831
2026-05-15 12:12:35,548 - INFO -   Batch 65/203 | Batch Energy: 0.6363 | Perplexity: 1207.6392
2026-05-15 12:12:35,563 - INFO -   Batch 66/203 | Batch Energy: 0.6354 | Perplexity: 1231.5482
2026-05-15 12:12:35,577 - INFO -   Batch 67/203 | Batch Energy: 0.6369 | Perplexity: 1197.9071
2026-05-15 12:12:35,591 - INFO -   Batch 68/203 | Batch Energy: 0.6353 | Perplexity: 1243.4596
2026-05-15 12:12:35,605 - INFO -   Batch 69/203 | Batch Energy: 0.6370 | Perplexity: 1228.1065
2026-05-15 12:12:35,619 - INFO -   Batch 70/203 | Batch Energy: 0.6357 | Perplexity: 1268.7304
2026-05-15 12:12:35,633 - INFO -   Batch 71/203 | Batch Energy: 0.6352 | Perplexity: 1233.2718
2026-05-15 12:12:35,647 - INFO -   Batch 72/203 | Batch Energy: 0.6359 | Perplexity: 1216.8909
2026-05-15 12:12:35,661 - INFO -   Batch 73/203 | Batch Energy: 0.6347 | Perplexity: 1244.3772
2026-05-15 12:12:35,675 - INFO -   Batch 74/203 | Batch Energy: 0.6332 | Perplexity: 1215.6504
2026-05-15 12:12:35,689 - INFO -   Batch 75/203 | Batch Energy: 0.6357 | Perplexity: 1215.3658
2026-05-15 12:12:35,703 - INFO -   Batch 76/203 | Batch Energy: 0.6348 | Perplexity: 1185.8302
2026-05-15 12:12:35,717 - INFO -   Batch 77/203 | Batch Energy: 0.6352 | Perplexity: 1244.6567
2026-05-15 12:12:35,732 - INFO -   Batch 78/203 | Batch Energy: 0.6342 | Perplexity: 1221.6420
2026-05-15 12:12:35,747 - INFO -   Batch 79/203 | Batch Energy: 0.6362 | Perplexity: 1217.6176
2026-05-15 12:12:35,762 - INFO -   Batch 80/203 | Batch Energy: 0.6360 | Perplexity: 1206.7665
2026-05-15 12:12:35,776 - INFO -   Batch 81/203 | Batch Energy: 0.6364 | Perplexity: 1243.8801
2026-05-15 12:12:35,790 - INFO -   Batch 82/203 | Batch Energy: 0.6353 | Perplexity: 1198.7202
2026-05-15 12:12:35,805 - INFO -   Batch 83/203 | Batch Energy: 0.6357 | Perplexity: 1226.3117
2026-05-15 12:12:35,818 - INFO -   Batch 84/203 | Batch Energy: 0.6339 | Perplexity: 1196.7955
2026-05-15 12:12:35,832 - INFO -   Batch 85/203 | Batch Energy: 0.6349 | Perplexity: 1195.5395
2026-05-15 12:12:35,847 - INFO -   Batch 86/203 | Batch Energy: 0.6345 | Perplexity: 1225.6961
2026-05-15 12:12:35,860 - INFO -   Batch 87/203 | Batch Energy: 0.6324 | Perplexity: 1203.4141
2026-05-15 12:12:35,875 - INFO -   Batch 88/203 | Batch Energy: 0.6320 | Perplexity: 1194.9673
2026-05-15 12:12:35,889 - INFO -   Batch 89/203 | Batch Energy: 0.6343 | Perplexity: 1229.5338
2026-05-15 12:12:35,903 - INFO -   Batch 90/203 | Batch Energy: 0.6337 | Perplexity: 1221.6106
2026-05-15 12:12:35,917 - INFO -   Batch 91/203 | Batch Energy: 0.6341 | Perplexity: 1228.9571
2026-05-15 12:12:35,930 - INFO -   Batch 92/203 | Batch Energy: 0.6327 | Perplexity: 1214.2061
2026-05-15 12:12:35,944 - INFO -   Batch 93/203 | Batch Energy: 0.6357 | Perplexity: 1238.2953
2026-05-15 12:12:35,959 - INFO -   Batch 94/203 | Batch Energy: 0.6345 | Perplexity: 1235.0761
2026-05-15 12:12:35,972 - INFO -   Batch 95/203 | Batch Energy: 0.6343 | Perplexity: 1227.7066
2026-05-15 12:12:35,986 - INFO -   Batch 96/203 | Batch Energy: 0.6332 | Perplexity: 1215.6562
2026-05-15 12:12:36,000 - INFO -   Batch 97/203 | Batch Energy: 0.6335 | Perplexity: 1215.2673
2026-05-15 12:12:36,014 - INFO -   Batch 98/203 | Batch Energy: 0.6334 | Perplexity: 1207.7250
2026-05-15 12:12:36,028 - INFO -   Batch 99/203 | Batch Energy: 0.6336 | Perplexity: 1232.1397
2026-05-15 12:12:36,042 - INFO -   Batch 100/203 | Batch Energy: 0.6359 | Perplexity: 1215.1143
2026-05-15 12:12:36,056 - INFO -   Batch 101/203 | Batch Energy: 0.6331 | Perplexity: 1178.7899
2026-05-15 12:12:36,070 - INFO -   Batch 102/203 | Batch Energy: 0.6328 | Perplexity: 1205.2530
2026-05-15 12:12:36,084 - INFO -   Batch 103/203 | Batch Energy: 0.6336 | Perplexity: 1226.0954
2026-05-15 12:12:36,098 - INFO -   Batch 104/203 | Batch Energy: 0.6326 | Perplexity: 1208.8462
2026-05-15 12:12:36,111 - INFO -   Batch 105/203 | Batch Energy: 0.6338 | Perplexity: 1224.3672
2026-05-15 12:12:36,125 - INFO -   Batch 106/203 | Batch Energy: 0.6326 | Perplexity: 1211.8444
2026-05-15 12:12:36,139 - INFO -   Batch 107/203 | Batch Energy: 0.6348 | Perplexity: 1211.0565
2026-05-15 12:12:36,153 - INFO -   Batch 108/203 | Batch Energy: 0.6332 | Perplexity: 1230.5432
2026-05-15 12:12:36,167 - INFO -   Batch 109/203 | Batch Energy: 0.6351 | Perplexity: 1192.8956
2026-05-15 12:12:36,181 - INFO -   Batch 110/203 | Batch Energy: 0.6343 | Perplexity: 1167.2748
2026-05-15 12:12:36,195 - INFO -   Batch 111/203 | Batch Energy: 0.6340 | Perplexity: 1216.6786
2026-05-15 12:12:36,209 - INFO -   Batch 112/203 | Batch Energy: 0.6345 | Perplexity: 1228.9125
2026-05-15 12:12:36,222 - INFO -   Batch 113/203 | Batch Energy: 0.6347 | Perplexity: 1230.5192
2026-05-15 12:12:36,236 - INFO -   Batch 114/203 | Batch Energy: 0.6335 | Perplexity: 1241.0239
2026-05-15 12:12:36,250 - INFO -   Batch 115/203 | Batch Energy: 0.6347 | Perplexity: 1221.0958
2026-05-15 12:12:36,264 - INFO -   Batch 116/203 | Batch Energy: 0.6349 | Perplexity: 1197.1042
2026-05-15 12:12:36,278 - INFO -   Batch 117/203 | Batch Energy: 0.6334 | Perplexity: 1207.5908
2026-05-15 12:12:36,291 - INFO -   Batch 118/203 | Batch Energy: 0.6330 | Perplexity: 1206.5398
2026-05-15 12:12:36,305 - INFO -   Batch 119/203 | Batch Energy: 0.6318 | Perplexity: 1194.5053
2026-05-15 12:12:36,319 - INFO -   Batch 120/203 | Batch Energy: 0.6340 | Perplexity: 1222.8094
2026-05-15 12:12:36,333 - INFO -   Batch 121/203 | Batch Energy: 0.6337 | Perplexity: 1231.8753
2026-05-15 12:12:36,347 - INFO -   Batch 122/203 | Batch Energy: 0.6314 | Perplexity: 1225.8744
2026-05-15 12:12:36,361 - INFO -   Batch 123/203 | Batch Energy: 0.6333 | Perplexity: 1203.7843
2026-05-15 12:12:36,375 - INFO -   Batch 124/203 | Batch Energy: 0.6323 | Perplexity: 1228.9782
2026-05-15 12:12:36,389 - INFO -   Batch 125/203 | Batch Energy: 0.6337 | Perplexity: 1227.0043
2026-05-15 12:12:36,403 - INFO -   Batch 126/203 | Batch Energy: 0.6322 | Perplexity: 1235.7347
2026-05-15 12:12:36,416 - INFO -   Batch 127/203 | Batch Energy: 0.6320 | Perplexity: 1239.5814
2026-05-15 12:12:36,430 - INFO -   Batch 128/203 | Batch Energy: 0.6329 | Perplexity: 1207.7417
2026-05-15 12:12:36,445 - INFO -   Batch 129/203 | Batch Energy: 0.6324 | Perplexity: 1237.6619
2026-05-15 12:12:36,459 - INFO -   Batch 130/203 | Batch Energy: 0.6327 | Perplexity: 1213.4577
2026-05-15 12:12:36,473 - INFO -   Batch 131/203 | Batch Energy: 0.6351 | Perplexity: 1239.4656
2026-05-15 12:12:36,487 - INFO -   Batch 132/203 | Batch Energy: 0.6338 | Perplexity: 1198.1624
2026-05-15 12:12:36,501 - INFO -   Batch 133/203 | Batch Energy: 0.6342 | Perplexity: 1211.2881
2026-05-15 12:12:36,515 - INFO -   Batch 134/203 | Batch Energy: 0.6320 | Perplexity: 1227.3401
2026-05-15 12:12:36,530 - INFO -   Batch 135/203 | Batch Energy: 0.6335 | Perplexity: 1196.5604
2026-05-15 12:12:36,544 - INFO -   Batch 136/203 | Batch Energy: 0.6353 | Perplexity: 1251.4040
2026-05-15 12:12:36,557 - INFO -   Batch 137/203 | Batch Energy: 0.6333 | Perplexity: 1179.1098
2026-05-15 12:12:36,571 - INFO -   Batch 138/203 | Batch Energy: 0.6339 | Perplexity: 1224.8828
2026-05-15 12:12:36,586 - INFO -   Batch 139/203 | Batch Energy: 0.6343 | Perplexity: 1220.3553
2026-05-15 12:12:36,599 - INFO -   Batch 140/203 | Batch Energy: 0.6329 | Perplexity: 1237.2365
2026-05-15 12:12:36,614 - INFO -   Batch 141/203 | Batch Energy: 0.6321 | Perplexity: 1226.3445
2026-05-15 12:12:36,628 - INFO -   Batch 142/203 | Batch Energy: 0.6326 | Perplexity: 1175.5875
2026-05-15 12:12:36,642 - INFO -   Batch 143/203 | Batch Energy: 0.6327 | Perplexity: 1173.5461
2026-05-15 12:12:36,656 - INFO -   Batch 144/203 | Batch Energy: 0.6334 | Perplexity: 1194.9519
2026-05-15 12:12:36,669 - INFO -   Batch 145/203 | Batch Energy: 0.6334 | Perplexity: 1220.4391
2026-05-15 12:12:36,683 - INFO -   Batch 146/203 | Batch Energy: 0.6322 | Perplexity: 1224.4472
2026-05-15 12:12:36,697 - INFO -   Batch 147/203 | Batch Energy: 0.6323 | Perplexity: 1214.2820
2026-05-15 12:12:36,711 - INFO -   Batch 148/203 | Batch Energy: 0.6325 | Perplexity: 1212.8463
2026-05-15 12:12:36,725 - INFO -   Batch 149/203 | Batch Energy: 0.6341 | Perplexity: 1225.7248
2026-05-15 12:12:36,739 - INFO -   Batch 150/203 | Batch Energy: 0.6342 | Perplexity: 1200.2370
2026-05-15 12:12:36,753 - INFO -   Batch 151/203 | Batch Energy: 0.6341 | Perplexity: 1206.2493
2026-05-15 12:12:36,767 - INFO -   Batch 152/203 | Batch Energy: 0.6310 | Perplexity: 1207.4233
2026-05-15 12:12:36,781 - INFO -   Batch 153/203 | Batch Energy: 0.6328 | Perplexity: 1218.4284
2026-05-15 12:12:36,795 - INFO -   Batch 154/203 | Batch Energy: 0.6337 | Perplexity: 1225.7598
2026-05-15 12:12:36,809 - INFO -   Batch 155/203 | Batch Energy: 0.6319 | Perplexity: 1205.7697
2026-05-15 12:12:36,822 - INFO -   Batch 156/203 | Batch Energy: 0.6314 | Perplexity: 1198.8151
2026-05-15 12:12:36,836 - INFO -   Batch 157/203 | Batch Energy: 0.6323 | Perplexity: 1201.7443
2026-05-15 12:12:36,850 - INFO -   Batch 158/203 | Batch Energy: 0.6316 | Perplexity: 1193.0378
2026-05-15 12:12:36,864 - INFO -   Batch 159/203 | Batch Energy: 0.6333 | Perplexity: 1203.9485
2026-05-15 12:12:36,878 - INFO -   Batch 160/203 | Batch Energy: 0.6322 | Perplexity: 1250.1194
2026-05-15 12:12:36,892 - INFO -   Batch 161/203 | Batch Energy: 0.6313 | Perplexity: 1235.6063
2026-05-15 12:12:36,906 - INFO -   Batch 162/203 | Batch Energy: 0.6327 | Perplexity: 1235.5055
2026-05-15 12:12:36,920 - INFO -   Batch 163/203 | Batch Energy: 0.6310 | Perplexity: 1199.5979
2026-05-15 12:12:36,935 - INFO -   Batch 164/203 | Batch Energy: 0.6322 | Perplexity: 1190.3267
2026-05-15 12:12:36,948 - INFO -   Batch 165/203 | Batch Energy: 0.6314 | Perplexity: 1229.0016
2026-05-15 12:12:36,962 - INFO -   Batch 166/203 | Batch Energy: 0.6314 | Perplexity: 1200.4866
2026-05-15 12:12:36,976 - INFO -   Batch 167/203 | Batch Energy: 0.6334 | Perplexity: 1213.1685
2026-05-15 12:12:36,990 - INFO -   Batch 168/203 | Batch Energy: 0.6323 | Perplexity: 1224.4215
2026-05-15 12:12:37,004 - INFO -   Batch 169/203 | Batch Energy: 0.6307 | Perplexity: 1215.6683
2026-05-15 12:12:37,018 - INFO -   Batch 170/203 | Batch Energy: 0.6306 | Perplexity: 1211.9768
2026-05-15 12:12:37,032 - INFO -   Batch 171/203 | Batch Energy: 0.6322 | Perplexity: 1201.1428
2026-05-15 12:12:37,046 - INFO -   Batch 172/203 | Batch Energy: 0.6316 | Perplexity: 1219.9585
2026-05-15 12:12:37,060 - INFO -   Batch 173/203 | Batch Energy: 0.6312 | Perplexity: 1261.9119
2026-05-15 12:12:37,074 - INFO -   Batch 174/203 | Batch Energy: 0.6302 | Perplexity: 1201.1978
2026-05-15 12:12:37,088 - INFO -   Batch 175/203 | Batch Energy: 0.6315 | Perplexity: 1195.3839
2026-05-15 12:12:37,102 - INFO -   Batch 176/203 | Batch Energy: 0.6316 | Perplexity: 1255.2223
2026-05-15 12:12:37,115 - INFO -   Batch 177/203 | Batch Energy: 0.6323 | Perplexity: 1194.5332
2026-05-15 12:12:37,129 - INFO -   Batch 178/203 | Batch Energy: 0.6320 | Perplexity: 1216.1096
2026-05-15 12:12:37,143 - INFO -   Batch 179/203 | Batch Energy: 0.6305 | Perplexity: 1215.6794
2026-05-15 12:12:37,157 - INFO -   Batch 180/203 | Batch Energy: 0.6313 | Perplexity: 1183.0515
2026-05-15 12:12:37,171 - INFO -   Batch 181/203 | Batch Energy: 0.6312 | Perplexity: 1207.2414
2026-05-15 12:12:37,185 - INFO -   Batch 182/203 | Batch Energy: 0.6317 | Perplexity: 1207.3145
2026-05-15 12:12:37,199 - INFO -   Batch 183/203 | Batch Energy: 0.6304 | Perplexity: 1181.1784
2026-05-15 12:12:37,213 - INFO -   Batch 184/203 | Batch Energy: 0.6326 | Perplexity: 1216.1403
2026-05-15 12:12:37,227 - INFO -   Batch 185/203 | Batch Energy: 0.6322 | Perplexity: 1212.6936
2026-05-15 12:12:37,241 - INFO -   Batch 186/203 | Batch Energy: 0.6316 | Perplexity: 1211.3620
2026-05-15 12:12:37,254 - INFO -   Batch 187/203 | Batch Energy: 0.6333 | Perplexity: 1217.8383
2026-05-15 12:12:37,268 - INFO -   Batch 188/203 | Batch Energy: 0.6316 | Perplexity: 1209.2250
2026-05-15 12:12:37,282 - INFO -   Batch 189/203 | Batch Energy: 0.6306 | Perplexity: 1249.7224
2026-05-15 12:12:37,296 - INFO -   Batch 190/203 | Batch Energy: 0.6323 | Perplexity: 1204.5848
2026-05-15 12:12:37,310 - INFO -   Batch 191/203 | Batch Energy: 0.6312 | Perplexity: 1244.9885
2026-05-15 12:12:37,324 - INFO -   Batch 192/203 | Batch Energy: 0.6317 | Perplexity: 1222.2911
2026-05-15 12:12:37,338 - INFO -   Batch 193/203 | Batch Energy: 0.6342 | Perplexity: 1240.4778
2026-05-15 12:12:37,351 - INFO -   Batch 194/203 | Batch Energy: 0.6319 | Perplexity: 1228.1340
2026-05-15 12:12:37,366 - INFO -   Batch 195/203 | Batch Energy: 0.6311 | Perplexity: 1234.0607
2026-05-15 12:12:37,380 - INFO -   Batch 196/203 | Batch Energy: 0.6297 | Perplexity: 1224.7742
2026-05-15 12:12:37,394 - INFO -   Batch 197/203 | Batch Energy: 0.6323 | Perplexity: 1218.0717
2026-05-15 12:12:37,408 - INFO -   Batch 198/203 | Batch Energy: 0.6307 | Perplexity: 1231.9129
2026-05-15 12:12:37,422 - INFO -   Batch 199/203 | Batch Energy: 0.6325 | Perplexity: 1239.0011
2026-05-15 12:12:37,436 - INFO -   Batch 200/203 | Batch Energy: 0.6325 | Perplexity: 1225.3198
2026-05-15 12:12:37,450 - INFO -   Batch 201/203 | Batch Energy: 0.6314 | Perplexity: 1236.5458
2026-05-15 12:12:37,464 - INFO -   Batch 202/203 | Batch Energy: 0.6318 | Perplexity: 1226.4544
2026-05-15 12:12:37,478 - INFO -   Batch 203/203 | Batch Energy: 0.6324 | Perplexity: 1222.4060
2026-05-15 12:12:37,634 - INFO - Epoch 3/10 | Train Energy: 0.6331 | Train Perplexity: 1215.6394 | Val Energy: 0.6298 | Val Perplexity: 1212.5391
2026-05-15 12:12:37,634 - INFO - Epoch 4/10
2026-05-15 12:12:37,647 - INFO -   Batch 1/203 | Batch Energy: 0.5873 | Perplexity: 1204.2666
2026-05-15 12:12:37,661 - INFO -   Batch 2/203 | Batch Energy: 0.5860 | Perplexity: 1204.5664
2026-05-15 12:12:37,675 - INFO -   Batch 3/203 | Batch Energy: 0.5886 | Perplexity: 1178.5820
2026-05-15 12:12:37,689 - INFO -   Batch 4/203 | Batch Energy: 0.5931 | Perplexity: 1215.4342
2026-05-15 12:12:37,703 - INFO -   Batch 5/203 | Batch Energy: 0.6019 | Perplexity: 1234.7011
2026-05-15 12:12:37,717 - INFO -   Batch 6/203 | Batch Energy: 0.6084 | Perplexity: 1197.2275
2026-05-15 12:12:37,730 - INFO -   Batch 7/203 | Batch Energy: 0.6180 | Perplexity: 1192.3979
2026-05-15 12:12:37,744 - INFO -   Batch 8/203 | Batch Energy: 0.6231 | Perplexity: 1183.2117
2026-05-15 12:12:37,758 - INFO -   Batch 9/203 | Batch Energy: 0.6259 | Perplexity: 1209.7879
2026-05-15 12:12:37,772 - INFO -   Batch 10/203 | Batch Energy: 0.6282 | Perplexity: 1231.5182
2026-05-15 12:12:37,786 - INFO -   Batch 11/203 | Batch Energy: 0.6290 | Perplexity: 1221.2233
2026-05-15 12:12:37,800 - INFO -   Batch 12/203 | Batch Energy: 0.6284 | Perplexity: 1220.7622
2026-05-15 12:12:37,814 - INFO -   Batch 13/203 | Batch Energy: 0.6293 | Perplexity: 1208.1697
2026-05-15 12:12:37,828 - INFO -   Batch 14/203 | Batch Energy: 0.6285 | Perplexity: 1198.5522
2026-05-15 12:12:37,842 - INFO -   Batch 15/203 | Batch Energy: 0.6299 | Perplexity: 1230.0710
2026-05-15 12:12:37,856 - INFO -   Batch 16/203 | Batch Energy: 0.6298 | Perplexity: 1203.3768
2026-05-15 12:12:37,869 - INFO -   Batch 17/203 | Batch Energy: 0.6297 | Perplexity: 1219.4223
2026-05-15 12:12:37,884 - INFO -   Batch 18/203 | Batch Energy: 0.6299 | Perplexity: 1211.0935
2026-05-15 12:12:37,899 - INFO -   Batch 19/203 | Batch Energy: 0.6310 | Perplexity: 1185.3474
2026-05-15 12:12:37,914 - INFO -   Batch 20/203 | Batch Energy: 0.6310 | Perplexity: 1185.3537
2026-05-15 12:12:37,929 - INFO -   Batch 21/203 | Batch Energy: 0.6307 | Perplexity: 1206.4443
2026-05-15 12:12:37,943 - INFO -   Batch 22/203 | Batch Energy: 0.6305 | Perplexity: 1222.3384
2026-05-15 12:12:37,958 - INFO -   Batch 23/203 | Batch Energy: 0.6293 | Perplexity: 1218.3633
2026-05-15 12:12:37,972 - INFO -   Batch 24/203 | Batch Energy: 0.6293 | Perplexity: 1208.3512
2026-05-15 12:12:37,986 - INFO -   Batch 25/203 | Batch Energy: 0.6303 | Perplexity: 1183.3251
2026-05-15 12:12:38,001 - INFO -   Batch 26/203 | Batch Energy: 0.6303 | Perplexity: 1199.1038
2026-05-15 12:12:38,015 - INFO -   Batch 27/203 | Batch Energy: 0.6280 | Perplexity: 1212.1727
2026-05-15 12:12:38,029 - INFO -   Batch 28/203 | Batch Energy: 0.6287 | Perplexity: 1211.0790
2026-05-15 12:12:38,044 - INFO -   Batch 29/203 | Batch Energy: 0.6295 | Perplexity: 1233.1042
2026-05-15 12:12:38,058 - INFO -   Batch 30/203 | Batch Energy: 0.6279 | Perplexity: 1219.4508
2026-05-15 12:12:38,072 - INFO -   Batch 31/203 | Batch Energy: 0.6299 | Perplexity: 1241.3506
2026-05-15 12:12:38,087 - INFO -   Batch 32/203 | Batch Energy: 0.6305 | Perplexity: 1184.2142
2026-05-15 12:12:38,101 - INFO -   Batch 33/203 | Batch Energy: 0.6274 | Perplexity: 1225.5822
2026-05-15 12:12:38,115 - INFO -   Batch 34/203 | Batch Energy: 0.6283 | Perplexity: 1224.9728
2026-05-15 12:12:38,129 - INFO -   Batch 35/203 | Batch Energy: 0.6291 | Perplexity: 1214.1841
2026-05-15 12:12:38,143 - INFO -   Batch 36/203 | Batch Energy: 0.6287 | Perplexity: 1240.4228
2026-05-15 12:12:38,157 - INFO -   Batch 37/203 | Batch Energy: 0.6284 | Perplexity: 1249.0492
2026-05-15 12:12:38,172 - INFO -   Batch 38/203 | Batch Energy: 0.6303 | Perplexity: 1229.5895
2026-05-15 12:12:38,186 - INFO -   Batch 39/203 | Batch Energy: 0.6306 | Perplexity: 1216.4981
2026-05-15 12:12:38,200 - INFO -   Batch 40/203 | Batch Energy: 0.6296 | Perplexity: 1228.7871
2026-05-15 12:12:38,214 - INFO -   Batch 41/203 | Batch Energy: 0.6298 | Perplexity: 1210.8279
2026-05-15 12:12:38,229 - INFO -   Batch 42/203 | Batch Energy: 0.6303 | Perplexity: 1216.6960
2026-05-15 12:12:38,243 - INFO -   Batch 43/203 | Batch Energy: 0.6297 | Perplexity: 1231.5071
2026-05-15 12:12:38,257 - INFO -   Batch 44/203 | Batch Energy: 0.6298 | Perplexity: 1208.5212
2026-05-15 12:12:38,271 - INFO -   Batch 45/203 | Batch Energy: 0.6295 | Perplexity: 1197.3160
2026-05-15 12:12:38,285 - INFO -   Batch 46/203 | Batch Energy: 0.6298 | Perplexity: 1218.5952
2026-05-15 12:12:38,300 - INFO -   Batch 47/203 | Batch Energy: 0.6292 | Perplexity: 1238.7040
2026-05-15 12:12:38,314 - INFO -   Batch 48/203 | Batch Energy: 0.6284 | Perplexity: 1210.2368
2026-05-15 12:12:38,328 - INFO -   Batch 49/203 | Batch Energy: 0.6293 | Perplexity: 1260.9177
2026-05-15 12:12:38,343 - INFO -   Batch 50/203 | Batch Energy: 0.6294 | Perplexity: 1202.9500
2026-05-15 12:12:38,357 - INFO -   Batch 51/203 | Batch Energy: 0.6276 | Perplexity: 1186.2895
2026-05-15 12:12:38,371 - INFO -   Batch 52/203 | Batch Energy: 0.6289 | Perplexity: 1201.8727
2026-05-15 12:12:38,385 - INFO -   Batch 53/203 | Batch Energy: 0.6292 | Perplexity: 1227.8108
2026-05-15 12:12:38,399 - INFO -   Batch 54/203 | Batch Energy: 0.6275 | Perplexity: 1209.7994
2026-05-15 12:12:38,413 - INFO -   Batch 55/203 | Batch Energy: 0.6307 | Perplexity: 1210.5294
2026-05-15 12:12:38,428 - INFO -   Batch 56/203 | Batch Energy: 0.6279 | Perplexity: 1219.5049
2026-05-15 12:12:38,443 - INFO -   Batch 57/203 | Batch Energy: 0.6289 | Perplexity: 1208.3034
2026-05-15 12:12:38,457 - INFO -   Batch 58/203 | Batch Energy: 0.6302 | Perplexity: 1212.5543
2026-05-15 12:12:38,471 - INFO -   Batch 59/203 | Batch Energy: 0.6288 | Perplexity: 1214.3538
2026-05-15 12:12:38,486 - INFO -   Batch 60/203 | Batch Energy: 0.6293 | Perplexity: 1256.8729
2026-05-15 12:12:38,500 - INFO -   Batch 61/203 | Batch Energy: 0.6280 | Perplexity: 1232.9502
2026-05-15 12:12:38,515 - INFO -   Batch 62/203 | Batch Energy: 0.6287 | Perplexity: 1219.8381
2026-05-15 12:12:38,529 - INFO -   Batch 63/203 | Batch Energy: 0.6278 | Perplexity: 1214.5536
2026-05-15 12:12:38,544 - INFO -   Batch 64/203 | Batch Energy: 0.6274 | Perplexity: 1213.9908
2026-05-15 12:12:38,558 - INFO -   Batch 65/203 | Batch Energy: 0.6283 | Perplexity: 1215.9420
2026-05-15 12:12:38,573 - INFO -   Batch 66/203 | Batch Energy: 0.6296 | Perplexity: 1206.6785
2026-05-15 12:12:38,589 - INFO -   Batch 67/203 | Batch Energy: 0.6279 | Perplexity: 1191.2079
2026-05-15 12:12:38,603 - INFO -   Batch 68/203 | Batch Energy: 0.6287 | Perplexity: 1230.6137
2026-05-15 12:12:38,618 - INFO -   Batch 69/203 | Batch Energy: 0.6287 | Perplexity: 1228.2031
2026-05-15 12:12:38,632 - INFO -   Batch 70/203 | Batch Energy: 0.6266 | Perplexity: 1193.5573
2026-05-15 12:12:38,646 - INFO -   Batch 71/203 | Batch Energy: 0.6294 | Perplexity: 1208.7586
2026-05-15 12:12:38,660 - INFO -   Batch 72/203 | Batch Energy: 0.6264 | Perplexity: 1211.1980
2026-05-15 12:12:38,674 - INFO -   Batch 73/203 | Batch Energy: 0.6298 | Perplexity: 1193.3837
2026-05-15 12:12:38,688 - INFO -   Batch 74/203 | Batch Energy: 0.6269 | Perplexity: 1220.8157
2026-05-15 12:12:38,702 - INFO -   Batch 75/203 | Batch Energy: 0.6299 | Perplexity: 1226.7790
2026-05-15 12:12:38,716 - INFO -   Batch 76/203 | Batch Energy: 0.6282 | Perplexity: 1202.4184
2026-05-15 12:12:38,730 - INFO -   Batch 77/203 | Batch Energy: 0.6281 | Perplexity: 1207.5972
2026-05-15 12:12:38,743 - INFO -   Batch 78/203 | Batch Energy: 0.6273 | Perplexity: 1201.8406
2026-05-15 12:12:38,758 - INFO -   Batch 79/203 | Batch Energy: 0.6294 | Perplexity: 1212.8353
2026-05-15 12:12:38,772 - INFO -   Batch 80/203 | Batch Energy: 0.6291 | Perplexity: 1214.0712
2026-05-15 12:12:38,786 - INFO -   Batch 81/203 | Batch Energy: 0.6280 | Perplexity: 1217.0395
2026-05-15 12:12:38,800 - INFO -   Batch 82/203 | Batch Energy: 0.6270 | Perplexity: 1207.6098
2026-05-15 12:12:38,815 - INFO -   Batch 83/203 | Batch Energy: 0.6281 | Perplexity: 1238.7081
2026-05-15 12:12:38,831 - INFO -   Batch 84/203 | Batch Energy: 0.6284 | Perplexity: 1185.0852
2026-05-15 12:12:38,846 - INFO -   Batch 85/203 | Batch Energy: 0.6273 | Perplexity: 1201.1949
2026-05-15 12:12:38,861 - INFO -   Batch 86/203 | Batch Energy: 0.6289 | Perplexity: 1188.1996
2026-05-15 12:12:38,876 - INFO -   Batch 87/203 | Batch Energy: 0.6279 | Perplexity: 1220.1866
2026-05-15 12:12:38,891 - INFO -   Batch 88/203 | Batch Energy: 0.6276 | Perplexity: 1221.1505
2026-05-15 12:12:38,906 - INFO -   Batch 89/203 | Batch Energy: 0.6273 | Perplexity: 1223.4865
2026-05-15 12:12:38,921 - INFO -   Batch 90/203 | Batch Energy: 0.6264 | Perplexity: 1198.0973
2026-05-15 12:12:38,936 - INFO -   Batch 91/203 | Batch Energy: 0.6282 | Perplexity: 1215.8614
2026-05-15 12:12:38,951 - INFO -   Batch 92/203 | Batch Energy: 0.6270 | Perplexity: 1200.3681
2026-05-15 12:12:38,965 - INFO -   Batch 93/203 | Batch Energy: 0.6269 | Perplexity: 1252.0081
2026-05-15 12:12:38,980 - INFO -   Batch 94/203 | Batch Energy: 0.6259 | Perplexity: 1208.4578
2026-05-15 12:12:38,994 - INFO -   Batch 95/203 | Batch Energy: 0.6282 | Perplexity: 1235.8208
2026-05-15 12:12:39,009 - INFO -   Batch 96/203 | Batch Energy: 0.6263 | Perplexity: 1236.2681
2026-05-15 12:12:39,024 - INFO -   Batch 97/203 | Batch Energy: 0.6284 | Perplexity: 1222.2626
2026-05-15 12:12:39,038 - INFO -   Batch 98/203 | Batch Energy: 0.6263 | Perplexity: 1186.1831
2026-05-15 12:12:39,052 - INFO -   Batch 99/203 | Batch Energy: 0.6277 | Perplexity: 1239.5560
2026-05-15 12:12:39,067 - INFO -   Batch 100/203 | Batch Energy: 0.6288 | Perplexity: 1198.3973
2026-05-15 12:12:39,081 - INFO -   Batch 101/203 | Batch Energy: 0.6264 | Perplexity: 1196.6151
2026-05-15 12:12:39,096 - INFO -   Batch 102/203 | Batch Energy: 0.6260 | Perplexity: 1204.8438
2026-05-15 12:12:39,110 - INFO -   Batch 103/203 | Batch Energy: 0.6272 | Perplexity: 1237.2778
2026-05-15 12:12:39,125 - INFO -   Batch 104/203 | Batch Energy: 0.6283 | Perplexity: 1202.9345
2026-05-15 12:12:39,139 - INFO -   Batch 105/203 | Batch Energy: 0.6276 | Perplexity: 1225.8855
2026-05-15 12:12:39,154 - INFO -   Batch 106/203 | Batch Energy: 0.6266 | Perplexity: 1235.6988
2026-05-15 12:12:39,168 - INFO -   Batch 107/203 | Batch Energy: 0.6268 | Perplexity: 1216.6356
2026-05-15 12:12:39,182 - INFO -   Batch 108/203 | Batch Energy: 0.6278 | Perplexity: 1217.4545
2026-05-15 12:12:39,197 - INFO -   Batch 109/203 | Batch Energy: 0.6289 | Perplexity: 1236.0359
2026-05-15 12:12:39,211 - INFO -   Batch 110/203 | Batch Energy: 0.6270 | Perplexity: 1210.9341
2026-05-15 12:12:39,226 - INFO -   Batch 111/203 | Batch Energy: 0.6266 | Perplexity: 1233.3288
2026-05-15 12:12:39,240 - INFO -   Batch 112/203 | Batch Energy: 0.6284 | Perplexity: 1223.6441
2026-05-15 12:12:39,255 - INFO -   Batch 113/203 | Batch Energy: 0.6268 | Perplexity: 1181.9677
2026-05-15 12:12:39,269 - INFO -   Batch 114/203 | Batch Energy: 0.6268 | Perplexity: 1257.3483
2026-05-15 12:12:39,283 - INFO -   Batch 115/203 | Batch Energy: 0.6282 | Perplexity: 1215.9315
2026-05-15 12:12:39,298 - INFO -   Batch 116/203 | Batch Energy: 0.6287 | Perplexity: 1206.9110
2026-05-15 12:12:39,312 - INFO -   Batch 117/203 | Batch Energy: 0.6270 | Perplexity: 1219.2217
2026-05-15 12:12:39,327 - INFO -   Batch 118/203 | Batch Energy: 0.6277 | Perplexity: 1208.3489
2026-05-15 12:12:39,341 - INFO -   Batch 119/203 | Batch Energy: 0.6263 | Perplexity: 1247.6474
2026-05-15 12:12:39,356 - INFO -   Batch 120/203 | Batch Energy: 0.6259 | Perplexity: 1214.6462
2026-05-15 12:12:39,370 - INFO -   Batch 121/203 | Batch Energy: 0.6278 | Perplexity: 1185.5622
2026-05-15 12:12:39,384 - INFO -   Batch 122/203 | Batch Energy: 0.6273 | Perplexity: 1219.1473
2026-05-15 12:12:39,399 - INFO -   Batch 123/203 | Batch Energy: 0.6269 | Perplexity: 1259.8947
2026-05-15 12:12:39,413 - INFO -   Batch 124/203 | Batch Energy: 0.6269 | Perplexity: 1225.5418
2026-05-15 12:12:39,428 - INFO -   Batch 125/203 | Batch Energy: 0.6282 | Perplexity: 1216.3618
2026-05-15 12:12:39,443 - INFO -   Batch 126/203 | Batch Energy: 0.6257 | Perplexity: 1231.7079
2026-05-15 12:12:39,458 - INFO -   Batch 127/203 | Batch Energy: 0.6263 | Perplexity: 1224.2516
2026-05-15 12:12:39,472 - INFO -   Batch 128/203 | Batch Energy: 0.6289 | Perplexity: 1219.3729
2026-05-15 12:12:39,487 - INFO -   Batch 129/203 | Batch Energy: 0.6277 | Perplexity: 1233.3541
2026-05-15 12:12:39,502 - INFO -   Batch 130/203 | Batch Energy: 0.6266 | Perplexity: 1206.0791
2026-05-15 12:12:39,517 - INFO -   Batch 131/203 | Batch Energy: 0.6257 | Perplexity: 1197.4125
2026-05-15 12:12:39,532 - INFO -   Batch 132/203 | Batch Energy: 0.6271 | Perplexity: 1213.3565
2026-05-15 12:12:39,546 - INFO -   Batch 133/203 | Batch Energy: 0.6278 | Perplexity: 1218.6446
2026-05-15 12:12:39,561 - INFO -   Batch 134/203 | Batch Energy: 0.6262 | Perplexity: 1228.3852
2026-05-15 12:12:39,575 - INFO -   Batch 135/203 | Batch Energy: 0.6250 | Perplexity: 1210.7482
2026-05-15 12:12:39,590 - INFO -   Batch 136/203 | Batch Energy: 0.6275 | Perplexity: 1216.1646
2026-05-15 12:12:39,604 - INFO -   Batch 137/203 | Batch Energy: 0.6266 | Perplexity: 1201.6864
2026-05-15 12:12:39,619 - INFO -   Batch 138/203 | Batch Energy: 0.6258 | Perplexity: 1211.2078
2026-05-15 12:12:39,633 - INFO -   Batch 139/203 | Batch Energy: 0.6247 | Perplexity: 1198.2596
2026-05-15 12:12:39,648 - INFO -   Batch 140/203 | Batch Energy: 0.6275 | Perplexity: 1223.4539
2026-05-15 12:12:39,662 - INFO -   Batch 141/203 | Batch Energy: 0.6266 | Perplexity: 1208.9488
2026-05-15 12:12:39,677 - INFO -   Batch 142/203 | Batch Energy: 0.6269 | Perplexity: 1192.6806
2026-05-15 12:12:39,691 - INFO -   Batch 143/203 | Batch Energy: 0.6266 | Perplexity: 1195.4494
2026-05-15 12:12:39,706 - INFO -   Batch 144/203 | Batch Energy: 0.6266 | Perplexity: 1237.4123
2026-05-15 12:12:39,720 - INFO -   Batch 145/203 | Batch Energy: 0.6274 | Perplexity: 1220.7901
2026-05-15 12:12:39,734 - INFO -   Batch 146/203 | Batch Energy: 0.6267 | Perplexity: 1230.2047
2026-05-15 12:12:39,749 - INFO -   Batch 147/203 | Batch Energy: 0.6234 | Perplexity: 1226.3567
2026-05-15 12:12:39,763 - INFO -   Batch 148/203 | Batch Energy: 0.6282 | Perplexity: 1215.0952
2026-05-15 12:12:39,778 - INFO -   Batch 149/203 | Batch Energy: 0.6256 | Perplexity: 1217.1016
2026-05-15 12:12:39,792 - INFO -   Batch 150/203 | Batch Energy: 0.6277 | Perplexity: 1214.6034
2026-05-15 12:12:39,806 - INFO -   Batch 151/203 | Batch Energy: 0.6261 | Perplexity: 1225.2701
2026-05-15 12:12:39,820 - INFO -   Batch 152/203 | Batch Energy: 0.6256 | Perplexity: 1213.6030
2026-05-15 12:12:39,835 - INFO -   Batch 153/203 | Batch Energy: 0.6257 | Perplexity: 1219.9655
2026-05-15 12:12:39,849 - INFO -   Batch 154/203 | Batch Energy: 0.6272 | Perplexity: 1195.4620
2026-05-15 12:12:39,863 - INFO -   Batch 155/203 | Batch Energy: 0.6272 | Perplexity: 1237.0105
2026-05-15 12:12:39,878 - INFO -   Batch 156/203 | Batch Energy: 0.6251 | Perplexity: 1190.3318
2026-05-15 12:12:39,892 - INFO -   Batch 157/203 | Batch Energy: 0.6271 | Perplexity: 1214.9770
2026-05-15 12:12:39,906 - INFO -   Batch 158/203 | Batch Energy: 0.6271 | Perplexity: 1239.2587
2026-05-15 12:12:39,921 - INFO -   Batch 159/203 | Batch Energy: 0.6256 | Perplexity: 1198.3270
2026-05-15 12:12:39,935 - INFO -   Batch 160/203 | Batch Energy: 0.6257 | Perplexity: 1237.4412
2026-05-15 12:12:39,949 - INFO -   Batch 161/203 | Batch Energy: 0.6292 | Perplexity: 1219.5223
2026-05-15 12:12:39,964 - INFO -   Batch 162/203 | Batch Energy: 0.6261 | Perplexity: 1201.5787
2026-05-15 12:12:39,978 - INFO -   Batch 163/203 | Batch Energy: 0.6245 | Perplexity: 1181.6972
2026-05-15 12:12:39,993 - INFO -   Batch 164/203 | Batch Energy: 0.6267 | Perplexity: 1225.1983
2026-05-15 12:12:40,008 - INFO -   Batch 165/203 | Batch Energy: 0.6266 | Perplexity: 1213.8819
2026-05-15 12:12:40,024 - INFO -   Batch 166/203 | Batch Energy: 0.6265 | Perplexity: 1215.0083
2026-05-15 12:12:40,039 - INFO -   Batch 167/203 | Batch Energy: 0.6251 | Perplexity: 1194.0537
2026-05-15 12:12:40,054 - INFO -   Batch 168/203 | Batch Energy: 0.6261 | Perplexity: 1228.0180
2026-05-15 12:12:40,068 - INFO -   Batch 169/203 | Batch Energy: 0.6243 | Perplexity: 1182.3077
2026-05-15 12:12:40,083 - INFO -   Batch 170/203 | Batch Energy: 0.6263 | Perplexity: 1226.5883
2026-05-15 12:12:40,097 - INFO -   Batch 171/203 | Batch Energy: 0.6272 | Perplexity: 1213.9560
2026-05-15 12:12:40,112 - INFO -   Batch 172/203 | Batch Energy: 0.6255 | Perplexity: 1212.8995
2026-05-15 12:12:40,127 - INFO -   Batch 173/203 | Batch Energy: 0.6263 | Perplexity: 1222.9079
2026-05-15 12:12:40,141 - INFO -   Batch 174/203 | Batch Energy: 0.6241 | Perplexity: 1205.5191
2026-05-15 12:12:40,156 - INFO -   Batch 175/203 | Batch Energy: 0.6248 | Perplexity: 1213.6626
2026-05-15 12:12:40,170 - INFO -   Batch 176/203 | Batch Energy: 0.6263 | Perplexity: 1209.5704
2026-05-15 12:12:40,184 - INFO -   Batch 177/203 | Batch Energy: 0.6250 | Perplexity: 1199.3686
2026-05-15 12:12:40,198 - INFO -   Batch 178/203 | Batch Energy: 0.6255 | Perplexity: 1194.9889
2026-05-15 12:12:40,213 - INFO -   Batch 179/203 | Batch Energy: 0.6252 | Perplexity: 1233.0689
2026-05-15 12:12:40,228 - INFO -   Batch 180/203 | Batch Energy: 0.6249 | Perplexity: 1174.8405
2026-05-15 12:12:40,242 - INFO -   Batch 181/203 | Batch Energy: 0.6259 | Perplexity: 1215.1224
2026-05-15 12:12:40,258 - INFO -   Batch 182/203 | Batch Energy: 0.6257 | Perplexity: 1240.6358
2026-05-15 12:12:40,273 - INFO -   Batch 183/203 | Batch Energy: 0.6263 | Perplexity: 1216.4773
2026-05-15 12:12:40,287 - INFO -   Batch 184/203 | Batch Energy: 0.6249 | Perplexity: 1234.9207
2026-05-15 12:12:40,301 - INFO -   Batch 185/203 | Batch Energy: 0.6277 | Perplexity: 1195.2596
2026-05-15 12:12:40,315 - INFO -   Batch 186/203 | Batch Energy: 0.6250 | Perplexity: 1237.2477
2026-05-15 12:12:40,330 - INFO -   Batch 187/203 | Batch Energy: 0.6255 | Perplexity: 1225.9416
2026-05-15 12:12:40,344 - INFO -   Batch 188/203 | Batch Energy: 0.6260 | Perplexity: 1207.6001
2026-05-15 12:12:40,357 - INFO -   Batch 189/203 | Batch Energy: 0.6236 | Perplexity: 1197.8757
2026-05-15 12:12:40,372 - INFO -   Batch 190/203 | Batch Energy: 0.6246 | Perplexity: 1212.4768
2026-05-15 12:12:40,387 - INFO -   Batch 191/203 | Batch Energy: 0.6252 | Perplexity: 1186.6583
2026-05-15 12:12:40,401 - INFO -   Batch 192/203 | Batch Energy: 0.6234 | Perplexity: 1221.0503
2026-05-15 12:12:40,416 - INFO -   Batch 193/203 | Batch Energy: 0.6260 | Perplexity: 1211.2997
2026-05-15 12:12:40,430 - INFO -   Batch 194/203 | Batch Energy: 0.6258 | Perplexity: 1218.9392
2026-05-15 12:12:40,445 - INFO -   Batch 195/203 | Batch Energy: 0.6268 | Perplexity: 1222.8811
2026-05-15 12:12:40,460 - INFO -   Batch 196/203 | Batch Energy: 0.6267 | Perplexity: 1174.2441
2026-05-15 12:12:40,475 - INFO -   Batch 197/203 | Batch Energy: 0.6261 | Perplexity: 1226.4322
2026-05-15 12:12:40,489 - INFO -   Batch 198/203 | Batch Energy: 0.6237 | Perplexity: 1215.8741
2026-05-15 12:12:40,503 - INFO -   Batch 199/203 | Batch Energy: 0.6253 | Perplexity: 1217.3703
2026-05-15 12:12:40,517 - INFO -   Batch 200/203 | Batch Energy: 0.6233 | Perplexity: 1199.2233
2026-05-15 12:12:40,532 - INFO -   Batch 201/203 | Batch Energy: 0.6240 | Perplexity: 1209.5399
2026-05-15 12:12:40,546 - INFO -   Batch 202/203 | Batch Energy: 0.6245 | Perplexity: 1216.8602
2026-05-15 12:12:40,560 - INFO -   Batch 203/203 | Batch Energy: 0.6249 | Perplexity: 1219.2636
2026-05-15 12:12:40,718 - INFO - Epoch 4/10 | Train Energy: 0.6264 | Train Perplexity: 1214.4013 | Val Energy: 0.6239 | Val Perplexity: 1210.0990
2026-05-15 12:12:40,719 - INFO - Epoch 5/10
2026-05-15 12:12:40,733 - INFO -   Batch 1/203 | Batch Energy: 0.5819 | Perplexity: 1201.9930
2026-05-15 12:12:40,748 - INFO -   Batch 2/203 | Batch Energy: 0.5822 | Perplexity: 1207.7780
2026-05-15 12:12:40,762 - INFO -   Batch 3/203 | Batch Energy: 0.5850 | Perplexity: 1214.4962
2026-05-15 12:12:40,776 - INFO -   Batch 4/203 | Batch Energy: 0.5900 | Perplexity: 1201.4475
2026-05-15 12:12:40,791 - INFO -   Batch 5/203 | Batch Energy: 0.5996 | Perplexity: 1192.4332
2026-05-15 12:12:40,805 - INFO -   Batch 6/203 | Batch Energy: 0.6071 | Perplexity: 1218.1089
2026-05-15 12:12:40,819 - INFO -   Batch 7/203 | Batch Energy: 0.6110 | Perplexity: 1223.5437
2026-05-15 12:12:40,833 - INFO -   Batch 8/203 | Batch Energy: 0.6168 | Perplexity: 1217.8748
2026-05-15 12:12:40,847 - INFO -   Batch 9/203 | Batch Energy: 0.6199 | Perplexity: 1207.7717
2026-05-15 12:12:40,861 - INFO -   Batch 10/203 | Batch Energy: 0.6247 | Perplexity: 1206.1619
2026-05-15 12:12:40,875 - INFO -   Batch 11/203 | Batch Energy: 0.6200 | Perplexity: 1225.6704
2026-05-15 12:12:40,889 - INFO -   Batch 12/203 | Batch Energy: 0.6242 | Perplexity: 1209.4781
2026-05-15 12:12:40,904 - INFO -   Batch 13/203 | Batch Energy: 0.6214 | Perplexity: 1226.7094
2026-05-15 12:12:40,918 - INFO -   Batch 14/203 | Batch Energy: 0.6250 | Perplexity: 1213.9908
2026-05-15 12:12:40,932 - INFO -   Batch 15/203 | Batch Energy: 0.6224 | Perplexity: 1216.9385
2026-05-15 12:12:40,947 - INFO -   Batch 16/203 | Batch Energy: 0.6221 | Perplexity: 1237.1326
2026-05-15 12:12:40,962 - INFO -   Batch 17/203 | Batch Energy: 0.6233 | Perplexity: 1198.8717
2026-05-15 12:12:40,976 - INFO -   Batch 18/203 | Batch Energy: 0.6245 | Perplexity: 1222.6712
2026-05-15 12:12:40,990 - INFO -   Batch 19/203 | Batch Energy: 0.6240 | Perplexity: 1207.2230
2026-05-15 12:12:41,004 - INFO -   Batch 20/203 | Batch Energy: 0.6256 | Perplexity: 1202.6925
2026-05-15 12:12:41,018 - INFO -   Batch 21/203 | Batch Energy: 0.6231 | Perplexity: 1236.6319
2026-05-15 12:12:41,032 - INFO -   Batch 22/203 | Batch Energy: 0.6259 | Perplexity: 1199.3537
2026-05-15 12:12:41,046 - INFO -   Batch 23/203 | Batch Energy: 0.6224 | Perplexity: 1229.5461
2026-05-15 12:12:41,061 - INFO -   Batch 24/203 | Batch Energy: 0.6264 | Perplexity: 1194.9035
2026-05-15 12:12:41,076 - INFO -   Batch 25/203 | Batch Energy: 0.6241 | Perplexity: 1215.7408
2026-05-15 12:12:41,090 - INFO -   Batch 26/203 | Batch Energy: 0.6244 | Perplexity: 1223.3792
2026-05-15 12:12:41,105 - INFO -   Batch 27/203 | Batch Energy: 0.6230 | Perplexity: 1221.6921
2026-05-15 12:12:41,120 - INFO -   Batch 28/203 | Batch Energy: 0.6252 | Perplexity: 1222.4876
2026-05-15 12:12:41,134 - INFO -   Batch 29/203 | Batch Energy: 0.6239 | Perplexity: 1230.1619
2026-05-15 12:12:41,149 - INFO -   Batch 30/203 | Batch Energy: 0.6250 | Perplexity: 1205.9457
2026-05-15 12:12:41,163 - INFO -   Batch 31/203 | Batch Energy: 0.6244 | Perplexity: 1207.0940
2026-05-15 12:12:41,177 - INFO -   Batch 32/203 | Batch Energy: 0.6253 | Perplexity: 1207.4429
2026-05-15 12:12:41,191 - INFO -   Batch 33/203 | Batch Energy: 0.6235 | Perplexity: 1235.6458
2026-05-15 12:12:41,205 - INFO -   Batch 34/203 | Batch Energy: 0.6252 | Perplexity: 1192.5998
2026-05-15 12:12:41,220 - INFO -   Batch 35/203 | Batch Energy: 0.6247 | Perplexity: 1201.1285
2026-05-15 12:12:41,234 - INFO -   Batch 36/203 | Batch Energy: 0.6258 | Perplexity: 1203.3872
2026-05-15 12:12:41,248 - INFO -   Batch 37/203 | Batch Energy: 0.6214 | Perplexity: 1194.3008
2026-05-15 12:12:41,261 - INFO -   Batch 38/203 | Batch Energy: 0.6228 | Perplexity: 1202.8095
2026-05-15 12:12:41,275 - INFO -   Batch 39/203 | Batch Energy: 0.6243 | Perplexity: 1220.9490
2026-05-15 12:12:41,289 - INFO -   Batch 40/203 | Batch Energy: 0.6250 | Perplexity: 1217.0534
2026-05-15 12:12:41,303 - INFO -   Batch 41/203 | Batch Energy: 0.6230 | Perplexity: 1221.3613
2026-05-15 12:12:41,317 - INFO -   Batch 42/203 | Batch Energy: 0.6245 | Perplexity: 1220.1540
2026-05-15 12:12:41,331 - INFO -   Batch 43/203 | Batch Energy: 0.6231 | Perplexity: 1231.4390
2026-05-15 12:12:41,345 - INFO -   Batch 44/203 | Batch Energy: 0.6226 | Perplexity: 1183.4978
2026-05-15 12:12:41,359 - INFO -   Batch 45/203 | Batch Energy: 0.6232 | Perplexity: 1181.7564
2026-05-15 12:12:41,374 - INFO -   Batch 46/203 | Batch Energy: 0.6252 | Perplexity: 1201.7306
2026-05-15 12:12:41,387 - INFO -   Batch 47/203 | Batch Energy: 0.6244 | Perplexity: 1196.4611
2026-05-15 12:12:41,401 - INFO -   Batch 48/203 | Batch Energy: 0.6239 | Perplexity: 1214.4372
2026-05-15 12:12:41,415 - INFO -   Batch 49/203 | Batch Energy: 0.6239 | Perplexity: 1183.1401
2026-05-15 12:12:41,429 - INFO -   Batch 50/203 | Batch Energy: 0.6249 | Perplexity: 1213.4259
2026-05-15 12:12:41,443 - INFO -   Batch 51/203 | Batch Energy: 0.6237 | Perplexity: 1226.2082
2026-05-15 12:12:41,459 - INFO -   Batch 52/203 | Batch Energy: 0.6241 | Perplexity: 1217.2107
2026-05-15 12:12:41,475 - INFO -   Batch 53/203 | Batch Energy: 0.6251 | Perplexity: 1214.4343
2026-05-15 12:12:41,490 - INFO -   Batch 54/203 | Batch Energy: 0.6254 | Perplexity: 1178.9838
2026-05-15 12:12:41,506 - INFO -   Batch 55/203 | Batch Energy: 0.6216 | Perplexity: 1177.6174
2026-05-15 12:12:41,520 - INFO -   Batch 56/203 | Batch Energy: 0.6249 | Perplexity: 1215.6730
2026-05-15 12:12:41,534 - INFO -   Batch 57/203 | Batch Energy: 0.6243 | Perplexity: 1211.4516
2026-05-15 12:12:41,548 - INFO -   Batch 58/203 | Batch Energy: 0.6237 | Perplexity: 1202.8032
2026-05-15 12:12:41,563 - INFO -   Batch 59/203 | Batch Energy: 0.6224 | Perplexity: 1213.6967
2026-05-15 12:12:41,577 - INFO -   Batch 60/203 | Batch Energy: 0.6240 | Perplexity: 1233.7876
2026-05-15 12:12:41,590 - INFO -   Batch 61/203 | Batch Energy: 0.6228 | Perplexity: 1211.0172
2026-05-15 12:12:41,604 - INFO -   Batch 62/203 | Batch Energy: 0.6245 | Perplexity: 1188.7805
2026-05-15 12:12:41,618 - INFO -   Batch 63/203 | Batch Energy: 0.6229 | Perplexity: 1215.4232
2026-05-15 12:12:41,632 - INFO -   Batch 64/203 | Batch Energy: 0.6241 | Perplexity: 1212.2976
2026-05-15 12:12:41,646 - INFO -   Batch 65/203 | Batch Energy: 0.6250 | Perplexity: 1226.6416
2026-05-15 12:12:41,660 - INFO -   Batch 66/203 | Batch Energy: 0.6240 | Perplexity: 1180.3941
2026-05-15 12:12:41,674 - INFO -   Batch 67/203 | Batch Energy: 0.6214 | Perplexity: 1205.8192
2026-05-15 12:12:41,688 - INFO -   Batch 68/203 | Batch Energy: 0.6249 | Perplexity: 1203.4434
2026-05-15 12:12:41,702 - INFO -   Batch 69/203 | Batch Energy: 0.6249 | Perplexity: 1203.9474
2026-05-15 12:12:41,716 - INFO -   Batch 70/203 | Batch Energy: 0.6250 | Perplexity: 1206.9478
2026-05-15 12:12:41,730 - INFO -   Batch 71/203 | Batch Energy: 0.6222 | Perplexity: 1228.8545
2026-05-15 12:12:41,744 - INFO -   Batch 72/203 | Batch Energy: 0.6239 | Perplexity: 1202.9730
2026-05-15 12:12:41,758 - INFO -   Batch 73/203 | Batch Energy: 0.6227 | Perplexity: 1215.7217
2026-05-15 12:12:41,772 - INFO -   Batch 74/203 | Batch Energy: 0.6246 | Perplexity: 1195.0482
2026-05-15 12:12:41,786 - INFO -   Batch 75/203 | Batch Energy: 0.6224 | Perplexity: 1212.5144
2026-05-15 12:12:41,799 - INFO -   Batch 76/203 | Batch Energy: 0.6246 | Perplexity: 1207.4164
2026-05-15 12:12:41,813 - INFO -   Batch 77/203 | Batch Energy: 0.6234 | Perplexity: 1205.8198
2026-05-15 12:12:41,827 - INFO -   Batch 78/203 | Batch Energy: 0.6233 | Perplexity: 1200.3498
2026-05-15 12:12:41,841 - INFO -   Batch 79/203 | Batch Energy: 0.6216 | Perplexity: 1198.6225
2026-05-15 12:12:41,855 - INFO -   Batch 80/203 | Batch Energy: 0.6227 | Perplexity: 1211.4418
2026-05-15 12:12:41,869 - INFO -   Batch 81/203 | Batch Energy: 0.6221 | Perplexity: 1215.1664
2026-05-15 12:12:41,883 - INFO -   Batch 82/203 | Batch Energy: 0.6229 | Perplexity: 1201.4527
2026-05-15 12:12:41,897 - INFO -   Batch 83/203 | Batch Energy: 0.6235 | Perplexity: 1205.8876
2026-05-15 12:12:41,912 - INFO -   Batch 84/203 | Batch Energy: 0.6231 | Perplexity: 1193.7098
2026-05-15 12:12:41,926 - INFO -   Batch 85/203 | Batch Energy: 0.6230 | Perplexity: 1232.6539
2026-05-15 12:12:41,940 - INFO -   Batch 86/203 | Batch Energy: 0.6249 | Perplexity: 1223.7433
2026-05-15 12:12:41,955 - INFO -   Batch 87/203 | Batch Energy: 0.6196 | Perplexity: 1214.2953
2026-05-15 12:12:41,970 - INFO -   Batch 88/203 | Batch Energy: 0.6231 | Perplexity: 1219.7195
2026-05-15 12:12:41,984 - INFO -   Batch 89/203 | Batch Energy: 0.6220 | Perplexity: 1199.2376
2026-05-15 12:12:41,998 - INFO -   Batch 90/203 | Batch Energy: 0.6227 | Perplexity: 1231.4079
2026-05-15 12:12:42,012 - INFO -   Batch 91/203 | Batch Energy: 0.6232 | Perplexity: 1202.2710
2026-05-15 12:12:42,027 - INFO -   Batch 92/203 | Batch Energy: 0.6238 | Perplexity: 1210.0631
2026-05-15 12:12:42,041 - INFO -   Batch 93/203 | Batch Energy: 0.6214 | Perplexity: 1195.3235
2026-05-15 12:12:42,055 - INFO -   Batch 94/203 | Batch Energy: 0.6214 | Perplexity: 1214.9718
2026-05-15 12:12:42,069 - INFO -   Batch 95/203 | Batch Energy: 0.6245 | Perplexity: 1226.4579
2026-05-15 12:12:42,084 - INFO -   Batch 96/203 | Batch Energy: 0.6234 | Perplexity: 1191.3857
2026-05-15 12:12:42,098 - INFO -   Batch 97/203 | Batch Energy: 0.6230 | Perplexity: 1222.8823
2026-05-15 12:12:42,112 - INFO -   Batch 98/203 | Batch Energy: 0.6238 | Perplexity: 1222.0464
2026-05-15 12:12:42,127 - INFO -   Batch 99/203 | Batch Energy: 0.6211 | Perplexity: 1236.7015
2026-05-15 12:12:42,141 - INFO -   Batch 100/203 | Batch Energy: 0.6210 | Perplexity: 1202.6919
2026-05-15 12:12:42,156 - INFO -   Batch 101/203 | Batch Energy: 0.6221 | Perplexity: 1209.3040
2026-05-15 12:12:42,170 - INFO -   Batch 102/203 | Batch Energy: 0.6230 | Perplexity: 1193.5487
2026-05-15 12:12:42,184 - INFO -   Batch 103/203 | Batch Energy: 0.6218 | Perplexity: 1185.9795
2026-05-15 12:12:42,198 - INFO -   Batch 104/203 | Batch Energy: 0.6217 | Perplexity: 1238.8168
2026-05-15 12:12:42,213 - INFO -   Batch 105/203 | Batch Energy: 0.6216 | Perplexity: 1204.3579
2026-05-15 12:12:42,228 - INFO -   Batch 106/203 | Batch Energy: 0.6215 | Perplexity: 1200.4465
2026-05-15 12:12:42,242 - INFO -   Batch 107/203 | Batch Energy: 0.6209 | Perplexity: 1193.2932
2026-05-15 12:12:42,257 - INFO -   Batch 108/203 | Batch Energy: 0.6230 | Perplexity: 1263.0190
2026-05-15 12:12:42,271 - INFO -   Batch 109/203 | Batch Energy: 0.6219 | Perplexity: 1226.2895
2026-05-15 12:12:42,286 - INFO -   Batch 110/203 | Batch Energy: 0.6238 | Perplexity: 1196.8172
2026-05-15 12:12:42,300 - INFO -   Batch 111/203 | Batch Energy: 0.6235 | Perplexity: 1234.1736
2026-05-15 12:12:42,315 - INFO -   Batch 112/203 | Batch Energy: 0.6231 | Perplexity: 1193.3422
2026-05-15 12:12:42,330 - INFO -   Batch 113/203 | Batch Energy: 0.6224 | Perplexity: 1202.1197
2026-05-15 12:12:42,344 - INFO -   Batch 114/203 | Batch Energy: 0.6241 | Perplexity: 1227.3940
2026-05-15 12:12:42,358 - INFO -   Batch 115/203 | Batch Energy: 0.6214 | Perplexity: 1207.7895
2026-05-15 12:12:42,372 - INFO -   Batch 116/203 | Batch Energy: 0.6232 | Perplexity: 1183.3674
2026-05-15 12:12:42,386 - INFO -   Batch 117/203 | Batch Energy: 0.6210 | Perplexity: 1229.6611
2026-05-15 12:12:42,400 - INFO -   Batch 118/203 | Batch Energy: 0.6210 | Perplexity: 1225.1381
2026-05-15 12:12:42,416 - INFO -   Batch 119/203 | Batch Energy: 0.6226 | Perplexity: 1222.0085
2026-05-15 12:12:42,430 - INFO -   Batch 120/203 | Batch Energy: 0.6209 | Perplexity: 1255.3893
2026-05-15 12:12:42,445 - INFO -   Batch 121/203 | Batch Energy: 0.6227 | Perplexity: 1209.4562
2026-05-15 12:12:42,460 - INFO -   Batch 122/203 | Batch Energy: 0.6231 | Perplexity: 1205.0685
2026-05-15 12:12:42,474 - INFO -   Batch 123/203 | Batch Energy: 0.6239 | Perplexity: 1197.4502
2026-05-15 12:12:42,488 - INFO -   Batch 124/203 | Batch Energy: 0.6222 | Perplexity: 1196.7435
2026-05-15 12:12:42,502 - INFO -   Batch 125/203 | Batch Energy: 0.6222 | Perplexity: 1227.4180
2026-05-15 12:12:42,516 - INFO -   Batch 126/203 | Batch Energy: 0.6223 | Perplexity: 1206.9818
2026-05-15 12:12:42,530 - INFO -   Batch 127/203 | Batch Energy: 0.6213 | Perplexity: 1207.7504
2026-05-15 12:12:42,544 - INFO -   Batch 128/203 | Batch Energy: 0.6217 | Perplexity: 1198.8214
2026-05-15 12:12:42,558 - INFO -   Batch 129/203 | Batch Energy: 0.6236 | Perplexity: 1210.6015
2026-05-15 12:12:42,571 - INFO -   Batch 130/203 | Batch Energy: 0.6236 | Perplexity: 1184.0916
2026-05-15 12:12:42,585 - INFO -   Batch 131/203 | Batch Energy: 0.6217 | Perplexity: 1197.5227
2026-05-15 12:12:42,600 - INFO -   Batch 132/203 | Batch Energy: 0.6225 | Perplexity: 1231.3386
2026-05-15 12:12:42,614 - INFO -   Batch 133/203 | Batch Energy: 0.6230 | Perplexity: 1211.4758
2026-05-15 12:12:42,628 - INFO -   Batch 134/203 | Batch Energy: 0.6227 | Perplexity: 1218.1722
2026-05-15 12:12:42,642 - INFO -   Batch 135/203 | Batch Energy: 0.6201 | Perplexity: 1220.4671
2026-05-15 12:12:42,656 - INFO -   Batch 136/203 | Batch Energy: 0.6215 | Perplexity: 1169.3276
2026-05-15 12:12:42,669 - INFO -   Batch 137/203 | Batch Energy: 0.6224 | Perplexity: 1187.4955
2026-05-15 12:12:42,683 - INFO -   Batch 138/203 | Batch Energy: 0.6218 | Perplexity: 1230.7516
2026-05-15 12:12:42,697 - INFO -   Batch 139/203 | Batch Energy: 0.6216 | Perplexity: 1221.5081
2026-05-15 12:12:42,711 - INFO -   Batch 140/203 | Batch Energy: 0.6224 | Perplexity: 1195.9734
2026-05-15 12:12:42,725 - INFO -   Batch 141/203 | Batch Energy: 0.6219 | Perplexity: 1219.6869
2026-05-15 12:12:42,739 - INFO -   Batch 142/203 | Batch Energy: 0.6204 | Perplexity: 1237.2058
2026-05-15 12:12:42,753 - INFO -   Batch 143/203 | Batch Energy: 0.6199 | Perplexity: 1218.7863
2026-05-15 12:12:42,767 - INFO -   Batch 144/203 | Batch Energy: 0.6215 | Perplexity: 1218.8357
2026-05-15 12:12:42,781 - INFO -   Batch 145/203 | Batch Energy: 0.6221 | Perplexity: 1201.4790
2026-05-15 12:12:42,795 - INFO -   Batch 146/203 | Batch Energy: 0.6220 | Perplexity: 1209.1858
2026-05-15 12:12:42,810 - INFO -   Batch 147/203 | Batch Energy: 0.6213 | Perplexity: 1214.8310
2026-05-15 12:12:42,824 - INFO -   Batch 148/203 | Batch Energy: 0.6218 | Perplexity: 1207.5287
2026-05-15 12:12:42,838 - INFO -   Batch 149/203 | Batch Energy: 0.6223 | Perplexity: 1229.4177
2026-05-15 12:12:42,852 - INFO -   Batch 150/203 | Batch Energy: 0.6217 | Perplexity: 1212.8995
2026-05-15 12:12:42,865 - INFO -   Batch 151/203 | Batch Energy: 0.6213 | Perplexity: 1210.3383
2026-05-15 12:12:42,879 - INFO -   Batch 152/203 | Batch Energy: 0.6223 | Perplexity: 1222.4252
2026-05-15 12:12:42,893 - INFO -   Batch 153/203 | Batch Energy: 0.6192 | Perplexity: 1194.0223
2026-05-15 12:12:42,908 - INFO -   Batch 154/203 | Batch Energy: 0.6201 | Perplexity: 1214.3294
2026-05-15 12:12:42,923 - INFO -   Batch 155/203 | Batch Energy: 0.6209 | Perplexity: 1208.1190
2026-05-15 12:12:42,937 - INFO -   Batch 156/203 | Batch Energy: 0.6209 | Perplexity: 1220.2296
2026-05-15 12:12:42,952 - INFO -   Batch 157/203 | Batch Energy: 0.6190 | Perplexity: 1202.3656
2026-05-15 12:12:42,966 - INFO -   Batch 158/203 | Batch Energy: 0.6231 | Perplexity: 1193.3023
2026-05-15 12:12:42,981 - INFO -   Batch 159/203 | Batch Energy: 0.6218 | Perplexity: 1233.9859
2026-05-15 12:12:42,995 - INFO -   Batch 160/203 | Batch Energy: 0.6215 | Perplexity: 1201.4544
2026-05-15 12:12:43,009 - INFO -   Batch 161/203 | Batch Energy: 0.6202 | Perplexity: 1232.7844
2026-05-15 12:12:43,023 - INFO -   Batch 162/203 | Batch Energy: 0.6225 | Perplexity: 1201.2098
2026-05-15 12:12:43,037 - INFO -   Batch 163/203 | Batch Energy: 0.6203 | Perplexity: 1199.5373
2026-05-15 12:12:43,050 - INFO -   Batch 164/203 | Batch Energy: 0.6203 | Perplexity: 1175.4093
2026-05-15 12:12:43,064 - INFO -   Batch 165/203 | Batch Energy: 0.6206 | Perplexity: 1237.0731
2026-05-15 12:12:43,078 - INFO -   Batch 166/203 | Batch Energy: 0.6210 | Perplexity: 1258.8733
2026-05-15 12:12:43,091 - INFO -   Batch 167/203 | Batch Energy: 0.6200 | Perplexity: 1204.5038
2026-05-15 12:12:43,105 - INFO -   Batch 168/203 | Batch Energy: 0.6211 | Perplexity: 1203.1582
2026-05-15 12:12:43,119 - INFO -   Batch 169/203 | Batch Energy: 0.6212 | Perplexity: 1217.1277
2026-05-15 12:12:43,133 - INFO -   Batch 170/203 | Batch Energy: 0.6213 | Perplexity: 1209.1114
2026-05-15 12:12:43,147 - INFO -   Batch 171/203 | Batch Energy: 0.6191 | Perplexity: 1187.2515
2026-05-15 12:12:43,161 - INFO -   Batch 172/203 | Batch Energy: 0.6201 | Perplexity: 1194.1613
2026-05-15 12:12:43,175 - INFO -   Batch 173/203 | Batch Energy: 0.6212 | Perplexity: 1226.6644
2026-05-15 12:12:43,189 - INFO -   Batch 174/203 | Batch Energy: 0.6223 | Perplexity: 1212.6254
2026-05-15 12:12:43,202 - INFO -   Batch 175/203 | Batch Energy: 0.6203 | Perplexity: 1246.9658
2026-05-15 12:12:43,216 - INFO -   Batch 176/203 | Batch Energy: 0.6206 | Perplexity: 1218.0311
2026-05-15 12:12:43,230 - INFO -   Batch 177/203 | Batch Energy: 0.6222 | Perplexity: 1209.6471
2026-05-15 12:12:43,244 - INFO -   Batch 178/203 | Batch Energy: 0.6208 | Perplexity: 1204.0788
2026-05-15 12:12:43,258 - INFO -   Batch 179/203 | Batch Energy: 0.6231 | Perplexity: 1229.9466
2026-05-15 12:12:43,272 - INFO -   Batch 180/203 | Batch Energy: 0.6210 | Perplexity: 1208.9165
2026-05-15 12:12:43,287 - INFO -   Batch 181/203 | Batch Energy: 0.6202 | Perplexity: 1198.4824
2026-05-15 12:12:43,301 - INFO -   Batch 182/203 | Batch Energy: 0.6192 | Perplexity: 1198.4721
2026-05-15 12:12:43,315 - INFO -   Batch 183/203 | Batch Energy: 0.6198 | Perplexity: 1233.9842
2026-05-15 12:12:43,329 - INFO -   Batch 184/203 | Batch Energy: 0.6210 | Perplexity: 1226.1205
2026-05-15 12:12:43,343 - INFO -   Batch 185/203 | Batch Energy: 0.6181 | Perplexity: 1209.7025
2026-05-15 12:12:43,357 - INFO -   Batch 186/203 | Batch Energy: 0.6207 | Perplexity: 1222.5704
2026-05-15 12:12:43,371 - INFO -   Batch 187/203 | Batch Energy: 0.6222 | Perplexity: 1211.6076
2026-05-15 12:12:43,386 - INFO -   Batch 188/203 | Batch Energy: 0.6211 | Perplexity: 1233.7000
2026-05-15 12:12:43,400 - INFO -   Batch 189/203 | Batch Energy: 0.6216 | Perplexity: 1234.4897
2026-05-15 12:12:43,414 - INFO -   Batch 190/203 | Batch Energy: 0.6203 | Perplexity: 1207.9842
2026-05-15 12:12:43,427 - INFO -   Batch 191/203 | Batch Energy: 0.6195 | Perplexity: 1217.3442
2026-05-15 12:12:43,441 - INFO -   Batch 192/203 | Batch Energy: 0.6211 | Perplexity: 1188.5447
2026-05-15 12:12:43,457 - INFO -   Batch 193/203 | Batch Energy: 0.6181 | Perplexity: 1223.0975
2026-05-15 12:12:43,471 - INFO -   Batch 194/203 | Batch Energy: 0.6208 | Perplexity: 1226.6731
2026-05-15 12:12:43,485 - INFO -   Batch 195/203 | Batch Energy: 0.6207 | Perplexity: 1199.8405
2026-05-15 12:12:43,499 - INFO -   Batch 196/203 | Batch Energy: 0.6197 | Perplexity: 1218.0764
2026-05-15 12:12:43,513 - INFO -   Batch 197/203 | Batch Energy: 0.6195 | Perplexity: 1222.3407
2026-05-15 12:12:43,528 - INFO -   Batch 198/203 | Batch Energy: 0.6196 | Perplexity: 1224.1209
2026-05-15 12:12:43,542 - INFO -   Batch 199/203 | Batch Energy: 0.6199 | Perplexity: 1221.8215
2026-05-15 12:12:43,556 - INFO -   Batch 200/203 | Batch Energy: 0.6200 | Perplexity: 1191.5050
2026-05-15 12:12:43,570 - INFO -   Batch 201/203 | Batch Energy: 0.6205 | Perplexity: 1210.9393
2026-05-15 12:12:43,584 - INFO -   Batch 202/203 | Batch Energy: 0.6230 | Perplexity: 1251.3068
2026-05-15 12:12:43,598 - INFO -   Batch 203/203 | Batch Energy: 0.6206 | Perplexity: 1198.8471
2026-05-15 12:12:43,753 - INFO - Epoch 5/10 | Train Energy: 0.6214 | Train Perplexity: 1211.6690 | Val Energy: 0.6192 | Val Perplexity: 1205.2392
2026-05-15 12:12:43,764 - INFO - Saved checkpoint to checkpoints/model_epoch_5.pt
2026-05-15 12:12:43,764 - INFO - Epoch 6/10
2026-05-15 12:12:43,779 - INFO -   Batch 1/203 | Batch Energy: 0.5770 | Perplexity: 1207.6064
2026-05-15 12:12:43,792 - INFO -   Batch 2/203 | Batch Energy: 0.5785 | Perplexity: 1229.4488
2026-05-15 12:12:43,807 - INFO -   Batch 3/203 | Batch Energy: 0.5786 | Perplexity: 1199.0832
2026-05-15 12:12:43,821 - INFO -   Batch 4/203 | Batch Energy: 0.5827 | Perplexity: 1216.5985
2026-05-15 12:12:43,835 - INFO -   Batch 5/203 | Batch Energy: 0.5899 | Perplexity: 1184.6219
2026-05-15 12:12:43,850 - INFO -   Batch 6/203 | Batch Energy: 0.6011 | Perplexity: 1224.7170
2026-05-15 12:12:43,864 - INFO -   Batch 7/203 | Batch Energy: 0.6104 | Perplexity: 1220.0353
2026-05-15 12:12:43,879 - INFO -   Batch 8/203 | Batch Energy: 0.6130 | Perplexity: 1216.8752
2026-05-15 12:12:43,894 - INFO -   Batch 9/203 | Batch Energy: 0.6167 | Perplexity: 1213.0476
2026-05-15 12:12:43,910 - INFO -   Batch 10/203 | Batch Energy: 0.6145 | Perplexity: 1191.5096
2026-05-15 12:12:43,925 - INFO -   Batch 11/203 | Batch Energy: 0.6195 | Perplexity: 1192.0654
2026-05-15 12:12:43,939 - INFO -   Batch 12/203 | Batch Energy: 0.6170 | Perplexity: 1229.1962
2026-05-15 12:12:43,954 - INFO -   Batch 13/203 | Batch Energy: 0.6195 | Perplexity: 1260.7144
2026-05-15 12:12:43,968 - INFO -   Batch 14/203 | Batch Energy: 0.6190 | Perplexity: 1212.8862
2026-05-15 12:12:43,983 - INFO -   Batch 15/203 | Batch Energy: 0.6207 | Perplexity: 1204.8427
2026-05-15 12:12:43,997 - INFO -   Batch 16/203 | Batch Energy: 0.6191 | Perplexity: 1216.7447
2026-05-15 12:12:44,011 - INFO -   Batch 17/203 | Batch Energy: 0.6201 | Perplexity: 1236.4308
2026-05-15 12:12:44,025 - INFO -   Batch 18/203 | Batch Energy: 0.6167 | Perplexity: 1210.5750
2026-05-15 12:12:44,039 - INFO -   Batch 19/203 | Batch Energy: 0.6210 | Perplexity: 1240.7150
2026-05-15 12:12:44,053 - INFO -   Batch 20/203 | Batch Energy: 0.6199 | Perplexity: 1198.1167
2026-05-15 12:12:44,067 - INFO -   Batch 21/203 | Batch Energy: 0.6218 | Perplexity: 1197.4702
2026-05-15 12:12:44,081 - INFO -   Batch 22/203 | Batch Energy: 0.6199 | Perplexity: 1208.8664
2026-05-15 12:12:44,095 - INFO -   Batch 23/203 | Batch Energy: 0.6211 | Perplexity: 1198.5762
2026-05-15 12:12:44,109 - INFO -   Batch 24/203 | Batch Energy: 0.6183 | Perplexity: 1203.4268
2026-05-15 12:12:44,123 - INFO -   Batch 25/203 | Batch Energy: 0.6188 | Perplexity: 1208.3431
2026-05-15 12:12:44,137 - INFO -   Batch 26/203 | Batch Energy: 0.6185 | Perplexity: 1204.4435
2026-05-15 12:12:44,151 - INFO -   Batch 27/203 | Batch Energy: 0.6205 | Perplexity: 1199.8365
2026-05-15 12:12:44,165 - INFO -   Batch 28/203 | Batch Energy: 0.6188 | Perplexity: 1209.4487
2026-05-15 12:12:44,179 - INFO -   Batch 29/203 | Batch Energy: 0.6212 | Perplexity: 1207.6058
2026-05-15 12:12:44,193 - INFO -   Batch 30/203 | Batch Energy: 0.6192 | Perplexity: 1205.0737
2026-05-15 12:12:44,208 - INFO -   Batch 31/203 | Batch Energy: 0.6184 | Perplexity: 1216.0063
2026-05-15 12:12:44,222 - INFO -   Batch 32/203 | Batch Energy: 0.6199 | Perplexity: 1234.2384
2026-05-15 12:12:44,236 - INFO -   Batch 33/203 | Batch Energy: 0.6204 | Perplexity: 1229.1422
2026-05-15 12:12:44,250 - INFO -   Batch 34/203 | Batch Energy: 0.6180 | Perplexity: 1195.7219
2026-05-15 12:12:44,264 - INFO -   Batch 35/203 | Batch Energy: 0.6200 | Perplexity: 1231.0444
2026-05-15 12:12:44,279 - INFO -   Batch 36/203 | Batch Energy: 0.6193 | Perplexity: 1214.9034
2026-05-15 12:12:44,293 - INFO -   Batch 37/203 | Batch Energy: 0.6191 | Perplexity: 1215.8614
2026-05-15 12:12:44,307 - INFO -   Batch 38/203 | Batch Energy: 0.6193 | Perplexity: 1216.2389
2026-05-15 12:12:44,321 - INFO -   Batch 39/203 | Batch Energy: 0.6216 | Perplexity: 1203.8584
2026-05-15 12:12:44,335 - INFO -   Batch 40/203 | Batch Energy: 0.6203 | Perplexity: 1226.5907
2026-05-15 12:12:44,349 - INFO -   Batch 41/203 | Batch Energy: 0.6198 | Perplexity: 1217.5265
2026-05-15 12:12:44,364 - INFO -   Batch 42/203 | Batch Energy: 0.6193 | Perplexity: 1233.9747
2026-05-15 12:12:44,378 - INFO -   Batch 43/203 | Batch Energy: 0.6190 | Perplexity: 1203.7889
2026-05-15 12:12:44,391 - INFO -   Batch 44/203 | Batch Energy: 0.6196 | Perplexity: 1208.7753
2026-05-15 12:12:44,405 - INFO -   Batch 45/203 | Batch Energy: 0.6205 | Perplexity: 1219.2496
2026-05-15 12:12:44,419 - INFO -   Batch 46/203 | Batch Energy: 0.6183 | Perplexity: 1189.9034
2026-05-15 12:12:44,433 - INFO -   Batch 47/203 | Batch Energy: 0.6191 | Perplexity: 1191.8681
2026-05-15 12:12:44,447 - INFO -   Batch 48/203 | Batch Energy: 0.6162 | Perplexity: 1219.0467
2026-05-15 12:12:44,461 - INFO -   Batch 49/203 | Batch Energy: 0.6187 | Perplexity: 1197.2487
2026-05-15 12:12:44,476 - INFO -   Batch 50/203 | Batch Energy: 0.6217 | Perplexity: 1244.5879
2026-05-15 12:12:44,490 - INFO -   Batch 51/203 | Batch Energy: 0.6205 | Perplexity: 1262.8943
2026-05-15 12:12:44,503 - INFO -   Batch 52/203 | Batch Energy: 0.6201 | Perplexity: 1191.3420
2026-05-15 12:12:44,517 - INFO -   Batch 53/203 | Batch Energy: 0.6191 | Perplexity: 1232.2384
2026-05-15 12:12:44,531 - INFO -   Batch 54/203 | Batch Energy: 0.6211 | Perplexity: 1200.9005
2026-05-15 12:12:44,545 - INFO -   Batch 55/203 | Batch Energy: 0.6195 | Perplexity: 1228.6945
2026-05-15 12:12:44,559 - INFO -   Batch 56/203 | Batch Energy: 0.6187 | Perplexity: 1223.1640
2026-05-15 12:12:44,573 - INFO -   Batch 57/203 | Batch Energy: 0.6204 | Perplexity: 1206.5772
2026-05-15 12:12:44,587 - INFO -   Batch 58/203 | Batch Energy: 0.6170 | Perplexity: 1178.4482
2026-05-15 12:12:44,601 - INFO -   Batch 59/203 | Batch Energy: 0.6177 | Perplexity: 1230.8455
2026-05-15 12:12:44,616 - INFO -   Batch 60/203 | Batch Energy: 0.6183 | Perplexity: 1200.3830
2026-05-15 12:12:44,630 - INFO -   Batch 61/203 | Batch Energy: 0.6195 | Perplexity: 1218.1740
2026-05-15 12:12:44,644 - INFO -   Batch 62/203 | Batch Energy: 0.6190 | Perplexity: 1227.0060
2026-05-15 12:12:44,658 - INFO -   Batch 63/203 | Batch Energy: 0.6204 | Perplexity: 1223.6131
2026-05-15 12:12:44,671 - INFO -   Batch 64/203 | Batch Energy: 0.6190 | Perplexity: 1229.7842
2026-05-15 12:12:44,685 - INFO -   Batch 65/203 | Batch Energy: 0.6193 | Perplexity: 1196.6408
2026-05-15 12:12:44,699 - INFO -   Batch 66/203 | Batch Energy: 0.6176 | Perplexity: 1208.1985
2026-05-15 12:12:44,713 - INFO -   Batch 67/203 | Batch Energy: 0.6192 | Perplexity: 1188.6138
2026-05-15 12:12:44,726 - INFO -   Batch 68/203 | Batch Energy: 0.6203 | Perplexity: 1198.3299
2026-05-15 12:12:44,741 - INFO -   Batch 69/203 | Batch Energy: 0.6211 | Perplexity: 1207.3795
2026-05-15 12:12:44,754 - INFO -   Batch 70/203 | Batch Energy: 0.6194 | Perplexity: 1202.0205
2026-05-15 12:12:44,768 - INFO -   Batch 71/203 | Batch Energy: 0.6184 | Perplexity: 1221.0090
2026-05-15 12:12:44,782 - INFO -   Batch 72/203 | Batch Energy: 0.6209 | Perplexity: 1233.2071
2026-05-15 12:12:44,796 - INFO -   Batch 73/203 | Batch Energy: 0.6197 | Perplexity: 1197.1979
2026-05-15 12:12:44,810 - INFO -   Batch 74/203 | Batch Energy: 0.6179 | Perplexity: 1226.6100
2026-05-15 12:12:44,824 - INFO -   Batch 75/203 | Batch Energy: 0.6198 | Perplexity: 1222.4689
2026-05-15 12:12:44,838 - INFO -   Batch 76/203 | Batch Energy: 0.6184 | Perplexity: 1202.1816
2026-05-15 12:12:44,852 - INFO -   Batch 77/203 | Batch Energy: 0.6193 | Perplexity: 1210.9295
2026-05-15 12:12:44,865 - INFO -   Batch 78/203 | Batch Energy: 0.6190 | Perplexity: 1226.9598
2026-05-15 12:12:44,879 - INFO -   Batch 79/203 | Batch Energy: 0.6185 | Perplexity: 1229.8686
2026-05-15 12:12:44,893 - INFO -   Batch 80/203 | Batch Energy: 0.6181 | Perplexity: 1256.5164
2026-05-15 12:12:44,908 - INFO -   Batch 81/203 | Batch Energy: 0.6162 | Perplexity: 1208.8428
2026-05-15 12:12:44,922 - INFO -   Batch 82/203 | Batch Energy: 0.6170 | Perplexity: 1231.6962
2026-05-15 12:12:44,937 - INFO -   Batch 83/203 | Batch Energy: 0.6174 | Perplexity: 1221.9741
2026-05-15 12:12:44,950 - INFO -   Batch 84/203 | Batch Energy: 0.6186 | Perplexity: 1213.7291
2026-05-15 12:12:44,964 - INFO -   Batch 85/203 | Batch Energy: 0.6179 | Perplexity: 1209.5889
2026-05-15 12:12:44,978 - INFO -   Batch 86/203 | Batch Energy: 0.6160 | Perplexity: 1223.2923
2026-05-15 12:12:44,992 - INFO -   Batch 87/203 | Batch Energy: 0.6176 | Perplexity: 1256.2120
2026-05-15 12:12:45,006 - INFO -   Batch 88/203 | Batch Energy: 0.6191 | Perplexity: 1210.6795
2026-05-15 12:12:45,020 - INFO -   Batch 89/203 | Batch Energy: 0.6211 | Perplexity: 1194.1533
2026-05-15 12:12:45,034 - INFO -   Batch 90/203 | Batch Energy: 0.6168 | Perplexity: 1217.4214
2026-05-15 12:12:45,048 - INFO -   Batch 91/203 | Batch Energy: 0.6210 | Perplexity: 1189.0140
2026-05-15 12:12:45,062 - INFO -   Batch 92/203 | Batch Energy: 0.6188 | Perplexity: 1230.7797
2026-05-15 12:12:45,076 - INFO -   Batch 93/203 | Batch Energy: 0.6201 | Perplexity: 1224.6632
2026-05-15 12:12:45,091 - INFO -   Batch 94/203 | Batch Energy: 0.6193 | Perplexity: 1242.3419
2026-05-15 12:12:45,105 - INFO -   Batch 95/203 | Batch Energy: 0.6186 | Perplexity: 1207.5350
2026-05-15 12:12:45,119 - INFO -   Batch 96/203 | Batch Energy: 0.6186 | Perplexity: 1215.5727
2026-05-15 12:12:45,133 - INFO -   Batch 97/203 | Batch Energy: 0.6202 | Perplexity: 1199.6345
2026-05-15 12:12:45,148 - INFO -   Batch 98/203 | Batch Energy: 0.6172 | Perplexity: 1188.2613
2026-05-15 12:12:45,162 - INFO -   Batch 99/203 | Batch Energy: 0.6190 | Perplexity: 1228.3741
2026-05-15 12:12:45,177 - INFO -   Batch 100/203 | Batch Energy: 0.6177 | Perplexity: 1209.5399
2026-05-15 12:12:45,191 - INFO -   Batch 101/203 | Batch Energy: 0.6200 | Perplexity: 1197.9488
2026-05-15 12:12:45,205 - INFO -   Batch 102/203 | Batch Energy: 0.6186 | Perplexity: 1218.5969
2026-05-15 12:12:45,220 - INFO -   Batch 103/203 | Batch Energy: 0.6205 | Perplexity: 1197.0940
2026-05-15 12:12:45,234 - INFO -   Batch 104/203 | Batch Energy: 0.6208 | Perplexity: 1221.2728
2026-05-15 12:12:45,248 - INFO -   Batch 105/203 | Batch Energy: 0.6189 | Perplexity: 1222.6951
2026-05-15 12:12:45,262 - INFO -   Batch 106/203 | Batch Energy: 0.6180 | Perplexity: 1225.8212
2026-05-15 12:12:45,276 - INFO -   Batch 107/203 | Batch Energy: 0.6173 | Perplexity: 1233.2559
2026-05-15 12:12:45,290 - INFO -   Batch 108/203 | Batch Energy: 0.6178 | Perplexity: 1215.7999
2026-05-15 12:12:45,304 - INFO -   Batch 109/203 | Batch Energy: 0.6183 | Perplexity: 1214.5420
2026-05-15 12:12:45,318 - INFO -   Batch 110/203 | Batch Energy: 0.6184 | Perplexity: 1191.0739
2026-05-15 12:12:45,331 - INFO -   Batch 111/203 | Batch Energy: 0.6211 | Perplexity: 1220.9717
2026-05-15 12:12:45,345 - INFO -   Batch 112/203 | Batch Energy: 0.6161 | Perplexity: 1221.9380
2026-05-15 12:12:45,359 - INFO -   Batch 113/203 | Batch Energy: 0.6183 | Perplexity: 1198.7351
2026-05-15 12:12:45,374 - INFO -   Batch 114/203 | Batch Energy: 0.6196 | Perplexity: 1227.2342
2026-05-15 12:12:45,388 - INFO -   Batch 115/203 | Batch Energy: 0.6204 | Perplexity: 1202.8485
2026-05-15 12:12:45,402 - INFO -   Batch 116/203 | Batch Energy: 0.6183 | Perplexity: 1234.9395
2026-05-15 12:12:45,416 - INFO -   Batch 117/203 | Batch Energy: 0.6190 | Perplexity: 1176.7440
2026-05-15 12:12:45,430 - INFO -   Batch 118/203 | Batch Energy: 0.6145 | Perplexity: 1205.1725
2026-05-15 12:12:45,444 - INFO -   Batch 119/203 | Batch Energy: 0.6173 | Perplexity: 1193.4839
2026-05-15 12:12:45,457 - INFO -   Batch 120/203 | Batch Energy: 0.6162 | Perplexity: 1223.0905
2026-05-15 12:12:45,471 - INFO -   Batch 121/203 | Batch Energy: 0.6198 | Perplexity: 1228.5592
2026-05-15 12:12:45,485 - INFO -   Batch 122/203 | Batch Energy: 0.6172 | Perplexity: 1237.3320
2026-05-15 12:12:45,499 - INFO -   Batch 123/203 | Batch Energy: 0.6195 | Perplexity: 1225.4513
2026-05-15 12:12:45,513 - INFO -   Batch 124/203 | Batch Energy: 0.6185 | Perplexity: 1184.4406
2026-05-15 12:12:45,527 - INFO -   Batch 125/203 | Batch Energy: 0.6180 | Perplexity: 1215.0338
2026-05-15 12:12:45,541 - INFO -   Batch 126/203 | Batch Energy: 0.6166 | Perplexity: 1202.4121
2026-05-15 12:12:45,555 - INFO -   Batch 127/203 | Batch Energy: 0.6176 | Perplexity: 1241.7028
2026-05-15 12:12:45,569 - INFO -   Batch 128/203 | Batch Energy: 0.6177 | Perplexity: 1210.8458
2026-05-15 12:12:45,582 - INFO -   Batch 129/203 | Batch Energy: 0.6175 | Perplexity: 1190.8081
2026-05-15 12:12:45,596 - INFO -   Batch 130/203 | Batch Energy: 0.6170 | Perplexity: 1201.4017
2026-05-15 12:12:45,610 - INFO -   Batch 131/203 | Batch Energy: 0.6178 | Perplexity: 1209.3472
2026-05-15 12:12:45,624 - INFO -   Batch 132/203 | Batch Energy: 0.6177 | Perplexity: 1212.9406
2026-05-15 12:12:45,639 - INFO -   Batch 133/203 | Batch Energy: 0.6184 | Perplexity: 1222.5989
2026-05-15 12:12:45,654 - INFO -   Batch 134/203 | Batch Energy: 0.6176 | Perplexity: 1222.3838
2026-05-15 12:12:45,668 - INFO -   Batch 135/203 | Batch Energy: 0.6199 | Perplexity: 1255.5090
2026-05-15 12:12:45,683 - INFO -   Batch 136/203 | Batch Energy: 0.6171 | Perplexity: 1201.7632
2026-05-15 12:12:45,698 - INFO -   Batch 137/203 | Batch Energy: 0.6189 | Perplexity: 1230.1390
2026-05-15 12:12:45,713 - INFO -   Batch 138/203 | Batch Energy: 0.6192 | Perplexity: 1192.0222
2026-05-15 12:12:45,728 - INFO -   Batch 139/203 | Batch Energy: 0.6169 | Perplexity: 1226.8118
2026-05-15 12:12:45,743 - INFO -   Batch 140/203 | Batch Energy: 0.6157 | Perplexity: 1225.2666
2026-05-15 12:12:45,757 - INFO -   Batch 141/203 | Batch Energy: 0.6179 | Perplexity: 1203.6839
2026-05-15 12:12:45,772 - INFO -   Batch 142/203 | Batch Energy: 0.6163 | Perplexity: 1247.2387
2026-05-15 12:12:45,787 - INFO -   Batch 143/203 | Batch Energy: 0.6182 | Perplexity: 1217.4522
2026-05-15 12:12:45,801 - INFO -   Batch 144/203 | Batch Energy: 0.6175 | Perplexity: 1182.5574
2026-05-15 12:12:45,816 - INFO -   Batch 145/203 | Batch Energy: 0.6189 | Perplexity: 1204.9254
2026-05-15 12:12:45,830 - INFO -   Batch 146/203 | Batch Energy: 0.6171 | Perplexity: 1237.1928
2026-05-15 12:12:45,844 - INFO -   Batch 147/203 | Batch Energy: 0.6168 | Perplexity: 1223.8856
2026-05-15 12:12:45,858 - INFO -   Batch 148/203 | Batch Energy: 0.6148 | Perplexity: 1211.8635
2026-05-15 12:12:45,872 - INFO -   Batch 149/203 | Batch Energy: 0.6182 | Perplexity: 1212.3340
2026-05-15 12:12:45,887 - INFO -   Batch 150/203 | Batch Energy: 0.6181 | Perplexity: 1179.2447
2026-05-15 12:12:45,902 - INFO -   Batch 151/203 | Batch Energy: 0.6185 | Perplexity: 1204.7370
2026-05-15 12:12:45,917 - INFO -   Batch 152/203 | Batch Energy: 0.6168 | Perplexity: 1195.0072
2026-05-15 12:12:45,931 - INFO -   Batch 153/203 | Batch Energy: 0.6187 | Perplexity: 1208.9425
2026-05-15 12:12:45,945 - INFO -   Batch 154/203 | Batch Energy: 0.6188 | Perplexity: 1201.2281
2026-05-15 12:12:45,959 - INFO -   Batch 155/203 | Batch Energy: 0.6186 | Perplexity: 1209.2746
2026-05-15 12:12:45,973 - INFO -   Batch 156/203 | Batch Energy: 0.6185 | Perplexity: 1215.5200
2026-05-15 12:12:45,987 - INFO -   Batch 157/203 | Batch Energy: 0.6187 | Perplexity: 1233.4418
2026-05-15 12:12:46,001 - INFO -   Batch 158/203 | Batch Energy: 0.6162 | Perplexity: 1192.9348
2026-05-15 12:12:46,015 - INFO -   Batch 159/203 | Batch Energy: 0.6168 | Perplexity: 1175.2966
2026-05-15 12:12:46,029 - INFO -   Batch 160/203 | Batch Energy: 0.6194 | Perplexity: 1232.0222
2026-05-15 12:12:46,043 - INFO -   Batch 161/203 | Batch Energy: 0.6177 | Perplexity: 1194.0855
2026-05-15 12:12:46,056 - INFO -   Batch 162/203 | Batch Energy: 0.6151 | Perplexity: 1187.5589
2026-05-15 12:12:46,070 - INFO -   Batch 163/203 | Batch Energy: 0.6195 | Perplexity: 1189.4013
2026-05-15 12:12:46,084 - INFO -   Batch 164/203 | Batch Energy: 0.6176 | Perplexity: 1206.6532
2026-05-15 12:12:46,098 - INFO -   Batch 165/203 | Batch Energy: 0.6165 | Perplexity: 1209.4816
2026-05-15 12:12:46,113 - INFO -   Batch 166/203 | Batch Energy: 0.6183 | Perplexity: 1200.9870
2026-05-15 12:12:46,126 - INFO -   Batch 167/203 | Batch Energy: 0.6177 | Perplexity: 1242.8728
2026-05-15 12:12:46,140 - INFO -   Batch 168/203 | Batch Energy: 0.6179 | Perplexity: 1211.6688
2026-05-15 12:12:46,154 - INFO -   Batch 169/203 | Batch Energy: 0.6185 | Perplexity: 1205.1874
2026-05-15 12:12:46,168 - INFO -   Batch 170/203 | Batch Energy: 0.6181 | Perplexity: 1202.3421
2026-05-15 12:12:46,182 - INFO -   Batch 171/203 | Batch Energy: 0.6170 | Perplexity: 1215.6666
2026-05-15 12:12:46,196 - INFO -   Batch 172/203 | Batch Energy: 0.6175 | Perplexity: 1180.0041
2026-05-15 12:12:46,210 - INFO -   Batch 173/203 | Batch Energy: 0.6173 | Perplexity: 1220.6324
2026-05-15 12:12:46,223 - INFO -   Batch 174/203 | Batch Energy: 0.6169 | Perplexity: 1249.7588
2026-05-15 12:12:46,237 - INFO -   Batch 175/203 | Batch Energy: 0.6174 | Perplexity: 1211.9132
2026-05-15 12:12:46,251 - INFO -   Batch 176/203 | Batch Energy: 0.6179 | Perplexity: 1203.5461
2026-05-15 12:12:46,265 - INFO -   Batch 177/203 | Batch Energy: 0.6177 | Perplexity: 1216.0817
2026-05-15 12:12:46,279 - INFO -   Batch 178/203 | Batch Energy: 0.6168 | Perplexity: 1210.5040
2026-05-15 12:12:46,294 - INFO -   Batch 179/203 | Batch Energy: 0.6192 | Perplexity: 1219.7747
2026-05-15 12:12:46,308 - INFO -   Batch 180/203 | Batch Energy: 0.6162 | Perplexity: 1217.7128
2026-05-15 12:12:46,322 - INFO -   Batch 181/203 | Batch Energy: 0.6179 | Perplexity: 1213.9693
2026-05-15 12:12:46,336 - INFO -   Batch 182/203 | Batch Energy: 0.6155 | Perplexity: 1197.0363
2026-05-15 12:12:46,350 - INFO -   Batch 183/203 | Batch Energy: 0.6154 | Perplexity: 1235.9799
2026-05-15 12:12:46,365 - INFO -   Batch 184/203 | Batch Energy: 0.6165 | Perplexity: 1230.3385
2026-05-15 12:12:46,379 - INFO -   Batch 185/203 | Batch Energy: 0.6167 | Perplexity: 1234.0636
2026-05-15 12:12:46,393 - INFO -   Batch 186/203 | Batch Energy: 0.6176 | Perplexity: 1232.2043
2026-05-15 12:12:46,407 - INFO -   Batch 187/203 | Batch Energy: 0.6174 | Perplexity: 1224.3719
2026-05-15 12:12:46,422 - INFO -   Batch 188/203 | Batch Energy: 0.6181 | Perplexity: 1201.0385
2026-05-15 12:12:46,436 - INFO -   Batch 189/203 | Batch Energy: 0.6169 | Perplexity: 1230.1789
2026-05-15 12:12:46,450 - INFO -   Batch 190/203 | Batch Energy: 0.6170 | Perplexity: 1229.6487
2026-05-15 12:12:46,464 - INFO -   Batch 191/203 | Batch Energy: 0.6158 | Perplexity: 1215.2713
2026-05-15 12:12:46,478 - INFO -   Batch 192/203 | Batch Energy: 0.6172 | Perplexity: 1211.5677
2026-05-15 12:12:46,492 - INFO -   Batch 193/203 | Batch Energy: 0.6191 | Perplexity: 1231.7344
2026-05-15 12:12:46,505 - INFO -   Batch 194/203 | Batch Energy: 0.6166 | Perplexity: 1233.5735
2026-05-15 12:12:46,520 - INFO -   Batch 195/203 | Batch Energy: 0.6168 | Perplexity: 1202.4046
2026-05-15 12:12:46,534 - INFO -   Batch 196/203 | Batch Energy: 0.6180 | Perplexity: 1200.1283
2026-05-15 12:12:46,548 - INFO -   Batch 197/203 | Batch Energy: 0.6169 | Perplexity: 1228.7110
2026-05-15 12:12:46,561 - INFO -   Batch 198/203 | Batch Energy: 0.6168 | Perplexity: 1211.7399
2026-05-15 12:12:46,575 - INFO -   Batch 199/203 | Batch Energy: 0.6170 | Perplexity: 1200.6348
2026-05-15 12:12:46,589 - INFO -   Batch 200/203 | Batch Energy: 0.6176 | Perplexity: 1218.1048
2026-05-15 12:12:46,603 - INFO -   Batch 201/203 | Batch Energy: 0.6160 | Perplexity: 1229.7989
2026-05-15 12:12:46,617 - INFO -   Batch 202/203 | Batch Energy: 0.6132 | Perplexity: 1216.1617
2026-05-15 12:12:46,631 - INFO -   Batch 203/203 | Batch Energy: 0.6156 | Perplexity: 1205.0955
2026-05-15 12:12:46,786 - INFO - Epoch 6/10 | Train Energy: 0.6173 | Train Perplexity: 1213.9848 | Val Energy: 0.6151 | Val Perplexity: 1210.7506
2026-05-15 12:12:46,786 - INFO - Epoch 7/10
2026-05-15 12:12:46,800 - INFO -   Batch 1/203 | Batch Energy: 0.5719 | Perplexity: 1181.4899
2026-05-15 12:12:46,814 - INFO -   Batch 2/203 | Batch Energy: 0.5741 | Perplexity: 1198.5824
2026-05-15 12:12:46,828 - INFO -   Batch 3/203 | Batch Energy: 0.5760 | Perplexity: 1224.0070
2026-05-15 12:12:46,841 - INFO -   Batch 4/203 | Batch Energy: 0.5793 | Perplexity: 1249.5323
2026-05-15 12:12:46,855 - INFO -   Batch 5/203 | Batch Energy: 0.5903 | Perplexity: 1225.2602
2026-05-15 12:12:46,869 - INFO -   Batch 6/203 | Batch Energy: 0.5968 | Perplexity: 1213.0597
2026-05-15 12:12:46,883 - INFO -   Batch 7/203 | Batch Energy: 0.6045 | Perplexity: 1221.1353
2026-05-15 12:12:46,896 - INFO -   Batch 8/203 | Batch Energy: 0.6063 | Perplexity: 1221.2902
2026-05-15 12:12:46,910 - INFO -   Batch 9/203 | Batch Energy: 0.6107 | Perplexity: 1191.1756
2026-05-15 12:12:46,924 - INFO -   Batch 10/203 | Batch Energy: 0.6128 | Perplexity: 1237.5799
2026-05-15 12:12:46,938 - INFO -   Batch 11/203 | Batch Energy: 0.6155 | Perplexity: 1218.8270
2026-05-15 12:12:46,951 - INFO -   Batch 12/203 | Batch Energy: 0.6147 | Perplexity: 1212.5664
2026-05-15 12:12:46,965 - INFO -   Batch 13/203 | Batch Energy: 0.6152 | Perplexity: 1206.6992
2026-05-15 12:12:46,979 - INFO -   Batch 14/203 | Batch Energy: 0.6160 | Perplexity: 1208.9892
2026-05-15 12:12:46,993 - INFO -   Batch 15/203 | Batch Energy: 0.6146 | Perplexity: 1198.4424
2026-05-15 12:12:47,008 - INFO -   Batch 16/203 | Batch Energy: 0.6165 | Perplexity: 1252.5150
2026-05-15 12:12:47,022 - INFO -   Batch 17/203 | Batch Energy: 0.6181 | Perplexity: 1197.2641
2026-05-15 12:12:47,036 - INFO -   Batch 18/203 | Batch Energy: 0.6161 | Perplexity: 1188.5696
2026-05-15 12:12:47,050 - INFO -   Batch 19/203 | Batch Energy: 0.6155 | Perplexity: 1228.8762
2026-05-15 12:12:47,064 - INFO -   Batch 20/203 | Batch Energy: 0.6168 | Perplexity: 1222.1513
2026-05-15 12:12:47,078 - INFO -   Batch 21/203 | Batch Energy: 0.6184 | Perplexity: 1232.9819
2026-05-15 12:12:47,092 - INFO -   Batch 22/203 | Batch Energy: 0.6148 | Perplexity: 1184.3350
2026-05-15 12:12:47,106 - INFO -   Batch 23/203 | Batch Energy: 0.6172 | Perplexity: 1191.9687
2026-05-15 12:12:47,120 - INFO -   Batch 24/203 | Batch Energy: 0.6166 | Perplexity: 1230.2299
2026-05-15 12:12:47,135 - INFO -   Batch 25/203 | Batch Energy: 0.6170 | Perplexity: 1209.0226
2026-05-15 12:12:47,148 - INFO -   Batch 26/203 | Batch Energy: 0.6168 | Perplexity: 1241.4346
2026-05-15 12:12:47,162 - INFO -   Batch 27/203 | Batch Energy: 0.6167 | Perplexity: 1202.5520
2026-05-15 12:12:47,176 - INFO -   Batch 28/203 | Batch Energy: 0.6155 | Perplexity: 1221.9374
2026-05-15 12:12:47,190 - INFO -   Batch 29/203 | Batch Energy: 0.6176 | Perplexity: 1187.1632
2026-05-15 12:12:47,204 - INFO -   Batch 30/203 | Batch Energy: 0.6167 | Perplexity: 1194.0110
2026-05-15 12:12:47,218 - INFO -   Batch 31/203 | Batch Energy: 0.6171 | Perplexity: 1253.8189
2026-05-15 12:12:47,232 - INFO -   Batch 32/203 | Batch Energy: 0.6158 | Perplexity: 1219.5392
2026-05-15 12:12:47,246 - INFO -   Batch 33/203 | Batch Energy: 0.6163 | Perplexity: 1211.8658
2026-05-15 12:12:47,260 - INFO -   Batch 34/203 | Batch Energy: 0.6149 | Perplexity: 1239.6878
2026-05-15 12:12:47,274 - INFO -   Batch 35/203 | Batch Energy: 0.6176 | Perplexity: 1195.9529
2026-05-15 12:12:47,288 - INFO -   Batch 36/203 | Batch Energy: 0.6151 | Perplexity: 1218.3349
2026-05-15 12:12:47,302 - INFO -   Batch 37/203 | Batch Energy: 0.6168 | Perplexity: 1240.5358
2026-05-15 12:12:47,316 - INFO -   Batch 38/203 | Batch Energy: 0.6171 | Perplexity: 1238.7890
2026-05-15 12:12:47,329 - INFO -   Batch 39/203 | Batch Energy: 0.6164 | Perplexity: 1224.8063
2026-05-15 12:12:47,343 - INFO -   Batch 40/203 | Batch Energy: 0.6154 | Perplexity: 1232.7039
2026-05-15 12:12:47,357 - INFO -   Batch 41/203 | Batch Energy: 0.6149 | Perplexity: 1227.1441
2026-05-15 12:12:47,371 - INFO -   Batch 42/203 | Batch Energy: 0.6172 | Perplexity: 1207.5995
2026-05-15 12:12:47,385 - INFO -   Batch 43/203 | Batch Energy: 0.6166 | Perplexity: 1225.3420
2026-05-15 12:12:47,398 - INFO -   Batch 44/203 | Batch Energy: 0.6150 | Perplexity: 1206.0342
2026-05-15 12:12:47,412 - INFO -   Batch 45/203 | Batch Energy: 0.6151 | Perplexity: 1217.4992
2026-05-15 12:12:47,426 - INFO -   Batch 46/203 | Batch Energy: 0.6179 | Perplexity: 1204.3579
2026-05-15 12:12:47,440 - INFO -   Batch 47/203 | Batch Energy: 0.6167 | Perplexity: 1207.7383
2026-05-15 12:12:47,455 - INFO -   Batch 48/203 | Batch Energy: 0.6182 | Perplexity: 1191.5357
2026-05-15 12:12:47,469 - INFO -   Batch 49/203 | Batch Energy: 0.6159 | Perplexity: 1221.6985
2026-05-15 12:12:47,483 - INFO -   Batch 50/203 | Batch Energy: 0.6153 | Perplexity: 1202.1426
2026-05-15 12:12:47,498 - INFO -   Batch 51/203 | Batch Energy: 0.6168 | Perplexity: 1232.3377
2026-05-15 12:12:47,512 - INFO -   Batch 52/203 | Batch Energy: 0.6175 | Perplexity: 1203.2116
2026-05-15 12:12:47,527 - INFO -   Batch 53/203 | Batch Energy: 0.6165 | Perplexity: 1197.9728
2026-05-15 12:12:47,541 - INFO -   Batch 54/203 | Batch Energy: 0.6160 | Perplexity: 1227.9243
2026-05-15 12:12:47,555 - INFO -   Batch 55/203 | Batch Energy: 0.6172 | Perplexity: 1212.5358
2026-05-15 12:12:47,569 - INFO -   Batch 56/203 | Batch Energy: 0.6135 | Perplexity: 1224.3444
2026-05-15 12:12:47,583 - INFO -   Batch 57/203 | Batch Energy: 0.6170 | Perplexity: 1212.0583
2026-05-15 12:12:47,597 - INFO -   Batch 58/203 | Batch Energy: 0.6146 | Perplexity: 1217.5816
2026-05-15 12:12:47,611 - INFO -   Batch 59/203 | Batch Energy: 0.6163 | Perplexity: 1207.6928
2026-05-15 12:12:47,625 - INFO -   Batch 60/203 | Batch Energy: 0.6140 | Perplexity: 1198.2179
2026-05-15 12:12:47,639 - INFO -   Batch 61/203 | Batch Energy: 0.6160 | Perplexity: 1232.8085
2026-05-15 12:12:47,653 - INFO -   Batch 62/203 | Batch Energy: 0.6147 | Perplexity: 1212.9961
2026-05-15 12:12:47,667 - INFO -   Batch 63/203 | Batch Energy: 0.6154 | Perplexity: 1191.9784
2026-05-15 12:12:47,681 - INFO -   Batch 64/203 | Batch Energy: 0.6176 | Perplexity: 1201.8085
2026-05-15 12:12:47,695 - INFO -   Batch 65/203 | Batch Energy: 0.6174 | Perplexity: 1231.4225
2026-05-15 12:12:47,709 - INFO -   Batch 66/203 | Batch Energy: 0.6175 | Perplexity: 1176.7765
2026-05-15 12:12:47,723 - INFO -   Batch 67/203 | Batch Energy: 0.6169 | Perplexity: 1212.3455
2026-05-15 12:12:47,736 - INFO -   Batch 68/203 | Batch Energy: 0.6174 | Perplexity: 1198.2384
2026-05-15 12:12:47,750 - INFO -   Batch 69/203 | Batch Energy: 0.6135 | Perplexity: 1219.6543
2026-05-15 12:12:47,764 - INFO -   Batch 70/203 | Batch Energy: 0.6157 | Perplexity: 1233.4118
2026-05-15 12:12:47,778 - INFO -   Batch 71/203 | Batch Energy: 0.6117 | Perplexity: 1205.9612
2026-05-15 12:12:47,792 - INFO -   Batch 72/203 | Batch Energy: 0.6150 | Perplexity: 1240.0691
2026-05-15 12:12:47,806 - INFO -   Batch 73/203 | Batch Energy: 0.6188 | Perplexity: 1209.6719
2026-05-15 12:12:47,819 - INFO -   Batch 74/203 | Batch Energy: 0.6144 | Perplexity: 1207.9951
2026-05-15 12:12:47,833 - INFO -   Batch 75/203 | Batch Energy: 0.6155 | Perplexity: 1221.3467
2026-05-15 12:12:47,847 - INFO -   Batch 76/203 | Batch Energy: 0.6157 | Perplexity: 1197.9191
2026-05-15 12:12:47,861 - INFO -   Batch 77/203 | Batch Energy: 0.6149 | Perplexity: 1207.7492
2026-05-15 12:12:47,875 - INFO -   Batch 78/203 | Batch Energy: 0.6160 | Perplexity: 1185.1366
2026-05-15 12:12:47,890 - INFO -   Batch 79/203 | Batch Energy: 0.6155 | Perplexity: 1207.1890
2026-05-15 12:12:47,906 - INFO -   Batch 80/203 | Batch Energy: 0.6146 | Perplexity: 1235.7913
2026-05-15 12:12:47,920 - INFO -   Batch 81/203 | Batch Energy: 0.6159 | Perplexity: 1191.8988
2026-05-15 12:12:47,935 - INFO -   Batch 82/203 | Batch Energy: 0.6151 | Perplexity: 1234.7093
2026-05-15 12:12:47,949 - INFO -   Batch 83/203 | Batch Energy: 0.6140 | Perplexity: 1239.3160
2026-05-15 12:12:47,964 - INFO -   Batch 84/203 | Batch Energy: 0.6134 | Perplexity: 1229.9842
2026-05-15 12:12:47,978 - INFO -   Batch 85/203 | Batch Energy: 0.6141 | Perplexity: 1215.4348
2026-05-15 12:12:47,992 - INFO -   Batch 86/203 | Batch Energy: 0.6172 | Perplexity: 1211.4077
2026-05-15 12:12:48,006 - INFO -   Batch 87/203 | Batch Energy: 0.6142 | Perplexity: 1230.2223
2026-05-15 12:12:48,019 - INFO -   Batch 88/203 | Batch Energy: 0.6147 | Perplexity: 1235.2646
2026-05-15 12:12:48,033 - INFO -   Batch 89/203 | Batch Energy: 0.6130 | Perplexity: 1206.6141
2026-05-15 12:12:48,047 - INFO -   Batch 90/203 | Batch Energy: 0.6167 | Perplexity: 1204.4153
2026-05-15 12:12:48,062 - INFO -   Batch 91/203 | Batch Energy: 0.6138 | Perplexity: 1216.2435
2026-05-15 12:12:48,076 - INFO -   Batch 92/203 | Batch Energy: 0.6159 | Perplexity: 1195.4557
2026-05-15 12:12:48,089 - INFO -   Batch 93/203 | Batch Energy: 0.6161 | Perplexity: 1198.6899
2026-05-15 12:12:48,103 - INFO -   Batch 94/203 | Batch Energy: 0.6132 | Perplexity: 1210.2662
2026-05-15 12:12:48,117 - INFO -   Batch 95/203 | Batch Energy: 0.6162 | Perplexity: 1247.9681
2026-05-15 12:12:48,131 - INFO -   Batch 96/203 | Batch Energy: 0.6157 | Perplexity: 1232.6133
2026-05-15 12:12:48,144 - INFO -   Batch 97/203 | Batch Energy: 0.6162 | Perplexity: 1215.9721
2026-05-15 12:12:48,158 - INFO -   Batch 98/203 | Batch Energy: 0.6138 | Perplexity: 1226.2661
2026-05-15 12:12:48,172 - INFO -   Batch 99/203 | Batch Energy: 0.6174 | Perplexity: 1196.4925
2026-05-15 12:12:48,186 - INFO -   Batch 100/203 | Batch Energy: 0.6160 | Perplexity: 1215.4035
2026-05-15 12:12:48,200 - INFO -   Batch 101/203 | Batch Energy: 0.6145 | Perplexity: 1210.0285
2026-05-15 12:12:48,214 - INFO -   Batch 102/203 | Batch Energy: 0.6164 | Perplexity: 1249.7373
2026-05-15 12:12:48,228 - INFO -   Batch 103/203 | Batch Energy: 0.6171 | Perplexity: 1197.5987
2026-05-15 12:12:48,243 - INFO -   Batch 104/203 | Batch Energy: 0.6136 | Perplexity: 1213.7569
2026-05-15 12:12:48,257 - INFO -   Batch 105/203 | Batch Energy: 0.6144 | Perplexity: 1221.4510
2026-05-15 12:12:48,271 - INFO -   Batch 106/203 | Batch Energy: 0.6158 | Perplexity: 1203.7074
2026-05-15 12:12:48,286 - INFO -   Batch 107/203 | Batch Energy: 0.6149 | Perplexity: 1212.0265
2026-05-15 12:12:48,300 - INFO -   Batch 108/203 | Batch Energy: 0.6117 | Perplexity: 1217.7697
2026-05-15 12:12:48,314 - INFO -   Batch 109/203 | Batch Energy: 0.6139 | Perplexity: 1216.9153
2026-05-15 12:12:48,328 - INFO -   Batch 110/203 | Batch Energy: 0.6148 | Perplexity: 1229.6458
2026-05-15 12:12:48,342 - INFO -   Batch 111/203 | Batch Energy: 0.6166 | Perplexity: 1202.2206
2026-05-15 12:12:48,356 - INFO -   Batch 112/203 | Batch Energy: 0.6156 | Perplexity: 1200.6394
2026-05-15 12:12:48,371 - INFO -   Batch 113/203 | Batch Energy: 0.6148 | Perplexity: 1190.3999
2026-05-15 12:12:48,386 - INFO -   Batch 114/203 | Batch Energy: 0.6152 | Perplexity: 1217.8174
2026-05-15 12:12:48,402 - INFO -   Batch 115/203 | Batch Energy: 0.6125 | Perplexity: 1208.4376
2026-05-15 12:12:48,416 - INFO -   Batch 116/203 | Batch Energy: 0.6144 | Perplexity: 1236.8560
2026-05-15 12:12:48,432 - INFO -   Batch 117/203 | Batch Energy: 0.6139 | Perplexity: 1185.4091
2026-05-15 12:12:48,447 - INFO -   Batch 118/203 | Batch Energy: 0.6160 | Perplexity: 1166.1888
2026-05-15 12:12:48,462 - INFO -   Batch 119/203 | Batch Energy: 0.6145 | Perplexity: 1227.3712
2026-05-15 12:12:48,477 - INFO -   Batch 120/203 | Batch Energy: 0.6138 | Perplexity: 1190.2035
2026-05-15 12:12:48,492 - INFO -   Batch 121/203 | Batch Energy: 0.6167 | Perplexity: 1220.7133
2026-05-15 12:12:48,507 - INFO -   Batch 122/203 | Batch Energy: 0.6136 | Perplexity: 1203.7585
2026-05-15 12:12:48,522 - INFO -   Batch 123/203 | Batch Energy: 0.6159 | Perplexity: 1219.5206
2026-05-15 12:12:48,537 - INFO -   Batch 124/203 | Batch Energy: 0.6152 | Perplexity: 1205.0673
2026-05-15 12:12:48,552 - INFO -   Batch 125/203 | Batch Energy: 0.6161 | Perplexity: 1216.1826
2026-05-15 12:12:48,566 - INFO -   Batch 126/203 | Batch Energy: 0.6135 | Perplexity: 1196.9353
2026-05-15 12:12:48,581 - INFO -   Batch 127/203 | Batch Energy: 0.6144 | Perplexity: 1206.3897
2026-05-15 12:12:48,596 - INFO -   Batch 128/203 | Batch Energy: 0.6134 | Perplexity: 1216.0556
2026-05-15 12:12:48,611 - INFO -   Batch 129/203 | Batch Energy: 0.6162 | Perplexity: 1225.4016
2026-05-15 12:12:48,625 - INFO -   Batch 130/203 | Batch Energy: 0.6156 | Perplexity: 1179.5777
2026-05-15 12:12:48,640 - INFO -   Batch 131/203 | Batch Energy: 0.6155 | Perplexity: 1199.1358
2026-05-15 12:12:48,654 - INFO -   Batch 132/203 | Batch Energy: 0.6145 | Perplexity: 1200.7929
2026-05-15 12:12:48,668 - INFO -   Batch 133/203 | Batch Energy: 0.6134 | Perplexity: 1200.4064
2026-05-15 12:12:48,683 - INFO -   Batch 134/203 | Batch Energy: 0.6137 | Perplexity: 1208.6405
2026-05-15 12:12:48,697 - INFO -   Batch 135/203 | Batch Energy: 0.6134 | Perplexity: 1228.0596
2026-05-15 12:12:48,712 - INFO -   Batch 136/203 | Batch Energy: 0.6155 | Perplexity: 1193.0321
2026-05-15 12:12:48,727 - INFO -   Batch 137/203 | Batch Energy: 0.6139 | Perplexity: 1254.8518
2026-05-15 12:12:48,741 - INFO -   Batch 138/203 | Batch Energy: 0.6145 | Perplexity: 1215.2371
2026-05-15 12:12:48,755 - INFO -   Batch 139/203 | Batch Energy: 0.6168 | Perplexity: 1184.6287
2026-05-15 12:12:48,771 - INFO -   Batch 140/203 | Batch Energy: 0.6134 | Perplexity: 1232.9672
2026-05-15 12:12:48,785 - INFO -   Batch 141/203 | Batch Energy: 0.6152 | Perplexity: 1178.6398
2026-05-15 12:12:48,800 - INFO -   Batch 142/203 | Batch Energy: 0.6157 | Perplexity: 1195.1126
2026-05-15 12:12:48,815 - INFO -   Batch 143/203 | Batch Energy: 0.6152 | Perplexity: 1222.8053
2026-05-15 12:12:48,829 - INFO -   Batch 144/203 | Batch Energy: 0.6148 | Perplexity: 1213.4635
2026-05-15 12:12:48,844 - INFO -   Batch 145/203 | Batch Energy: 0.6124 | Perplexity: 1227.9770
2026-05-15 12:12:48,858 - INFO -   Batch 146/203 | Batch Energy: 0.6152 | Perplexity: 1233.4359
2026-05-15 12:12:48,876 - INFO -   Batch 147/203 | Batch Energy: 0.6141 | Perplexity: 1198.5093
2026-05-15 12:12:48,892 - INFO -   Batch 148/203 | Batch Energy: 0.6141 | Perplexity: 1220.9013
2026-05-15 12:12:48,908 - INFO -   Batch 149/203 | Batch Energy: 0.6134 | Perplexity: 1204.0128
2026-05-15 12:12:48,924 - INFO -   Batch 150/203 | Batch Energy: 0.6151 | Perplexity: 1234.9036
2026-05-15 12:12:48,939 - INFO -   Batch 151/203 | Batch Energy: 0.6157 | Perplexity: 1218.4557
2026-05-15 12:12:48,954 - INFO -   Batch 152/203 | Batch Energy: 0.6138 | Perplexity: 1230.2757
2026-05-15 12:12:48,968 - INFO -   Batch 153/203 | Batch Energy: 0.6149 | Perplexity: 1269.9312
2026-05-15 12:12:48,982 - INFO -   Batch 154/203 | Batch Energy: 0.6140 | Perplexity: 1212.3901
2026-05-15 12:12:48,997 - INFO -   Batch 155/203 | Batch Energy: 0.6127 | Perplexity: 1213.4300
2026-05-15 12:12:49,011 - INFO -   Batch 156/203 | Batch Energy: 0.6132 | Perplexity: 1225.5933
2026-05-15 12:12:49,025 - INFO -   Batch 157/203 | Batch Energy: 0.6141 | Perplexity: 1198.3973
2026-05-15 12:12:49,039 - INFO -   Batch 158/203 | Batch Energy: 0.6139 | Perplexity: 1178.3212
2026-05-15 12:12:49,053 - INFO -   Batch 159/203 | Batch Energy: 0.6161 | Perplexity: 1220.5683
2026-05-15 12:12:49,067 - INFO -   Batch 160/203 | Batch Energy: 0.6143 | Perplexity: 1213.1956
2026-05-15 12:12:49,081 - INFO -   Batch 161/203 | Batch Energy: 0.6144 | Perplexity: 1213.3490
2026-05-15 12:12:49,096 - INFO -   Batch 162/203 | Batch Energy: 0.6135 | Perplexity: 1202.6764
2026-05-15 12:12:49,110 - INFO -   Batch 163/203 | Batch Energy: 0.6138 | Perplexity: 1204.3855
2026-05-15 12:12:49,125 - INFO -   Batch 164/203 | Batch Energy: 0.6148 | Perplexity: 1229.5022
2026-05-15 12:12:49,139 - INFO -   Batch 165/203 | Batch Energy: 0.6141 | Perplexity: 1220.8052
2026-05-15 12:12:49,154 - INFO -   Batch 166/203 | Batch Energy: 0.6153 | Perplexity: 1223.9218
2026-05-15 12:12:49,168 - INFO -   Batch 167/203 | Batch Energy: 0.6136 | Perplexity: 1191.5584
2026-05-15 12:12:49,183 - INFO -   Batch 168/203 | Batch Energy: 0.6132 | Perplexity: 1228.8610
2026-05-15 12:12:49,197 - INFO -   Batch 169/203 | Batch Energy: 0.6131 | Perplexity: 1231.6492
2026-05-15 12:12:49,211 - INFO -   Batch 170/203 | Batch Energy: 0.6137 | Perplexity: 1234.5186
2026-05-15 12:12:49,225 - INFO -   Batch 171/203 | Batch Energy: 0.6137 | Perplexity: 1221.6170
2026-05-15 12:12:49,240 - INFO -   Batch 172/203 | Batch Energy: 0.6130 | Perplexity: 1229.8499
2026-05-15 12:12:49,254 - INFO -   Batch 173/203 | Batch Energy: 0.6148 | Perplexity: 1198.5099
2026-05-15 12:12:49,268 - INFO -   Batch 174/203 | Batch Energy: 0.6146 | Perplexity: 1199.6277
2026-05-15 12:12:49,282 - INFO -   Batch 175/203 | Batch Energy: 0.6145 | Perplexity: 1193.9614
2026-05-15 12:12:49,296 - INFO -   Batch 176/203 | Batch Energy: 0.6156 | Perplexity: 1238.6939
2026-05-15 12:12:49,310 - INFO -   Batch 177/203 | Batch Energy: 0.6142 | Perplexity: 1231.3080
2026-05-15 12:12:49,324 - INFO -   Batch 178/203 | Batch Energy: 0.6171 | Perplexity: 1202.0601
2026-05-15 12:12:49,338 - INFO -   Batch 179/203 | Batch Energy: 0.6149 | Perplexity: 1222.5674
2026-05-15 12:12:49,352 - INFO -   Batch 180/203 | Batch Energy: 0.6156 | Perplexity: 1217.1909
2026-05-15 12:12:49,366 - INFO -   Batch 181/203 | Batch Energy: 0.6140 | Perplexity: 1187.3036
2026-05-15 12:12:49,380 - INFO -   Batch 182/203 | Batch Energy: 0.6171 | Perplexity: 1199.1587
2026-05-15 12:12:49,395 - INFO -   Batch 183/203 | Batch Energy: 0.6136 | Perplexity: 1208.3356
2026-05-15 12:12:49,409 - INFO -   Batch 184/203 | Batch Energy: 0.6128 | Perplexity: 1190.5447
2026-05-15 12:12:49,423 - INFO -   Batch 185/203 | Batch Energy: 0.6156 | Perplexity: 1202.8450
2026-05-15 12:12:49,437 - INFO -   Batch 186/203 | Batch Energy: 0.6147 | Perplexity: 1233.5976
2026-05-15 12:12:49,451 - INFO -   Batch 187/203 | Batch Energy: 0.6127 | Perplexity: 1243.3345
2026-05-15 12:12:49,466 - INFO -   Batch 188/203 | Batch Energy: 0.6131 | Perplexity: 1227.8084
2026-05-15 12:12:49,480 - INFO -   Batch 189/203 | Batch Energy: 0.6143 | Perplexity: 1232.1562
2026-05-15 12:12:49,495 - INFO -   Batch 190/203 | Batch Energy: 0.6123 | Perplexity: 1225.2590
2026-05-15 12:12:49,510 - INFO -   Batch 191/203 | Batch Energy: 0.6150 | Perplexity: 1234.2160
2026-05-15 12:12:49,525 - INFO -   Batch 192/203 | Batch Energy: 0.6142 | Perplexity: 1210.5456
2026-05-15 12:12:49,540 - INFO -   Batch 193/203 | Batch Energy: 0.6128 | Perplexity: 1176.6447
2026-05-15 12:12:49,558 - INFO -   Batch 194/203 | Batch Energy: 0.6144 | Perplexity: 1231.2452
2026-05-15 12:12:49,572 - INFO -   Batch 195/203 | Batch Energy: 0.6140 | Perplexity: 1237.3462
2026-05-15 12:12:49,587 - INFO -   Batch 196/203 | Batch Energy: 0.6152 | Perplexity: 1235.3954
2026-05-15 12:12:49,601 - INFO -   Batch 197/203 | Batch Energy: 0.6132 | Perplexity: 1178.6084
2026-05-15 12:12:49,614 - INFO -   Batch 198/203 | Batch Energy: 0.6132 | Perplexity: 1183.3065
2026-05-15 12:12:49,628 - INFO -   Batch 199/203 | Batch Energy: 0.6154 | Perplexity: 1203.7826
2026-05-15 12:12:49,642 - INFO -   Batch 200/203 | Batch Energy: 0.6140 | Perplexity: 1199.2954
2026-05-15 12:12:49,656 - INFO -   Batch 201/203 | Batch Energy: 0.6146 | Perplexity: 1199.3994
2026-05-15 12:12:49,669 - INFO -   Batch 202/203 | Batch Energy: 0.6140 | Perplexity: 1233.9812
2026-05-15 12:12:49,684 - INFO -   Batch 203/203 | Batch Energy: 0.6148 | Perplexity: 1201.2092
2026-05-15 12:12:49,841 - INFO - Epoch 7/10 | Train Energy: 0.6140 | Train Perplexity: 1213.7960 | Val Energy: 0.6122 | Val Perplexity: 1217.0684
2026-05-15 12:12:49,841 - INFO - Epoch 8/10
2026-05-15 12:12:49,855 - INFO -   Batch 1/203 | Batch Energy: 0.5695 | Perplexity: 1212.1883
2026-05-15 12:12:49,868 - INFO -   Batch 2/203 | Batch Energy: 0.5703 | Perplexity: 1211.9594
2026-05-15 12:12:49,882 - INFO -   Batch 3/203 | Batch Energy: 0.5722 | Perplexity: 1215.2255
2026-05-15 12:12:49,896 - INFO -   Batch 4/203 | Batch Energy: 0.5756 | Perplexity: 1210.2402
2026-05-15 12:12:49,910 - INFO -   Batch 5/203 | Batch Energy: 0.5848 | Perplexity: 1195.2653
2026-05-15 12:12:49,924 - INFO -   Batch 6/203 | Batch Energy: 0.5950 | Perplexity: 1221.5116
2026-05-15 12:12:49,937 - INFO -   Batch 7/203 | Batch Energy: 0.6025 | Perplexity: 1205.0955
2026-05-15 12:12:49,951 - INFO -   Batch 8/203 | Batch Energy: 0.6053 | Perplexity: 1224.3923
2026-05-15 12:12:49,966 - INFO -   Batch 9/203 | Batch Energy: 0.6087 | Perplexity: 1209.3974
2026-05-15 12:12:49,980 - INFO -   Batch 10/203 | Batch Energy: 0.6110 | Perplexity: 1208.5684
2026-05-15 12:12:49,994 - INFO -   Batch 11/203 | Batch Energy: 0.6108 | Perplexity: 1225.3034
2026-05-15 12:12:50,009 - INFO -   Batch 12/203 | Batch Energy: 0.6134 | Perplexity: 1241.5749
2026-05-15 12:12:50,024 - INFO -   Batch 13/203 | Batch Energy: 0.6147 | Perplexity: 1196.8965
2026-05-15 12:12:50,039 - INFO -   Batch 14/203 | Batch Energy: 0.6128 | Perplexity: 1187.7872
2026-05-15 12:12:50,054 - INFO -   Batch 15/203 | Batch Energy: 0.6129 | Perplexity: 1199.4120
2026-05-15 12:12:50,068 - INFO -   Batch 16/203 | Batch Energy: 0.6114 | Perplexity: 1222.0289
2026-05-15 12:12:50,082 - INFO -   Batch 17/203 | Batch Energy: 0.6138 | Perplexity: 1219.3485
2026-05-15 12:12:50,097 - INFO -   Batch 18/203 | Batch Energy: 0.6122 | Perplexity: 1216.1252
2026-05-15 12:12:50,113 - INFO -   Batch 19/203 | Batch Energy: 0.6144 | Perplexity: 1218.7741
2026-05-15 12:12:50,128 - INFO -   Batch 20/203 | Batch Energy: 0.6112 | Perplexity: 1196.1896
2026-05-15 12:12:50,143 - INFO -   Batch 21/203 | Batch Energy: 0.6127 | Perplexity: 1218.4005
2026-05-15 12:12:50,158 - INFO -   Batch 22/203 | Batch Energy: 0.6116 | Perplexity: 1237.2306
2026-05-15 12:12:50,173 - INFO -   Batch 23/203 | Batch Energy: 0.6132 | Perplexity: 1228.5826
2026-05-15 12:12:50,187 - INFO -   Batch 24/203 | Batch Energy: 0.6123 | Perplexity: 1234.8995
2026-05-15 12:12:50,202 - INFO -   Batch 25/203 | Batch Energy: 0.6130 | Perplexity: 1208.9926
2026-05-15 12:12:50,217 - INFO -   Batch 26/203 | Batch Energy: 0.6104 | Perplexity: 1221.6688
2026-05-15 12:12:50,232 - INFO -   Batch 27/203 | Batch Energy: 0.6141 | Perplexity: 1228.8445
2026-05-15 12:12:50,247 - INFO -   Batch 28/203 | Batch Energy: 0.6144 | Perplexity: 1221.1051
2026-05-15 12:12:50,262 - INFO -   Batch 29/203 | Batch Energy: 0.6149 | Perplexity: 1218.7834
2026-05-15 12:12:50,276 - INFO -   Batch 30/203 | Batch Energy: 0.6132 | Perplexity: 1200.5295
2026-05-15 12:12:50,290 - INFO -   Batch 31/203 | Batch Energy: 0.6151 | Perplexity: 1196.8925
2026-05-15 12:12:50,304 - INFO -   Batch 32/203 | Batch Energy: 0.6138 | Perplexity: 1217.9689
2026-05-15 12:12:50,318 - INFO -   Batch 33/203 | Batch Energy: 0.6142 | Perplexity: 1198.8568
2026-05-15 12:12:50,332 - INFO -   Batch 34/203 | Batch Energy: 0.6157 | Perplexity: 1201.9506
2026-05-15 12:12:50,347 - INFO -   Batch 35/203 | Batch Energy: 0.6124 | Perplexity: 1216.6873
2026-05-15 12:12:50,361 - INFO -   Batch 36/203 | Batch Energy: 0.6137 | Perplexity: 1216.5190
2026-05-15 12:12:50,375 - INFO -   Batch 37/203 | Batch Energy: 0.6148 | Perplexity: 1196.0892
2026-05-15 12:12:50,389 - INFO -   Batch 38/203 | Batch Energy: 0.6111 | Perplexity: 1217.1074
2026-05-15 12:12:50,402 - INFO -   Batch 39/203 | Batch Energy: 0.6138 | Perplexity: 1190.9563
2026-05-15 12:12:50,416 - INFO -   Batch 40/203 | Batch Energy: 0.6126 | Perplexity: 1214.0741
2026-05-15 12:12:50,430 - INFO -   Batch 41/203 | Batch Energy: 0.6130 | Perplexity: 1202.6036
2026-05-15 12:12:50,444 - INFO -   Batch 42/203 | Batch Energy: 0.6127 | Perplexity: 1226.9896
2026-05-15 12:12:50,457 - INFO -   Batch 43/203 | Batch Energy: 0.6144 | Perplexity: 1191.9903
2026-05-15 12:12:50,471 - INFO -   Batch 44/203 | Batch Energy: 0.6127 | Perplexity: 1194.6932
2026-05-15 12:12:50,485 - INFO -   Batch 45/203 | Batch Energy: 0.6114 | Perplexity: 1192.4707
2026-05-15 12:12:50,499 - INFO -   Batch 46/203 | Batch Energy: 0.6137 | Perplexity: 1205.4518
2026-05-15 12:12:50,513 - INFO -   Batch 47/203 | Batch Energy: 0.6154 | Perplexity: 1233.9136
2026-05-15 12:12:50,527 - INFO -   Batch 48/203 | Batch Energy: 0.6116 | Perplexity: 1198.8848
2026-05-15 12:12:50,540 - INFO -   Batch 49/203 | Batch Energy: 0.6146 | Perplexity: 1193.0486
2026-05-15 12:12:50,554 - INFO -   Batch 50/203 | Batch Energy: 0.6135 | Perplexity: 1212.0982
2026-05-15 12:12:50,568 - INFO -   Batch 51/203 | Batch Energy: 0.6119 | Perplexity: 1220.0371
2026-05-15 12:12:50,582 - INFO -   Batch 52/203 | Batch Energy: 0.6117 | Perplexity: 1211.0883
2026-05-15 12:12:50,596 - INFO -   Batch 53/203 | Batch Energy: 0.6141 | Perplexity: 1212.9267
2026-05-15 12:12:50,610 - INFO -   Batch 54/203 | Batch Energy: 0.6127 | Perplexity: 1181.5677
2026-05-15 12:12:50,624 - INFO -   Batch 55/203 | Batch Energy: 0.6143 | Perplexity: 1214.3995
2026-05-15 12:12:50,637 - INFO -   Batch 56/203 | Batch Energy: 0.6124 | Perplexity: 1211.1945
2026-05-15 12:12:50,651 - INFO -   Batch 57/203 | Batch Energy: 0.6153 | Perplexity: 1203.6661
2026-05-15 12:12:50,665 - INFO -   Batch 58/203 | Batch Energy: 0.6140 | Perplexity: 1251.5723
2026-05-15 12:12:50,679 - INFO -   Batch 59/203 | Batch Energy: 0.6122 | Perplexity: 1196.7595
2026-05-15 12:12:50,692 - INFO -   Batch 60/203 | Batch Energy: 0.6128 | Perplexity: 1202.3295
2026-05-15 12:12:50,706 - INFO -   Batch 61/203 | Batch Energy: 0.6151 | Perplexity: 1204.2752
2026-05-15 12:12:50,720 - INFO -   Batch 62/203 | Batch Energy: 0.6126 | Perplexity: 1215.1433
2026-05-15 12:12:50,733 - INFO -   Batch 63/203 | Batch Energy: 0.6155 | Perplexity: 1222.3873
2026-05-15 12:12:50,747 - INFO -   Batch 64/203 | Batch Energy: 0.6134 | Perplexity: 1205.8192
2026-05-15 12:12:50,761 - INFO -   Batch 65/203 | Batch Energy: 0.6131 | Perplexity: 1229.0825
2026-05-15 12:12:50,775 - INFO -   Batch 66/203 | Batch Energy: 0.6121 | Perplexity: 1185.2463
2026-05-15 12:12:50,789 - INFO -   Batch 67/203 | Batch Energy: 0.6125 | Perplexity: 1182.4650
2026-05-15 12:12:50,803 - INFO -   Batch 68/203 | Batch Energy: 0.6129 | Perplexity: 1215.3832
2026-05-15 12:12:50,817 - INFO -   Batch 69/203 | Batch Energy: 0.6135 | Perplexity: 1211.9970
2026-05-15 12:12:50,830 - INFO -   Batch 70/203 | Batch Energy: 0.6128 | Perplexity: 1228.3999
2026-05-15 12:12:50,844 - INFO -   Batch 71/203 | Batch Energy: 0.6146 | Perplexity: 1203.8767
2026-05-15 12:12:50,858 - INFO -   Batch 72/203 | Batch Energy: 0.6128 | Perplexity: 1220.2529
2026-05-15 12:12:50,871 - INFO -   Batch 73/203 | Batch Energy: 0.6122 | Perplexity: 1219.0101
2026-05-15 12:12:50,885 - INFO -   Batch 74/203 | Batch Energy: 0.6128 | Perplexity: 1231.8683
2026-05-15 12:12:50,899 - INFO -   Batch 75/203 | Batch Energy: 0.6130 | Perplexity: 1222.7307
2026-05-15 12:12:50,913 - INFO -   Batch 76/203 | Batch Energy: 0.6119 | Perplexity: 1216.9397
2026-05-15 12:12:50,926 - INFO -   Batch 77/203 | Batch Energy: 0.6152 | Perplexity: 1205.8750
2026-05-15 12:12:50,940 - INFO -   Batch 78/203 | Batch Energy: 0.6130 | Perplexity: 1222.3832
2026-05-15 12:12:50,954 - INFO -   Batch 79/203 | Batch Energy: 0.6133 | Perplexity: 1235.2905
2026-05-15 12:12:50,968 - INFO -   Batch 80/203 | Batch Energy: 0.6118 | Perplexity: 1213.6117
2026-05-15 12:12:50,982 - INFO -   Batch 81/203 | Batch Energy: 0.6124 | Perplexity: 1203.3602
2026-05-15 12:12:50,995 - INFO -   Batch 82/203 | Batch Energy: 0.6105 | Perplexity: 1223.7870
2026-05-15 12:12:51,009 - INFO -   Batch 83/203 | Batch Energy: 0.6138 | Perplexity: 1210.5606
2026-05-15 12:12:51,023 - INFO -   Batch 84/203 | Batch Energy: 0.6134 | Perplexity: 1225.1550
2026-05-15 12:12:51,037 - INFO -   Batch 85/203 | Batch Energy: 0.6137 | Perplexity: 1206.1326
2026-05-15 12:12:51,050 - INFO -   Batch 86/203 | Batch Energy: 0.6115 | Perplexity: 1191.5505
2026-05-15 12:12:51,064 - INFO -   Batch 87/203 | Batch Energy: 0.6136 | Perplexity: 1215.8208
2026-05-15 12:12:51,078 - INFO -   Batch 88/203 | Batch Energy: 0.6115 | Perplexity: 1208.2757
2026-05-15 12:12:51,092 - INFO -   Batch 89/203 | Batch Energy: 0.6105 | Perplexity: 1237.8761
2026-05-15 12:12:51,106 - INFO -   Batch 90/203 | Batch Energy: 0.6134 | Perplexity: 1214.9544
2026-05-15 12:12:51,120 - INFO -   Batch 91/203 | Batch Energy: 0.6108 | Perplexity: 1248.0199
2026-05-15 12:12:51,134 - INFO -   Batch 92/203 | Batch Energy: 0.6109 | Perplexity: 1199.8765
2026-05-15 12:12:51,148 - INFO -   Batch 93/203 | Batch Energy: 0.6126 | Perplexity: 1231.8706
2026-05-15 12:12:51,162 - INFO -   Batch 94/203 | Batch Energy: 0.6120 | Perplexity: 1222.7482
2026-05-15 12:12:51,176 - INFO -   Batch 95/203 | Batch Energy: 0.6139 | Perplexity: 1199.3337
2026-05-15 12:12:51,190 - INFO -   Batch 96/203 | Batch Energy: 0.6129 | Perplexity: 1232.2978
2026-05-15 12:12:51,204 - INFO -   Batch 97/203 | Batch Energy: 0.6117 | Perplexity: 1204.3895
2026-05-15 12:12:51,218 - INFO -   Batch 98/203 | Batch Energy: 0.6130 | Perplexity: 1239.2546
2026-05-15 12:12:51,231 - INFO -   Batch 99/203 | Batch Energy: 0.6108 | Perplexity: 1205.2076
2026-05-15 12:12:51,245 - INFO -   Batch 100/203 | Batch Energy: 0.6117 | Perplexity: 1207.1055
2026-05-15 12:12:51,259 - INFO -   Batch 101/203 | Batch Energy: 0.6119 | Perplexity: 1208.9707
2026-05-15 12:12:51,273 - INFO -   Batch 102/203 | Batch Energy: 0.6120 | Perplexity: 1203.4612
2026-05-15 12:12:51,287 - INFO -   Batch 103/203 | Batch Energy: 0.6133 | Perplexity: 1240.5050
2026-05-15 12:12:51,301 - INFO -   Batch 104/203 | Batch Energy: 0.6125 | Perplexity: 1181.6499
2026-05-15 12:12:51,315 - INFO -   Batch 105/203 | Batch Energy: 0.6127 | Perplexity: 1219.5764
2026-05-15 12:12:51,329 - INFO -   Batch 106/203 | Batch Energy: 0.6111 | Perplexity: 1228.9770
2026-05-15 12:12:51,343 - INFO -   Batch 107/203 | Batch Energy: 0.6119 | Perplexity: 1216.8729
2026-05-15 12:12:51,357 - INFO -   Batch 108/203 | Batch Energy: 0.6133 | Perplexity: 1192.6163
2026-05-15 12:12:51,370 - INFO -   Batch 109/203 | Batch Energy: 0.6137 | Perplexity: 1205.3616
2026-05-15 12:12:51,384 - INFO -   Batch 110/203 | Batch Energy: 0.6143 | Perplexity: 1206.1119
2026-05-15 12:12:51,398 - INFO -   Batch 111/203 | Batch Energy: 0.6123 | Perplexity: 1183.9149
2026-05-15 12:12:51,412 - INFO -   Batch 112/203 | Batch Energy: 0.6111 | Perplexity: 1210.6806
2026-05-15 12:12:51,426 - INFO -   Batch 113/203 | Batch Energy: 0.6135 | Perplexity: 1212.5502
2026-05-15 12:12:51,439 - INFO -   Batch 114/203 | Batch Energy: 0.6116 | Perplexity: 1198.2939
2026-05-15 12:12:51,453 - INFO -   Batch 115/203 | Batch Energy: 0.6118 | Perplexity: 1210.9335
2026-05-15 12:12:51,467 - INFO -   Batch 116/203 | Batch Energy: 0.6119 | Perplexity: 1205.2104
2026-05-15 12:12:51,481 - INFO -   Batch 117/203 | Batch Energy: 0.6103 | Perplexity: 1159.0523
2026-05-15 12:12:51,494 - INFO -   Batch 118/203 | Batch Energy: 0.6127 | Perplexity: 1209.5814
2026-05-15 12:12:51,508 - INFO -   Batch 119/203 | Batch Energy: 0.6129 | Perplexity: 1199.7987
2026-05-15 12:12:51,522 - INFO -   Batch 120/203 | Batch Energy: 0.6128 | Perplexity: 1225.4992
2026-05-15 12:12:51,536 - INFO -   Batch 121/203 | Batch Energy: 0.6110 | Perplexity: 1208.9978
2026-05-15 12:12:51,550 - INFO -   Batch 122/203 | Batch Energy: 0.6148 | Perplexity: 1206.1176
2026-05-15 12:12:51,564 - INFO -   Batch 123/203 | Batch Energy: 0.6120 | Perplexity: 1204.5566
2026-05-15 12:12:51,578 - INFO -   Batch 124/203 | Batch Energy: 0.6110 | Perplexity: 1208.9702
2026-05-15 12:12:51,593 - INFO -   Batch 125/203 | Batch Energy: 0.6102 | Perplexity: 1182.6775
2026-05-15 12:12:51,607 - INFO -   Batch 126/203 | Batch Energy: 0.6116 | Perplexity: 1239.9266
2026-05-15 12:12:51,621 - INFO -   Batch 127/203 | Batch Energy: 0.6136 | Perplexity: 1213.0852
2026-05-15 12:12:51,636 - INFO -   Batch 128/203 | Batch Energy: 0.6125 | Perplexity: 1205.5122
2026-05-15 12:12:51,650 - INFO -   Batch 129/203 | Batch Energy: 0.6129 | Perplexity: 1170.6783
2026-05-15 12:12:51,665 - INFO -   Batch 130/203 | Batch Energy: 0.6124 | Perplexity: 1206.0791
2026-05-15 12:12:51,679 - INFO -   Batch 131/203 | Batch Energy: 0.6133 | Perplexity: 1222.2416
2026-05-15 12:12:51,693 - INFO -   Batch 132/203 | Batch Energy: 0.6108 | Perplexity: 1240.6500
2026-05-15 12:12:51,708 - INFO -   Batch 133/203 | Batch Energy: 0.6133 | Perplexity: 1213.5011
2026-05-15 12:12:51,722 - INFO -   Batch 134/203 | Batch Energy: 0.6106 | Perplexity: 1207.8978
2026-05-15 12:12:51,736 - INFO -   Batch 135/203 | Batch Energy: 0.6127 | Perplexity: 1180.2838
2026-05-15 12:12:51,751 - INFO -   Batch 136/203 | Batch Energy: 0.6126 | Perplexity: 1221.2151
2026-05-15 12:12:51,765 - INFO -   Batch 137/203 | Batch Energy: 0.6103 | Perplexity: 1258.1603
2026-05-15 12:12:51,779 - INFO -   Batch 138/203 | Batch Energy: 0.6121 | Perplexity: 1213.7592
2026-05-15 12:12:51,794 - INFO -   Batch 139/203 | Batch Energy: 0.6114 | Perplexity: 1229.8909
2026-05-15 12:12:51,808 - INFO -   Batch 140/203 | Batch Energy: 0.6108 | Perplexity: 1185.8602
2026-05-15 12:12:51,823 - INFO -   Batch 141/203 | Batch Energy: 0.6144 | Perplexity: 1213.7783
2026-05-15 12:12:51,837 - INFO -   Batch 142/203 | Batch Energy: 0.6103 | Perplexity: 1210.7112
2026-05-15 12:12:51,851 - INFO -   Batch 143/203 | Batch Energy: 0.6128 | Perplexity: 1207.8517
2026-05-15 12:12:51,865 - INFO -   Batch 144/203 | Batch Energy: 0.6130 | Perplexity: 1203.4876
2026-05-15 12:12:51,879 - INFO -   Batch 145/203 | Batch Energy: 0.6132 | Perplexity: 1220.9339
2026-05-15 12:12:51,892 - INFO -   Batch 146/203 | Batch Energy: 0.6117 | Perplexity: 1190.8076
2026-05-15 12:12:51,906 - INFO -   Batch 147/203 | Batch Energy: 0.6087 | Perplexity: 1217.0511
2026-05-15 12:12:51,921 - INFO -   Batch 148/203 | Batch Energy: 0.6111 | Perplexity: 1186.7387
2026-05-15 12:12:51,935 - INFO -   Batch 149/203 | Batch Energy: 0.6133 | Perplexity: 1208.9079
2026-05-15 12:12:51,949 - INFO -   Batch 150/203 | Batch Energy: 0.6122 | Perplexity: 1220.1924
2026-05-15 12:12:51,963 - INFO -   Batch 151/203 | Batch Energy: 0.6114 | Perplexity: 1196.9159
2026-05-15 12:12:51,977 - INFO -   Batch 152/203 | Batch Energy: 0.6123 | Perplexity: 1209.5093
2026-05-15 12:12:51,991 - INFO -   Batch 153/203 | Batch Energy: 0.6098 | Perplexity: 1214.7180
2026-05-15 12:12:52,005 - INFO -   Batch 154/203 | Batch Energy: 0.6118 | Perplexity: 1191.3778
2026-05-15 12:12:52,019 - INFO -   Batch 155/203 | Batch Energy: 0.6118 | Perplexity: 1209.7106
2026-05-15 12:12:52,032 - INFO -   Batch 156/203 | Batch Energy: 0.6123 | Perplexity: 1225.2035
2026-05-15 12:12:52,046 - INFO -   Batch 157/203 | Batch Energy: 0.6113 | Perplexity: 1197.2698
2026-05-15 12:12:52,060 - INFO -   Batch 158/203 | Batch Energy: 0.6139 | Perplexity: 1209.6754
2026-05-15 12:12:52,074 - INFO -   Batch 159/203 | Batch Energy: 0.6108 | Perplexity: 1223.5980
2026-05-15 12:12:52,088 - INFO -   Batch 160/203 | Batch Energy: 0.6134 | Perplexity: 1181.2804
2026-05-15 12:12:52,102 - INFO -   Batch 161/203 | Batch Energy: 0.6125 | Perplexity: 1205.3633
2026-05-15 12:12:52,116 - INFO -   Batch 162/203 | Batch Energy: 0.6101 | Perplexity: 1219.8788
2026-05-15 12:12:52,130 - INFO -   Batch 163/203 | Batch Energy: 0.6132 | Perplexity: 1202.5531
2026-05-15 12:12:52,143 - INFO -   Batch 164/203 | Batch Energy: 0.6127 | Perplexity: 1220.4054
2026-05-15 12:12:52,157 - INFO -   Batch 165/203 | Batch Energy: 0.6124 | Perplexity: 1225.6161
2026-05-15 12:12:52,171 - INFO -   Batch 166/203 | Batch Energy: 0.6128 | Perplexity: 1219.8492
2026-05-15 12:12:52,185 - INFO -   Batch 167/203 | Batch Energy: 0.6111 | Perplexity: 1203.8635
2026-05-15 12:12:52,198 - INFO -   Batch 168/203 | Batch Energy: 0.6114 | Perplexity: 1224.3532
2026-05-15 12:12:52,212 - INFO -   Batch 169/203 | Batch Energy: 0.6117 | Perplexity: 1183.4182
2026-05-15 12:12:52,226 - INFO -   Batch 170/203 | Batch Energy: 0.6129 | Perplexity: 1230.6946
2026-05-15 12:12:52,240 - INFO -   Batch 171/203 | Batch Energy: 0.6114 | Perplexity: 1193.6757
2026-05-15 12:12:52,254 - INFO -   Batch 172/203 | Batch Energy: 0.6122 | Perplexity: 1223.4410
2026-05-15 12:12:52,267 - INFO -   Batch 173/203 | Batch Energy: 0.6108 | Perplexity: 1224.7380
2026-05-15 12:12:52,281 - INFO -   Batch 174/203 | Batch Energy: 0.6114 | Perplexity: 1188.5124
2026-05-15 12:12:52,295 - INFO -   Batch 175/203 | Batch Energy: 0.6106 | Perplexity: 1207.8362
2026-05-15 12:12:52,309 - INFO -   Batch 176/203 | Batch Energy: 0.6102 | Perplexity: 1221.8891
2026-05-15 12:12:52,323 - INFO -   Batch 177/203 | Batch Energy: 0.6122 | Perplexity: 1196.6271
2026-05-15 12:12:52,336 - INFO -   Batch 178/203 | Batch Energy: 0.6114 | Perplexity: 1215.3258
2026-05-15 12:12:52,350 - INFO -   Batch 179/203 | Batch Energy: 0.6102 | Perplexity: 1205.8692
2026-05-15 12:12:52,364 - INFO -   Batch 180/203 | Batch Energy: 0.6123 | Perplexity: 1175.3174
2026-05-15 12:12:52,378 - INFO -   Batch 181/203 | Batch Energy: 0.6110 | Perplexity: 1232.4764
2026-05-15 12:12:52,392 - INFO -   Batch 182/203 | Batch Energy: 0.6115 | Perplexity: 1216.9768
2026-05-15 12:12:52,406 - INFO -   Batch 183/203 | Batch Energy: 0.6127 | Perplexity: 1225.3040
2026-05-15 12:12:52,420 - INFO -   Batch 184/203 | Batch Energy: 0.6116 | Perplexity: 1213.2101
2026-05-15 12:12:52,434 - INFO -   Batch 185/203 | Batch Energy: 0.6101 | Perplexity: 1230.1161
2026-05-15 12:12:52,448 - INFO -   Batch 186/203 | Batch Energy: 0.6124 | Perplexity: 1221.0893
2026-05-15 12:12:52,462 - INFO -   Batch 187/203 | Batch Energy: 0.6121 | Perplexity: 1226.0673
2026-05-15 12:12:52,476 - INFO -   Batch 188/203 | Batch Energy: 0.6109 | Perplexity: 1224.2499
2026-05-15 12:12:52,490 - INFO -   Batch 189/203 | Batch Energy: 0.6110 | Perplexity: 1191.7369
2026-05-15 12:12:52,503 - INFO -   Batch 190/203 | Batch Energy: 0.6102 | Perplexity: 1202.9058
2026-05-15 12:12:52,517 - INFO -   Batch 191/203 | Batch Energy: 0.6132 | Perplexity: 1199.9978
2026-05-15 12:12:52,532 - INFO -   Batch 192/203 | Batch Energy: 0.6131 | Perplexity: 1206.9795
2026-05-15 12:12:52,546 - INFO -   Batch 193/203 | Batch Energy: 0.6111 | Perplexity: 1211.8543
2026-05-15 12:12:52,560 - INFO -   Batch 194/203 | Batch Energy: 0.6103 | Perplexity: 1211.2812
2026-05-15 12:12:52,574 - INFO -   Batch 195/203 | Batch Energy: 0.6112 | Perplexity: 1245.9982
2026-05-15 12:12:52,588 - INFO -   Batch 196/203 | Batch Energy: 0.6098 | Perplexity: 1241.3056
2026-05-15 12:12:52,603 - INFO -   Batch 197/203 | Batch Energy: 0.6121 | Perplexity: 1209.9517
2026-05-15 12:12:52,617 - INFO -   Batch 198/203 | Batch Energy: 0.6116 | Perplexity: 1215.6486
2026-05-15 12:12:52,632 - INFO -   Batch 199/203 | Batch Energy: 0.6095 | Perplexity: 1210.6876
2026-05-15 12:12:52,646 - INFO -   Batch 200/203 | Batch Energy: 0.6116 | Perplexity: 1231.7338
2026-05-15 12:12:52,660 - INFO -   Batch 201/203 | Batch Energy: 0.6117 | Perplexity: 1234.4862
2026-05-15 12:12:52,674 - INFO -   Batch 202/203 | Batch Energy: 0.6111 | Perplexity: 1179.3139
2026-05-15 12:12:52,688 - INFO -   Batch 203/203 | Batch Energy: 0.6136 | Perplexity: 1216.7644
2026-05-15 12:12:52,844 - INFO - Epoch 8/10 | Train Energy: 0.6113 | Train Perplexity: 1211.5694 | Val Energy: 0.6092 | Val Perplexity: 1212.4341
2026-05-15 12:12:52,844 - INFO - Epoch 9/10
2026-05-15 12:12:52,857 - INFO -   Batch 1/203 | Batch Energy: 0.5691 | Perplexity: 1242.2287
2026-05-15 12:12:52,871 - INFO -   Batch 2/203 | Batch Energy: 0.5688 | Perplexity: 1215.6643
2026-05-15 12:12:52,885 - INFO -   Batch 3/203 | Batch Energy: 0.5685 | Perplexity: 1208.5171
2026-05-15 12:12:52,900 - INFO -   Batch 4/203 | Batch Energy: 0.5717 | Perplexity: 1261.7621
2026-05-15 12:12:52,915 - INFO -   Batch 5/203 | Batch Energy: 0.5824 | Perplexity: 1198.9511
2026-05-15 12:12:52,929 - INFO -   Batch 6/203 | Batch Energy: 0.5945 | Perplexity: 1184.7406
2026-05-15 12:12:52,944 - INFO -   Batch 7/203 | Batch Energy: 0.6002 | Perplexity: 1201.9615
2026-05-15 12:12:52,958 - INFO -   Batch 8/203 | Batch Energy: 0.6067 | Perplexity: 1216.3665
2026-05-15 12:12:52,972 - INFO -   Batch 9/203 | Batch Energy: 0.6079 | Perplexity: 1210.3701
2026-05-15 12:12:52,987 - INFO -   Batch 10/203 | Batch Energy: 0.6060 | Perplexity: 1214.8356
2026-05-15 12:12:53,001 - INFO -   Batch 11/203 | Batch Energy: 0.6108 | Perplexity: 1198.9117
2026-05-15 12:12:53,015 - INFO -   Batch 12/203 | Batch Energy: 0.6125 | Perplexity: 1199.5624
2026-05-15 12:12:53,029 - INFO -   Batch 13/203 | Batch Energy: 0.6101 | Perplexity: 1211.6330
2026-05-15 12:12:53,043 - INFO -   Batch 14/203 | Batch Energy: 0.6125 | Perplexity: 1230.1842
2026-05-15 12:12:53,057 - INFO -   Batch 15/203 | Batch Energy: 0.6118 | Perplexity: 1220.9642
2026-05-15 12:12:53,071 - INFO -   Batch 16/203 | Batch Energy: 0.6107 | Perplexity: 1213.8565
2026-05-15 12:12:53,086 - INFO -   Batch 17/203 | Batch Energy: 0.6118 | Perplexity: 1174.5476
2026-05-15 12:12:53,100 - INFO -   Batch 18/203 | Batch Energy: 0.6122 | Perplexity: 1190.3818
2026-05-15 12:12:53,115 - INFO -   Batch 19/203 | Batch Energy: 0.6120 | Perplexity: 1178.6421
2026-05-15 12:12:53,129 - INFO -   Batch 20/203 | Batch Energy: 0.6105 | Perplexity: 1218.9189
2026-05-15 12:12:53,143 - INFO -   Batch 21/203 | Batch Energy: 0.6110 | Perplexity: 1238.9367
2026-05-15 12:12:53,157 - INFO -   Batch 22/203 | Batch Energy: 0.6108 | Perplexity: 1193.3655
2026-05-15 12:12:53,171 - INFO -   Batch 23/203 | Batch Energy: 0.6112 | Perplexity: 1206.6958
2026-05-15 12:12:53,185 - INFO -   Batch 24/203 | Batch Energy: 0.6107 | Perplexity: 1215.9356
2026-05-15 12:12:53,199 - INFO -   Batch 25/203 | Batch Energy: 0.6098 | Perplexity: 1189.0322
2026-05-15 12:12:53,213 - INFO -   Batch 26/203 | Batch Energy: 0.6099 | Perplexity: 1202.4574
2026-05-15 12:12:53,228 - INFO -   Batch 27/203 | Batch Energy: 0.6103 | Perplexity: 1226.8902
2026-05-15 12:12:53,242 - INFO -   Batch 28/203 | Batch Energy: 0.6105 | Perplexity: 1243.5776
2026-05-15 12:12:53,256 - INFO -   Batch 29/203 | Batch Energy: 0.6111 | Perplexity: 1226.6509
2026-05-15 12:12:53,270 - INFO -   Batch 30/203 | Batch Energy: 0.6112 | Perplexity: 1182.4520
2026-05-15 12:12:53,284 - INFO -   Batch 31/203 | Batch Energy: 0.6119 | Perplexity: 1224.0105
2026-05-15 12:12:53,298 - INFO -   Batch 32/203 | Batch Energy: 0.6115 | Perplexity: 1194.8602
2026-05-15 12:12:53,312 - INFO -   Batch 33/203 | Batch Energy: 0.6105 | Perplexity: 1209.5335
2026-05-15 12:12:53,326 - INFO -   Batch 34/203 | Batch Energy: 0.6101 | Perplexity: 1214.5501
2026-05-15 12:12:53,340 - INFO -   Batch 35/203 | Batch Energy: 0.6114 | Perplexity: 1200.1077
2026-05-15 12:12:53,354 - INFO -   Batch 36/203 | Batch Energy: 0.6105 | Perplexity: 1219.0729
2026-05-15 12:12:53,367 - INFO -   Batch 37/203 | Batch Energy: 0.6108 | Perplexity: 1211.1859
2026-05-15 12:12:53,381 - INFO -   Batch 38/203 | Batch Energy: 0.6103 | Perplexity: 1240.4725
2026-05-15 12:12:53,395 - INFO -   Batch 39/203 | Batch Energy: 0.6108 | Perplexity: 1173.9927
2026-05-15 12:12:53,409 - INFO -   Batch 40/203 | Batch Energy: 0.6110 | Perplexity: 1226.9873
2026-05-15 12:12:53,423 - INFO -   Batch 41/203 | Batch Energy: 0.6102 | Perplexity: 1202.2653
2026-05-15 12:12:53,437 - INFO -   Batch 42/203 | Batch Energy: 0.6098 | Perplexity: 1210.5398
2026-05-15 12:12:53,451 - INFO -   Batch 43/203 | Batch Energy: 0.6116 | Perplexity: 1207.9318
2026-05-15 12:12:53,465 - INFO -   Batch 44/203 | Batch Energy: 0.6122 | Perplexity: 1226.5328
2026-05-15 12:12:53,479 - INFO -   Batch 45/203 | Batch Energy: 0.6116 | Perplexity: 1216.6031
2026-05-15 12:12:53,493 - INFO -   Batch 46/203 | Batch Energy: 0.6109 | Perplexity: 1209.8225
2026-05-15 12:12:53,507 - INFO -   Batch 47/203 | Batch Energy: 0.6088 | Perplexity: 1235.7601
2026-05-15 12:12:53,521 - INFO -   Batch 48/203 | Batch Energy: 0.6098 | Perplexity: 1216.8178
2026-05-15 12:12:53,535 - INFO -   Batch 49/203 | Batch Energy: 0.6087 | Perplexity: 1189.7967
2026-05-15 12:12:53,548 - INFO -   Batch 50/203 | Batch Energy: 0.6096 | Perplexity: 1208.0827
2026-05-15 12:12:53,562 - INFO -   Batch 51/203 | Batch Energy: 0.6093 | Perplexity: 1214.8310
2026-05-15 12:12:53,576 - INFO -   Batch 52/203 | Batch Energy: 0.6096 | Perplexity: 1204.8703
2026-05-15 12:12:53,591 - INFO -   Batch 53/203 | Batch Energy: 0.6112 | Perplexity: 1187.2917
2026-05-15 12:12:53,605 - INFO -   Batch 54/203 | Batch Energy: 0.6102 | Perplexity: 1206.6411
2026-05-15 12:12:53,619 - INFO -   Batch 55/203 | Batch Energy: 0.6129 | Perplexity: 1210.8290
2026-05-15 12:12:53,633 - INFO -   Batch 56/203 | Batch Energy: 0.6095 | Perplexity: 1225.1223
2026-05-15 12:12:53,647 - INFO -   Batch 57/203 | Batch Energy: 0.6095 | Perplexity: 1210.2714
2026-05-15 12:12:53,660 - INFO -   Batch 58/203 | Batch Energy: 0.6079 | Perplexity: 1229.1417
2026-05-15 12:12:53,674 - INFO -   Batch 59/203 | Batch Energy: 0.6097 | Perplexity: 1214.2605
2026-05-15 12:12:53,688 - INFO -   Batch 60/203 | Batch Energy: 0.6096 | Perplexity: 1215.7785
2026-05-15 12:12:53,702 - INFO -   Batch 61/203 | Batch Energy: 0.6090 | Perplexity: 1232.8267
2026-05-15 12:12:53,715 - INFO -   Batch 62/203 | Batch Energy: 0.6091 | Perplexity: 1229.4623
2026-05-15 12:12:53,729 - INFO -   Batch 63/203 | Batch Energy: 0.6101 | Perplexity: 1197.7123
2026-05-15 12:12:53,743 - INFO -   Batch 64/203 | Batch Energy: 0.6106 | Perplexity: 1211.1212
2026-05-15 12:12:53,757 - INFO -   Batch 65/203 | Batch Energy: 0.6110 | Perplexity: 1239.7830
2026-05-15 12:12:53,771 - INFO -   Batch 66/203 | Batch Energy: 0.6099 | Perplexity: 1202.2579
2026-05-15 12:12:53,785 - INFO -   Batch 67/203 | Batch Energy: 0.6109 | Perplexity: 1216.3653
2026-05-15 12:12:53,799 - INFO -   Batch 68/203 | Batch Energy: 0.6107 | Perplexity: 1185.6261
2026-05-15 12:12:53,812 - INFO -   Batch 69/203 | Batch Energy: 0.6108 | Perplexity: 1206.6296
2026-05-15 12:12:53,826 - INFO -   Batch 70/203 | Batch Energy: 0.6100 | Perplexity: 1196.7002
2026-05-15 12:12:53,840 - INFO -   Batch 71/203 | Batch Energy: 0.6101 | Perplexity: 1232.1879
2026-05-15 12:12:53,854 - INFO -   Batch 72/203 | Batch Energy: 0.6117 | Perplexity: 1233.5006
2026-05-15 12:12:53,868 - INFO -   Batch 73/203 | Batch Energy: 0.6094 | Perplexity: 1239.3627
2026-05-15 12:12:53,882 - INFO -   Batch 74/203 | Batch Energy: 0.6091 | Perplexity: 1188.0194
2026-05-15 12:12:53,896 - INFO -   Batch 75/203 | Batch Energy: 0.6106 | Perplexity: 1211.4545
2026-05-15 12:12:53,910 - INFO -   Batch 76/203 | Batch Energy: 0.6098 | Perplexity: 1209.6500
2026-05-15 12:12:53,924 - INFO -   Batch 77/203 | Batch Energy: 0.6096 | Perplexity: 1187.0641
2026-05-15 12:12:53,938 - INFO -   Batch 78/203 | Batch Energy: 0.6097 | Perplexity: 1210.7540
2026-05-15 12:12:53,952 - INFO -   Batch 79/203 | Batch Energy: 0.6097 | Perplexity: 1212.4213
2026-05-15 12:12:53,967 - INFO -   Batch 80/203 | Batch Energy: 0.6091 | Perplexity: 1209.9869
2026-05-15 12:12:53,981 - INFO -   Batch 81/203 | Batch Energy: 0.6111 | Perplexity: 1202.3989
2026-05-15 12:12:53,995 - INFO -   Batch 82/203 | Batch Energy: 0.6098 | Perplexity: 1210.8400
2026-05-15 12:12:54,009 - INFO -   Batch 83/203 | Batch Energy: 0.6104 | Perplexity: 1218.1356
2026-05-15 12:12:54,024 - INFO -   Batch 84/203 | Batch Energy: 0.6108 | Perplexity: 1198.8917
2026-05-15 12:12:54,038 - INFO -   Batch 85/203 | Batch Energy: 0.6116 | Perplexity: 1204.4515
2026-05-15 12:12:54,052 - INFO -   Batch 86/203 | Batch Energy: 0.6091 | Perplexity: 1219.1595
2026-05-15 12:12:54,065 - INFO -   Batch 87/203 | Batch Energy: 0.6098 | Perplexity: 1232.7468
2026-05-15 12:12:54,079 - INFO -   Batch 88/203 | Batch Energy: 0.6109 | Perplexity: 1218.2257
2026-05-15 12:12:54,093 - INFO -   Batch 89/203 | Batch Energy: 0.6118 | Perplexity: 1196.0396
2026-05-15 12:12:54,107 - INFO -   Batch 90/203 | Batch Energy: 0.6104 | Perplexity: 1194.8493
2026-05-15 12:12:54,131 - INFO -   Batch 91/203 | Batch Energy: 0.6109 | Perplexity: 1239.9089
2026-05-15 12:12:54,145 - INFO -   Batch 92/203 | Batch Energy: 0.6085 | Perplexity: 1207.8759
2026-05-15 12:12:54,159 - INFO -   Batch 93/203 | Batch Energy: 0.6097 | Perplexity: 1212.4779
2026-05-15 12:12:54,173 - INFO -   Batch 94/203 | Batch Energy: 0.6091 | Perplexity: 1220.1703
2026-05-15 12:12:54,187 - INFO -   Batch 95/203 | Batch Energy: 0.6107 | Perplexity: 1208.3028
2026-05-15 12:12:54,201 - INFO -   Batch 96/203 | Batch Energy: 0.6102 | Perplexity: 1223.1120
2026-05-15 12:12:54,215 - INFO -   Batch 97/203 | Batch Energy: 0.6108 | Perplexity: 1211.6243
2026-05-15 12:12:54,229 - INFO -   Batch 98/203 | Batch Energy: 0.6100 | Perplexity: 1199.9520
2026-05-15 12:12:54,243 - INFO -   Batch 99/203 | Batch Energy: 0.6098 | Perplexity: 1257.1486
2026-05-15 12:12:54,257 - INFO -   Batch 100/203 | Batch Energy: 0.6093 | Perplexity: 1193.9301
2026-05-15 12:12:54,271 - INFO -   Batch 101/203 | Batch Energy: 0.6101 | Perplexity: 1214.3294
2026-05-15 12:12:54,286 - INFO -   Batch 102/203 | Batch Energy: 0.6082 | Perplexity: 1216.0133
2026-05-15 12:12:54,299 - INFO -   Batch 103/203 | Batch Energy: 0.6084 | Perplexity: 1191.0449
2026-05-15 12:12:54,314 - INFO -   Batch 104/203 | Batch Energy: 0.6093 | Perplexity: 1196.0190
2026-05-15 12:12:54,328 - INFO -   Batch 105/203 | Batch Energy: 0.6105 | Perplexity: 1233.0143
2026-05-15 12:12:54,341 - INFO -   Batch 106/203 | Batch Energy: 0.6107 | Perplexity: 1204.3401
2026-05-15 12:12:54,355 - INFO -   Batch 107/203 | Batch Energy: 0.6104 | Perplexity: 1238.7205
2026-05-15 12:12:54,369 - INFO -   Batch 108/203 | Batch Energy: 0.6098 | Perplexity: 1219.8003
2026-05-15 12:12:54,383 - INFO -   Batch 109/203 | Batch Energy: 0.6115 | Perplexity: 1239.0578
2026-05-15 12:12:54,397 - INFO -   Batch 110/203 | Batch Energy: 0.6094 | Perplexity: 1248.2246
2026-05-15 12:12:54,411 - INFO -   Batch 111/203 | Batch Energy: 0.6099 | Perplexity: 1191.3766
2026-05-15 12:12:54,425 - INFO -   Batch 112/203 | Batch Energy: 0.6098 | Perplexity: 1198.1110
2026-05-15 12:12:54,438 - INFO -   Batch 113/203 | Batch Energy: 0.6092 | Perplexity: 1215.9953
2026-05-15 12:12:54,452 - INFO -   Batch 114/203 | Batch Energy: 0.6121 | Perplexity: 1242.3537
2026-05-15 12:12:54,466 - INFO -   Batch 115/203 | Batch Energy: 0.6094 | Perplexity: 1200.3738
2026-05-15 12:12:54,480 - INFO -   Batch 116/203 | Batch Energy: 0.6117 | Perplexity: 1207.6179
2026-05-15 12:12:54,494 - INFO -   Batch 117/203 | Batch Energy: 0.6106 | Perplexity: 1231.5582
2026-05-15 12:12:54,508 - INFO -   Batch 118/203 | Batch Energy: 0.6077 | Perplexity: 1218.0624
2026-05-15 12:12:54,522 - INFO -   Batch 119/203 | Batch Energy: 0.6091 | Perplexity: 1249.2768
2026-05-15 12:12:54,536 - INFO -   Batch 120/203 | Batch Energy: 0.6090 | Perplexity: 1204.6939
2026-05-15 12:12:54,550 - INFO -   Batch 121/203 | Batch Energy: 0.6093 | Perplexity: 1225.0481
2026-05-15 12:12:54,564 - INFO -   Batch 122/203 | Batch Energy: 0.6076 | Perplexity: 1210.3060
2026-05-15 12:12:54,579 - INFO -   Batch 123/203 | Batch Energy: 0.6087 | Perplexity: 1237.0359
2026-05-15 12:12:54,593 - INFO -   Batch 124/203 | Batch Energy: 0.6108 | Perplexity: 1210.0492
2026-05-15 12:12:54,608 - INFO -   Batch 125/203 | Batch Energy: 0.6107 | Perplexity: 1212.3658
2026-05-15 12:12:54,622 - INFO -   Batch 126/203 | Batch Energy: 0.6083 | Perplexity: 1193.8709
2026-05-15 12:12:54,636 - INFO -   Batch 127/203 | Batch Energy: 0.6104 | Perplexity: 1205.3570
2026-05-15 12:12:54,650 - INFO -   Batch 128/203 | Batch Energy: 0.6108 | Perplexity: 1190.1082
2026-05-15 12:12:54,664 - INFO -   Batch 129/203 | Batch Energy: 0.6106 | Perplexity: 1213.1609
2026-05-15 12:12:54,678 - INFO -   Batch 130/203 | Batch Energy: 0.6096 | Perplexity: 1191.1602
2026-05-15 12:12:54,692 - INFO -   Batch 131/203 | Batch Energy: 0.6093 | Perplexity: 1217.3175
2026-05-15 12:12:54,706 - INFO -   Batch 132/203 | Batch Energy: 0.6090 | Perplexity: 1247.1430
2026-05-15 12:12:54,720 - INFO -   Batch 133/203 | Batch Energy: 0.6103 | Perplexity: 1182.7469
2026-05-15 12:12:54,734 - INFO -   Batch 134/203 | Batch Energy: 0.6090 | Perplexity: 1234.9590
2026-05-15 12:12:54,748 - INFO -   Batch 135/203 | Batch Energy: 0.6095 | Perplexity: 1209.9662
2026-05-15 12:12:54,762 - INFO -   Batch 136/203 | Batch Energy: 0.6107 | Perplexity: 1256.4019
2026-05-15 12:12:54,776 - INFO -   Batch 137/203 | Batch Energy: 0.6094 | Perplexity: 1185.0310
2026-05-15 12:12:54,790 - INFO -   Batch 138/203 | Batch Energy: 0.6086 | Perplexity: 1225.8896
2026-05-15 12:12:54,804 - INFO -   Batch 139/203 | Batch Energy: 0.6113 | Perplexity: 1209.4966
2026-05-15 12:12:54,818 - INFO -   Batch 140/203 | Batch Energy: 0.6087 | Perplexity: 1243.5800
2026-05-15 12:12:54,833 - INFO -   Batch 141/203 | Batch Energy: 0.6115 | Perplexity: 1217.3320
2026-05-15 12:12:54,847 - INFO -   Batch 142/203 | Batch Energy: 0.6079 | Perplexity: 1182.0247
2026-05-15 12:12:54,862 - INFO -   Batch 143/203 | Batch Energy: 0.6092 | Perplexity: 1218.3384
2026-05-15 12:12:54,876 - INFO -   Batch 144/203 | Batch Energy: 0.6100 | Perplexity: 1200.2124
2026-05-15 12:12:54,890 - INFO -   Batch 145/203 | Batch Energy: 0.6090 | Perplexity: 1188.3095
2026-05-15 12:12:54,905 - INFO -   Batch 146/203 | Batch Energy: 0.6075 | Perplexity: 1212.8740
2026-05-15 12:12:54,919 - INFO -   Batch 147/203 | Batch Energy: 0.6098 | Perplexity: 1210.7245
2026-05-15 12:12:54,934 - INFO -   Batch 148/203 | Batch Energy: 0.6111 | Perplexity: 1198.8734
2026-05-15 12:12:54,948 - INFO -   Batch 149/203 | Batch Energy: 0.6086 | Perplexity: 1198.0413
2026-05-15 12:12:54,963 - INFO -   Batch 150/203 | Batch Energy: 0.6081 | Perplexity: 1228.5557
2026-05-15 12:12:54,976 - INFO -   Batch 151/203 | Batch Energy: 0.6100 | Perplexity: 1208.7517
2026-05-15 12:12:54,990 - INFO -   Batch 152/203 | Batch Energy: 0.6109 | Perplexity: 1203.3964
2026-05-15 12:12:55,004 - INFO -   Batch 153/203 | Batch Energy: 0.6090 | Perplexity: 1192.4525
2026-05-15 12:12:55,018 - INFO -   Batch 154/203 | Batch Energy: 0.6096 | Perplexity: 1216.3647
2026-05-15 12:12:55,032 - INFO -   Batch 155/203 | Batch Energy: 0.6086 | Perplexity: 1217.7111
2026-05-15 12:12:55,045 - INFO -   Batch 156/203 | Batch Energy: 0.6085 | Perplexity: 1195.2072
2026-05-15 12:12:55,060 - INFO -   Batch 157/203 | Batch Energy: 0.6075 | Perplexity: 1214.0527
2026-05-15 12:12:55,073 - INFO -   Batch 158/203 | Batch Energy: 0.6119 | Perplexity: 1225.7826
2026-05-15 12:12:55,087 - INFO -   Batch 159/203 | Batch Energy: 0.6103 | Perplexity: 1189.3611
2026-05-15 12:12:55,101 - INFO -   Batch 160/203 | Batch Energy: 0.6104 | Perplexity: 1226.9651
2026-05-15 12:12:55,115 - INFO -   Batch 161/203 | Batch Energy: 0.6100 | Perplexity: 1185.7511
2026-05-15 12:12:55,129 - INFO -   Batch 162/203 | Batch Energy: 0.6087 | Perplexity: 1203.2036
2026-05-15 12:12:55,143 - INFO -   Batch 163/203 | Batch Energy: 0.6096 | Perplexity: 1209.4043
2026-05-15 12:12:55,157 - INFO -   Batch 164/203 | Batch Energy: 0.6076 | Perplexity: 1213.3571
2026-05-15 12:12:55,171 - INFO -   Batch 165/203 | Batch Energy: 0.6095 | Perplexity: 1206.5301
2026-05-15 12:12:55,185 - INFO -   Batch 166/203 | Batch Energy: 0.6096 | Perplexity: 1203.3390
2026-05-15 12:12:55,199 - INFO -   Batch 167/203 | Batch Energy: 0.6105 | Perplexity: 1187.7271
2026-05-15 12:12:55,213 - INFO -   Batch 168/203 | Batch Energy: 0.6096 | Perplexity: 1188.6750
2026-05-15 12:12:55,226 - INFO -   Batch 169/203 | Batch Energy: 0.6103 | Perplexity: 1204.8726
2026-05-15 12:12:55,240 - INFO -   Batch 170/203 | Batch Energy: 0.6094 | Perplexity: 1199.8937
2026-05-15 12:12:55,254 - INFO -   Batch 171/203 | Batch Energy: 0.6091 | Perplexity: 1207.0618
2026-05-15 12:12:55,268 - INFO -   Batch 172/203 | Batch Energy: 0.6089 | Perplexity: 1204.8594
2026-05-15 12:12:55,282 - INFO -   Batch 173/203 | Batch Energy: 0.6105 | Perplexity: 1238.4370
2026-05-15 12:12:55,295 - INFO -   Batch 174/203 | Batch Energy: 0.6093 | Perplexity: 1193.1328
2026-05-15 12:12:55,310 - INFO -   Batch 175/203 | Batch Energy: 0.6097 | Perplexity: 1215.7570
2026-05-15 12:12:55,324 - INFO -   Batch 176/203 | Batch Energy: 0.6116 | Perplexity: 1200.2176
2026-05-15 12:12:55,338 - INFO -   Batch 177/203 | Batch Energy: 0.6094 | Perplexity: 1202.8278
2026-05-15 12:12:55,352 - INFO -   Batch 178/203 | Batch Energy: 0.6087 | Perplexity: 1213.7951
2026-05-15 12:12:55,366 - INFO -   Batch 179/203 | Batch Energy: 0.6100 | Perplexity: 1176.4881
2026-05-15 12:12:55,381 - INFO -   Batch 180/203 | Batch Energy: 0.6075 | Perplexity: 1227.9712
2026-05-15 12:12:55,395 - INFO -   Batch 181/203 | Batch Energy: 0.6086 | Perplexity: 1238.1022
2026-05-15 12:12:55,409 - INFO -   Batch 182/203 | Batch Energy: 0.6101 | Perplexity: 1189.7201
2026-05-15 12:12:55,423 - INFO -   Batch 183/203 | Batch Energy: 0.6093 | Perplexity: 1209.8508
2026-05-15 12:12:55,437 - INFO -   Batch 184/203 | Batch Energy: 0.6103 | Perplexity: 1196.3938
2026-05-15 12:12:55,451 - INFO -   Batch 185/203 | Batch Energy: 0.6104 | Perplexity: 1217.1996
2026-05-15 12:12:55,466 - INFO -   Batch 186/203 | Batch Energy: 0.6107 | Perplexity: 1237.3025
2026-05-15 12:12:55,480 - INFO -   Batch 187/203 | Batch Energy: 0.6082 | Perplexity: 1210.8030
2026-05-15 12:12:55,495 - INFO -   Batch 188/203 | Batch Energy: 0.6090 | Perplexity: 1211.0201
2026-05-15 12:12:55,510 - INFO -   Batch 189/203 | Batch Energy: 0.6093 | Perplexity: 1191.5874
2026-05-15 12:12:55,524 - INFO -   Batch 190/203 | Batch Energy: 0.6102 | Perplexity: 1178.9006
2026-05-15 12:12:55,539 - INFO -   Batch 191/203 | Batch Energy: 0.6069 | Perplexity: 1227.5005
2026-05-15 12:12:55,553 - INFO -   Batch 192/203 | Batch Energy: 0.6089 | Perplexity: 1227.1710
2026-05-15 12:12:55,567 - INFO -   Batch 193/203 | Batch Energy: 0.6090 | Perplexity: 1219.5369
2026-05-15 12:12:55,582 - INFO -   Batch 194/203 | Batch Energy: 0.6084 | Perplexity: 1218.2437
2026-05-15 12:12:55,596 - INFO -   Batch 195/203 | Batch Energy: 0.6084 | Perplexity: 1234.7935
2026-05-15 12:12:55,610 - INFO -   Batch 196/203 | Batch Energy: 0.6083 | Perplexity: 1230.5280
2026-05-15 12:12:55,624 - INFO -   Batch 197/203 | Batch Energy: 0.6083 | Perplexity: 1201.1640
2026-05-15 12:12:55,638 - INFO -   Batch 198/203 | Batch Energy: 0.6096 | Perplexity: 1220.5974
2026-05-15 12:12:55,652 - INFO -   Batch 199/203 | Batch Energy: 0.6080 | Perplexity: 1190.1059
2026-05-15 12:12:55,666 - INFO -   Batch 200/203 | Batch Energy: 0.6107 | Perplexity: 1174.8512
2026-05-15 12:12:55,679 - INFO -   Batch 201/203 | Batch Energy: 0.6080 | Perplexity: 1220.0313
2026-05-15 12:12:55,693 - INFO -   Batch 202/203 | Batch Energy: 0.6068 | Perplexity: 1207.0693
2026-05-15 12:12:55,707 - INFO -   Batch 203/203 | Batch Energy: 0.6087 | Perplexity: 1196.9929
2026-05-15 12:12:55,866 - INFO - Epoch 9/10 | Train Energy: 0.6088 | Train Perplexity: 1211.3986 | Val Energy: 0.6067 | Val Perplexity: 1205.7375
2026-05-15 12:12:55,866 - INFO - Epoch 10/10
2026-05-15 12:12:55,880 - INFO -   Batch 1/203 | Batch Energy: 0.5644 | Perplexity: 1234.0000
2026-05-15 12:12:55,894 - INFO -   Batch 2/203 | Batch Energy: 0.5655 | Perplexity: 1209.0428
2026-05-15 12:12:55,908 - INFO -   Batch 3/203 | Batch Energy: 0.5663 | Perplexity: 1221.0270
2026-05-15 12:12:55,922 - INFO -   Batch 4/203 | Batch Energy: 0.5704 | Perplexity: 1180.8743
2026-05-15 12:12:55,937 - INFO -   Batch 5/203 | Batch Energy: 0.5795 | Perplexity: 1227.6826
2026-05-15 12:12:55,952 - INFO -   Batch 6/203 | Batch Energy: 0.5890 | Perplexity: 1216.9356
2026-05-15 12:12:55,967 - INFO -   Batch 7/203 | Batch Energy: 0.5961 | Perplexity: 1210.1421
2026-05-15 12:12:55,981 - INFO -   Batch 8/203 | Batch Energy: 0.5993 | Perplexity: 1220.9292
2026-05-15 12:12:55,995 - INFO -   Batch 9/203 | Batch Energy: 0.6035 | Perplexity: 1229.3333
2026-05-15 12:12:56,010 - INFO -   Batch 10/203 | Batch Energy: 0.6060 | Perplexity: 1201.2109
2026-05-15 12:12:56,024 - INFO -   Batch 11/203 | Batch Energy: 0.6053 | Perplexity: 1210.4440
2026-05-15 12:12:56,039 - INFO -   Batch 12/203 | Batch Energy: 0.6060 | Perplexity: 1209.5070
2026-05-15 12:12:56,053 - INFO -   Batch 13/203 | Batch Energy: 0.6094 | Perplexity: 1207.8932
2026-05-15 12:12:56,067 - INFO -   Batch 14/203 | Batch Energy: 0.6095 | Perplexity: 1205.1610
2026-05-15 12:12:56,081 - INFO -   Batch 15/203 | Batch Energy: 0.6096 | Perplexity: 1214.4001
2026-05-15 12:12:56,095 - INFO -   Batch 16/203 | Batch Energy: 0.6077 | Perplexity: 1210.0313
2026-05-15 12:12:56,109 - INFO -   Batch 17/203 | Batch Energy: 0.6091 | Perplexity: 1223.0030
2026-05-15 12:12:56,124 - INFO -   Batch 18/203 | Batch Energy: 0.6078 | Perplexity: 1210.6904
2026-05-15 12:12:56,138 - INFO -   Batch 19/203 | Batch Energy: 0.6074 | Perplexity: 1205.9756
2026-05-15 12:12:56,152 - INFO -   Batch 20/203 | Batch Energy: 0.6103 | Perplexity: 1212.4768
2026-05-15 12:12:56,167 - INFO -   Batch 21/203 | Batch Energy: 0.6101 | Perplexity: 1219.8503
2026-05-15 12:12:56,180 - INFO -   Batch 22/203 | Batch Energy: 0.6072 | Perplexity: 1211.4660
2026-05-15 12:12:56,195 - INFO -   Batch 23/203 | Batch Energy: 0.6085 | Perplexity: 1221.1499
2026-05-15 12:12:56,210 - INFO -   Batch 24/203 | Batch Energy: 0.6115 | Perplexity: 1237.3515
2026-05-15 12:12:56,224 - INFO -   Batch 25/203 | Batch Energy: 0.6070 | Perplexity: 1221.4498
2026-05-15 12:12:56,239 - INFO -   Batch 26/203 | Batch Energy: 0.6099 | Perplexity: 1229.7244
2026-05-15 12:12:56,253 - INFO -   Batch 27/203 | Batch Energy: 0.6094 | Perplexity: 1209.0122
2026-05-15 12:12:56,268 - INFO -   Batch 28/203 | Batch Energy: 0.6075 | Perplexity: 1180.7003
2026-05-15 12:12:56,282 - INFO -   Batch 29/203 | Batch Energy: 0.6076 | Perplexity: 1231.1572
2026-05-15 12:12:56,296 - INFO -   Batch 30/203 | Batch Energy: 0.6075 | Perplexity: 1218.3413
2026-05-15 12:12:56,310 - INFO -   Batch 31/203 | Batch Energy: 0.6090 | Perplexity: 1251.0013
2026-05-15 12:12:56,324 - INFO -   Batch 32/203 | Batch Energy: 0.6068 | Perplexity: 1224.4513
2026-05-15 12:12:56,338 - INFO -   Batch 33/203 | Batch Energy: 0.6095 | Perplexity: 1224.2376
2026-05-15 12:12:56,353 - INFO -   Batch 34/203 | Batch Energy: 0.6078 | Perplexity: 1216.4831
2026-05-15 12:12:56,367 - INFO -   Batch 35/203 | Batch Energy: 0.6094 | Perplexity: 1205.4461
2026-05-15 12:12:56,381 - INFO -   Batch 36/203 | Batch Energy: 0.6081 | Perplexity: 1235.2805
2026-05-15 12:12:56,396 - INFO -   Batch 37/203 | Batch Energy: 0.6088 | Perplexity: 1200.7070
2026-05-15 12:12:56,410 - INFO -   Batch 38/203 | Batch Energy: 0.6097 | Perplexity: 1206.4277
2026-05-15 12:12:56,425 - INFO -   Batch 39/203 | Batch Energy: 0.6080 | Perplexity: 1212.5699
2026-05-15 12:12:56,439 - INFO -   Batch 40/203 | Batch Energy: 0.6076 | Perplexity: 1180.6108
2026-05-15 12:12:56,454 - INFO -   Batch 41/203 | Batch Energy: 0.6069 | Perplexity: 1157.2834
2026-05-15 12:12:56,468 - INFO -   Batch 42/203 | Batch Energy: 0.6084 | Perplexity: 1202.9752
2026-05-15 12:12:56,482 - INFO -   Batch 43/203 | Batch Energy: 0.6084 | Perplexity: 1208.0222
2026-05-15 12:12:56,497 - INFO -   Batch 44/203 | Batch Energy: 0.6087 | Perplexity: 1188.5900
2026-05-15 12:12:56,511 - INFO -   Batch 45/203 | Batch Energy: 0.6100 | Perplexity: 1181.2494
2026-05-15 12:12:56,526 - INFO -   Batch 46/203 | Batch Energy: 0.6069 | Perplexity: 1206.6889
2026-05-15 12:12:56,540 - INFO -   Batch 47/203 | Batch Energy: 0.6086 | Perplexity: 1254.2273
2026-05-15 12:12:56,554 - INFO -   Batch 48/203 | Batch Energy: 0.6102 | Perplexity: 1223.3226
2026-05-15 12:12:56,569 - INFO -   Batch 49/203 | Batch Energy: 0.6071 | Perplexity: 1178.8253
2026-05-15 12:12:56,584 - INFO -   Batch 50/203 | Batch Energy: 0.6090 | Perplexity: 1209.1794
2026-05-15 12:12:56,598 - INFO -   Batch 51/203 | Batch Energy: 0.6073 | Perplexity: 1240.8044
2026-05-15 12:12:56,613 - INFO -   Batch 52/203 | Batch Energy: 0.6094 | Perplexity: 1203.2013
2026-05-15 12:12:56,631 - INFO -   Batch 53/203 | Batch Energy: 0.6097 | Perplexity: 1225.4349
2026-05-15 12:12:56,646 - INFO -   Batch 54/203 | Batch Energy: 0.6090 | Perplexity: 1229.8810
2026-05-15 12:12:56,660 - INFO -   Batch 55/203 | Batch Energy: 0.6078 | Perplexity: 1216.6217
2026-05-15 12:12:56,675 - INFO -   Batch 56/203 | Batch Energy: 0.6078 | Perplexity: 1210.0313
2026-05-15 12:12:56,689 - INFO -   Batch 57/203 | Batch Energy: 0.6067 | Perplexity: 1202.5600
2026-05-15 12:12:56,704 - INFO -   Batch 58/203 | Batch Energy: 0.6077 | Perplexity: 1239.2942
2026-05-15 12:12:56,718 - INFO -   Batch 59/203 | Batch Energy: 0.6086 | Perplexity: 1254.5174
2026-05-15 12:12:56,733 - INFO -   Batch 60/203 | Batch Energy: 0.6087 | Perplexity: 1255.0798
2026-05-15 12:12:56,747 - INFO -   Batch 61/203 | Batch Energy: 0.6076 | Perplexity: 1229.8716
2026-05-15 12:12:56,762 - INFO -   Batch 62/203 | Batch Energy: 0.6090 | Perplexity: 1225.2766
2026-05-15 12:12:56,776 - INFO -   Batch 63/203 | Batch Energy: 0.6090 | Perplexity: 1223.7211
2026-05-15 12:12:56,791 - INFO -   Batch 64/203 | Batch Energy: 0.6087 | Perplexity: 1220.3571
2026-05-15 12:12:56,805 - INFO -   Batch 65/203 | Batch Energy: 0.6088 | Perplexity: 1219.7299
2026-05-15 12:12:56,820 - INFO -   Batch 66/203 | Batch Energy: 0.6093 | Perplexity: 1206.8569
2026-05-15 12:12:56,834 - INFO -   Batch 67/203 | Batch Energy: 0.6068 | Perplexity: 1200.1815
2026-05-15 12:12:56,849 - INFO -   Batch 68/203 | Batch Energy: 0.6090 | Perplexity: 1216.6751
2026-05-15 12:12:56,864 - INFO -   Batch 69/203 | Batch Energy: 0.6062 | Perplexity: 1213.2269
2026-05-15 12:12:56,878 - INFO -   Batch 70/203 | Batch Energy: 0.6072 | Perplexity: 1216.0139
2026-05-15 12:12:56,893 - INFO -   Batch 71/203 | Batch Energy: 0.6111 | Perplexity: 1254.0473
2026-05-15 12:12:56,907 - INFO -   Batch 72/203 | Batch Energy: 0.6059 | Perplexity: 1209.1431
2026-05-15 12:12:56,922 - INFO -   Batch 73/203 | Batch Energy: 0.6093 | Perplexity: 1192.3422
2026-05-15 12:12:56,936 - INFO -   Batch 74/203 | Batch Energy: 0.6090 | Perplexity: 1184.7513
2026-05-15 12:12:56,951 - INFO -   Batch 75/203 | Batch Energy: 0.6062 | Perplexity: 1228.0924
2026-05-15 12:12:56,966 - INFO -   Batch 76/203 | Batch Energy: 0.6078 | Perplexity: 1195.2340
2026-05-15 12:12:56,981 - INFO -   Batch 77/203 | Batch Energy: 0.6093 | Perplexity: 1220.2017
2026-05-15 12:12:56,995 - INFO -   Batch 78/203 | Batch Energy: 0.6087 | Perplexity: 1236.4792
2026-05-15 12:12:57,010 - INFO -   Batch 79/203 | Batch Energy: 0.6059 | Perplexity: 1189.5635
2026-05-15 12:12:57,024 - INFO -   Batch 80/203 | Batch Energy: 0.6091 | Perplexity: 1230.1689
2026-05-15 12:12:57,039 - INFO -   Batch 81/203 | Batch Energy: 0.6074 | Perplexity: 1223.6680
2026-05-15 12:12:57,053 - INFO -   Batch 82/203 | Batch Energy: 0.6075 | Perplexity: 1236.6649
2026-05-15 12:12:57,068 - INFO -   Batch 83/203 | Batch Energy: 0.6079 | Perplexity: 1210.8896
2026-05-15 12:12:57,083 - INFO -   Batch 84/203 | Batch Energy: 0.6093 | Perplexity: 1219.6090
2026-05-15 12:12:57,097 - INFO -   Batch 85/203 | Batch Energy: 0.6079 | Perplexity: 1200.4127
2026-05-15 12:12:57,112 - INFO -   Batch 86/203 | Batch Energy: 0.6069 | Perplexity: 1218.6451
2026-05-15 12:12:57,126 - INFO -   Batch 87/203 | Batch Energy: 0.6093 | Perplexity: 1246.7601
2026-05-15 12:12:57,140 - INFO -   Batch 88/203 | Batch Energy: 0.6098 | Perplexity: 1194.9451
2026-05-15 12:12:57,155 - INFO -   Batch 89/203 | Batch Energy: 0.6077 | Perplexity: 1203.4882
2026-05-15 12:12:57,169 - INFO -   Batch 90/203 | Batch Energy: 0.6079 | Perplexity: 1240.4518
2026-05-15 12:12:57,183 - INFO -   Batch 91/203 | Batch Energy: 0.6073 | Perplexity: 1234.1219
2026-05-15 12:12:57,197 - INFO -   Batch 92/203 | Batch Energy: 0.6092 | Perplexity: 1199.9469
2026-05-15 12:12:57,211 - INFO -   Batch 93/203 | Batch Energy: 0.6086 | Perplexity: 1229.3368
2026-05-15 12:12:57,225 - INFO -   Batch 94/203 | Batch Energy: 0.6054 | Perplexity: 1180.2050
2026-05-15 12:12:57,239 - INFO -   Batch 95/203 | Batch Energy: 0.6059 | Perplexity: 1221.2372
2026-05-15 12:12:57,253 - INFO -   Batch 96/203 | Batch Energy: 0.6084 | Perplexity: 1206.8621
2026-05-15 12:12:57,267 - INFO -   Batch 97/203 | Batch Energy: 0.6055 | Perplexity: 1189.4399
2026-05-15 12:12:57,281 - INFO -   Batch 98/203 | Batch Energy: 0.6086 | Perplexity: 1214.0498
2026-05-15 12:12:57,295 - INFO -   Batch 99/203 | Batch Energy: 0.6068 | Perplexity: 1211.2228
2026-05-15 12:12:57,309 - INFO -   Batch 100/203 | Batch Energy: 0.6091 | Perplexity: 1214.0811
2026-05-15 12:12:57,323 - INFO -   Batch 101/203 | Batch Energy: 0.6075 | Perplexity: 1195.9209
2026-05-15 12:12:57,337 - INFO -   Batch 102/203 | Batch Energy: 0.6074 | Perplexity: 1220.7657
2026-05-15 12:12:57,351 - INFO -   Batch 103/203 | Batch Energy: 0.6052 | Perplexity: 1206.2551
2026-05-15 12:12:57,366 - INFO -   Batch 104/203 | Batch Energy: 0.6093 | Perplexity: 1222.9079
2026-05-15 12:12:57,380 - INFO -   Batch 105/203 | Batch Energy: 0.6073 | Perplexity: 1203.5433
2026-05-15 12:12:57,394 - INFO -   Batch 106/203 | Batch Energy: 0.6094 | Perplexity: 1212.9417
2026-05-15 12:12:57,408 - INFO -   Batch 107/203 | Batch Energy: 0.6062 | Perplexity: 1180.6609
2026-05-15 12:12:57,422 - INFO -   Batch 108/203 | Batch Energy: 0.6074 | Perplexity: 1213.2078
2026-05-15 12:12:57,435 - INFO -   Batch 109/203 | Batch Energy: 0.6104 | Perplexity: 1232.3636
2026-05-15 12:12:57,449 - INFO -   Batch 110/203 | Batch Energy: 0.6079 | Perplexity: 1226.8960
2026-05-15 12:12:57,463 - INFO -   Batch 111/203 | Batch Energy: 0.6080 | Perplexity: 1217.1979
2026-05-15 12:12:57,477 - INFO -   Batch 112/203 | Batch Energy: 0.6079 | Perplexity: 1198.8094
2026-05-15 12:12:57,491 - INFO -   Batch 113/203 | Batch Energy: 0.6078 | Perplexity: 1186.6295
2026-05-15 12:12:57,505 - INFO -   Batch 114/203 | Batch Energy: 0.6072 | Perplexity: 1215.8620
2026-05-15 12:12:57,519 - INFO -   Batch 115/203 | Batch Energy: 0.6076 | Perplexity: 1218.8706
2026-05-15 12:12:57,534 - INFO -   Batch 116/203 | Batch Energy: 0.6067 | Perplexity: 1241.0949
2026-05-15 12:12:57,548 - INFO -   Batch 117/203 | Batch Energy: 0.6083 | Perplexity: 1231.7062
2026-05-15 12:12:57,562 - INFO -   Batch 118/203 | Batch Energy: 0.6081 | Perplexity: 1218.3819
2026-05-15 12:12:57,576 - INFO -   Batch 119/203 | Batch Energy: 0.6075 | Perplexity: 1215.4944
2026-05-15 12:12:57,590 - INFO -   Batch 120/203 | Batch Energy: 0.6093 | Perplexity: 1221.4452
2026-05-15 12:12:57,604 - INFO -   Batch 121/203 | Batch Energy: 0.6077 | Perplexity: 1220.9141
2026-05-15 12:12:57,618 - INFO -   Batch 122/203 | Batch Energy: 0.6074 | Perplexity: 1237.3432
2026-05-15 12:12:57,632 - INFO -   Batch 123/203 | Batch Energy: 0.6082 | Perplexity: 1191.4528
2026-05-15 12:12:57,646 - INFO -   Batch 124/203 | Batch Energy: 0.6071 | Perplexity: 1195.7915
2026-05-15 12:12:57,660 - INFO -   Batch 125/203 | Batch Energy: 0.6075 | Perplexity: 1216.1154
2026-05-15 12:12:57,674 - INFO -   Batch 126/203 | Batch Energy: 0.6082 | Perplexity: 1241.2772
2026-05-15 12:12:57,688 - INFO -   Batch 127/203 | Batch Energy: 0.6075 | Perplexity: 1220.3222
2026-05-15 12:12:57,702 - INFO -   Batch 128/203 | Batch Energy: 0.6079 | Perplexity: 1247.8586
2026-05-15 12:12:57,716 - INFO -   Batch 129/203 | Batch Energy: 0.6077 | Perplexity: 1230.0170
2026-05-15 12:12:57,730 - INFO -   Batch 130/203 | Batch Energy: 0.6056 | Perplexity: 1225.5664
2026-05-15 12:12:57,744 - INFO -   Batch 131/203 | Batch Energy: 0.6061 | Perplexity: 1204.1012
2026-05-15 12:12:57,758 - INFO -   Batch 132/203 | Batch Energy: 0.6060 | Perplexity: 1201.0569
2026-05-15 12:12:57,772 - INFO -   Batch 133/203 | Batch Energy: 0.6070 | Perplexity: 1213.1858
2026-05-15 12:12:57,786 - INFO -   Batch 134/203 | Batch Energy: 0.6066 | Perplexity: 1137.7914
2026-05-15 12:12:57,800 - INFO -   Batch 135/203 | Batch Energy: 0.6075 | Perplexity: 1180.1358
2026-05-15 12:12:57,814 - INFO -   Batch 136/203 | Batch Energy: 0.6087 | Perplexity: 1222.2364
2026-05-15 12:12:57,828 - INFO -   Batch 137/203 | Batch Energy: 0.6067 | Perplexity: 1212.2218
2026-05-15 12:12:57,842 - INFO -   Batch 138/203 | Batch Energy: 0.6092 | Perplexity: 1216.6240
2026-05-15 12:12:57,856 - INFO -   Batch 139/203 | Batch Energy: 0.6076 | Perplexity: 1212.5635
2026-05-15 12:12:57,870 - INFO -   Batch 140/203 | Batch Energy: 0.6068 | Perplexity: 1220.7249
2026-05-15 12:12:57,885 - INFO -   Batch 141/203 | Batch Energy: 0.6110 | Perplexity: 1203.7533
2026-05-15 12:12:57,899 - INFO -   Batch 142/203 | Batch Energy: 0.6073 | Perplexity: 1212.7538
2026-05-15 12:12:57,914 - INFO -   Batch 143/203 | Batch Energy: 0.6087 | Perplexity: 1215.8736
2026-05-15 12:12:57,929 - INFO -   Batch 144/203 | Batch Energy: 0.6068 | Perplexity: 1211.1859
2026-05-15 12:12:57,944 - INFO -   Batch 145/203 | Batch Energy: 0.6104 | Perplexity: 1206.4351
2026-05-15 12:12:57,958 - INFO -   Batch 146/203 | Batch Energy: 0.6089 | Perplexity: 1230.9042
2026-05-15 12:12:57,973 - INFO -   Batch 147/203 | Batch Energy: 0.6086 | Perplexity: 1174.7907
2026-05-15 12:12:57,987 - INFO -   Batch 148/203 | Batch Energy: 0.6099 | Perplexity: 1226.3755
2026-05-15 12:12:58,002 - INFO -   Batch 149/203 | Batch Energy: 0.6049 | Perplexity: 1197.9311
2026-05-15 12:12:58,016 - INFO -   Batch 150/203 | Batch Energy: 0.6070 | Perplexity: 1227.3197
2026-05-15 12:12:58,031 - INFO -   Batch 151/203 | Batch Energy: 0.6070 | Perplexity: 1218.9189
2026-05-15 12:12:58,045 - INFO -   Batch 152/203 | Batch Energy: 0.6067 | Perplexity: 1214.1332
2026-05-15 12:12:58,059 - INFO -   Batch 153/203 | Batch Energy: 0.6074 | Perplexity: 1235.9917
2026-05-15 12:12:58,073 - INFO -   Batch 154/203 | Batch Energy: 0.6079 | Perplexity: 1188.6263
2026-05-15 12:12:58,087 - INFO -   Batch 155/203 | Batch Energy: 0.6093 | Perplexity: 1206.1964
2026-05-15 12:12:58,101 - INFO -   Batch 156/203 | Batch Energy: 0.6051 | Perplexity: 1216.4819
2026-05-15 12:12:58,116 - INFO -   Batch 157/203 | Batch Energy: 0.6084 | Perplexity: 1225.8358
2026-05-15 12:12:58,130 - INFO -   Batch 158/203 | Batch Energy: 0.6079 | Perplexity: 1202.8393
2026-05-15 12:12:58,144 - INFO -   Batch 159/203 | Batch Energy: 0.6094 | Perplexity: 1201.0025
2026-05-15 12:12:58,158 - INFO -   Batch 160/203 | Batch Energy: 0.6065 | Perplexity: 1207.6421
2026-05-15 12:12:58,172 - INFO -   Batch 161/203 | Batch Energy: 0.6051 | Perplexity: 1184.6406
2026-05-15 12:12:58,186 - INFO -   Batch 162/203 | Batch Energy: 0.6078 | Perplexity: 1224.4308
2026-05-15 12:12:58,200 - INFO -   Batch 163/203 | Batch Energy: 0.6079 | Perplexity: 1232.6057
2026-05-15 12:12:58,214 - INFO -   Batch 164/203 | Batch Energy: 0.6044 | Perplexity: 1237.2789
2026-05-15 12:12:58,228 - INFO -   Batch 165/203 | Batch Energy: 0.6065 | Perplexity: 1190.0719
2026-05-15 12:12:58,242 - INFO -   Batch 166/203 | Batch Energy: 0.6072 | Perplexity: 1194.9371
2026-05-15 12:12:58,256 - INFO -   Batch 167/203 | Batch Energy: 0.6077 | Perplexity: 1259.7758
2026-05-15 12:12:58,270 - INFO -   Batch 168/203 | Batch Energy: 0.6084 | Perplexity: 1221.8500
2026-05-15 12:12:58,284 - INFO -   Batch 169/203 | Batch Energy: 0.6090 | Perplexity: 1211.3823
2026-05-15 12:12:58,300 - INFO -   Batch 170/203 | Batch Energy: 0.6081 | Perplexity: 1204.8013
2026-05-15 12:12:58,316 - INFO -   Batch 171/203 | Batch Energy: 0.6069 | Perplexity: 1211.2598
2026-05-15 12:12:58,330 - INFO -   Batch 172/203 | Batch Energy: 0.6079 | Perplexity: 1212.2571
2026-05-15 12:12:58,345 - INFO -   Batch 173/203 | Batch Energy: 0.6084 | Perplexity: 1199.2753
2026-05-15 12:12:58,360 - INFO -   Batch 174/203 | Batch Energy: 0.6073 | Perplexity: 1223.6942
2026-05-15 12:12:58,376 - INFO -   Batch 175/203 | Batch Energy: 0.6062 | Perplexity: 1213.2986
2026-05-15 12:12:58,391 - INFO -   Batch 176/203 | Batch Energy: 0.6076 | Perplexity: 1184.2684
2026-05-15 12:12:58,406 - INFO -   Batch 177/203 | Batch Energy: 0.6080 | Perplexity: 1235.5385
2026-05-15 12:12:58,420 - INFO -   Batch 178/203 | Batch Energy: 0.6082 | Perplexity: 1219.3572
2026-05-15 12:12:58,435 - INFO -   Batch 179/203 | Batch Energy: 0.6062 | Perplexity: 1210.5917
2026-05-15 12:12:58,449 - INFO -   Batch 180/203 | Batch Energy: 0.6066 | Perplexity: 1253.2869
2026-05-15 12:12:58,462 - INFO -   Batch 181/203 | Batch Energy: 0.6064 | Perplexity: 1234.0942
2026-05-15 12:12:58,476 - INFO -   Batch 182/203 | Batch Energy: 0.6066 | Perplexity: 1225.0242
2026-05-15 12:12:58,490 - INFO -   Batch 183/203 | Batch Energy: 0.6057 | Perplexity: 1236.0365
2026-05-15 12:12:58,504 - INFO -   Batch 184/203 | Batch Energy: 0.6079 | Perplexity: 1217.7872
2026-05-15 12:12:58,518 - INFO -   Batch 185/203 | Batch Energy: 0.6070 | Perplexity: 1186.6533
2026-05-15 12:12:58,532 - INFO -   Batch 186/203 | Batch Energy: 0.6069 | Perplexity: 1223.9767
2026-05-15 12:12:58,546 - INFO -   Batch 187/203 | Batch Energy: 0.6081 | Perplexity: 1201.4412
2026-05-15 12:12:58,560 - INFO -   Batch 188/203 | Batch Energy: 0.6066 | Perplexity: 1186.0152
2026-05-15 12:12:58,574 - INFO -   Batch 189/203 | Batch Energy: 0.6056 | Perplexity: 1223.5787
2026-05-15 12:12:58,588 - INFO -   Batch 190/203 | Batch Energy: 0.6055 | Perplexity: 1233.0519
2026-05-15 12:12:58,602 - INFO -   Batch 191/203 | Batch Energy: 0.6075 | Perplexity: 1243.3404
2026-05-15 12:12:58,616 - INFO -   Batch 192/203 | Batch Energy: 0.6066 | Perplexity: 1193.6392
2026-05-15 12:12:58,630 - INFO -   Batch 193/203 | Batch Energy: 0.6064 | Perplexity: 1193.8498
2026-05-15 12:12:58,644 - INFO -   Batch 194/203 | Batch Energy: 0.6076 | Perplexity: 1203.9571
2026-05-15 12:12:58,658 - INFO -   Batch 195/203 | Batch Energy: 0.6082 | Perplexity: 1212.3016
2026-05-15 12:12:58,672 - INFO -   Batch 196/203 | Batch Energy: 0.6053 | Perplexity: 1213.8183
2026-05-15 12:12:58,686 - INFO -   Batch 197/203 | Batch Energy: 0.6070 | Perplexity: 1189.8704
2026-05-15 12:12:58,700 - INFO -   Batch 198/203 | Batch Energy: 0.6045 | Perplexity: 1188.8235
2026-05-15 12:12:58,714 - INFO -   Batch 199/203 | Batch Energy: 0.6089 | Perplexity: 1249.0766
2026-05-15 12:12:58,728 - INFO -   Batch 200/203 | Batch Energy: 0.6068 | Perplexity: 1220.9822
2026-05-15 12:12:58,741 - INFO -   Batch 201/203 | Batch Energy: 0.6080 | Perplexity: 1226.2351
2026-05-15 12:12:58,755 - INFO -   Batch 202/203 | Batch Energy: 0.6066 | Perplexity: 1209.7008
2026-05-15 12:12:58,769 - INFO -   Batch 203/203 | Batch Energy: 0.6067 | Perplexity: 1197.8323
2026-05-15 12:12:58,928 - INFO - Epoch 10/10 | Train Energy: 0.6066 | Train Perplexity: 1214.0600 | Val Energy: 0.6050 | Val Perplexity: 1209.2360
2026-05-15 12:12:58,937 - INFO - Saved checkpoint to checkpoints/model_epoch_10.pt
2026-05-15 12:12:59,154 - INFO - Training completed in 30.96 seconds
2026-05-15 12:12:59,154 - INFO - Final model saved to: checkpoints/final_model.pt
2026-05-15 12:12:59,154 - INFO - ========== Training completed ==========
2026-05-15 12:19:05,667 - INFO - 
########################################################################################################################
2026-05-15 12:19:05,667 - INFO - Using device: cuda:0 (local rank 0)
2026-05-15 12:19:05,667 - INFO - Saving the hyperparameters configurations:
2026-05-15 12:19:05,667 - INFO - {
      "vocab_size": 1024,
      "block_size": 240,
      "lr": 3.885392918546742e-06,
      "inference_lr": 0.0003885392918546742,
      "peak_learning_rate": 3.885392918546742e-05,
      "warmup_steps": 356,
      "n_embed": 128,
      "dropout": 0.13792051616168877,
      "T": 1,
      "update_bias": false,
      "num_heads": 8,
      "n_blocks": 1,
      "batch_size": 8,
      "num_epochs": 10,
      "internal_energy_fn_name": "pc_e",
      "output_energy_fn_name": "pc_e",
      "combined_internal_weight": 0.6015226149249674,
      "combined_output_weight": 0.3984773850750326,
      "use_flash_attention": false,
      "alpha": 0.5
}
2026-05-15 12:19:05,828 - INFO - ========== Training started ==========
2026-05-15 12:19:05,828 - INFO - 0.49 M parameters
2026-05-15 12:19:05,828 - INFO - Epoch 1/10
2026-05-15 12:19:06,151 - INFO -   Batch 1/203 | Batch Energy: 0.6328 | Perplexity: 1204.8950
2026-05-15 12:19:09,188 - INFO - Epoch 1/10 | Train Energy: 0.6149 | Train Perplexity: 1212.1539 | Val Energy: 0.6045 | Val Perplexity: 1207.3560
2026-05-15 12:19:09,188 - INFO - Epoch 2/10
2026-05-15 12:19:09,203 - INFO -   Batch 1/203 | Batch Energy: 0.6042 | Perplexity: 1215.5095
2026-05-15 12:19:12,164 - INFO - Epoch 2/10 | Train Energy: 0.6272 | Train Perplexity: 1211.2229 | Val Energy: 0.6372 | Val Perplexity: 1209.4243
2026-05-15 12:19:12,165 - INFO - Epoch 3/10
2026-05-15 12:19:12,179 - INFO -   Batch 1/203 | Batch Energy: 0.5941 | Perplexity: 1226.5100
2026-05-15 12:19:15,139 - INFO - Epoch 3/10 | Train Energy: 0.6331 | Train Perplexity: 1215.6394 | Val Energy: 0.6298 | Val Perplexity: 1212.5391
2026-05-15 12:19:15,139 - INFO - Epoch 4/10
2026-05-15 12:19:15,154 - INFO -   Batch 1/203 | Batch Energy: 0.5873 | Perplexity: 1204.2666
2026-05-15 12:19:18,086 - INFO - Epoch 4/10 | Train Energy: 0.6264 | Train Perplexity: 1214.4013 | Val Energy: 0.6239 | Val Perplexity: 1210.0990
2026-05-15 12:19:18,086 - INFO - Epoch 5/10
2026-05-15 12:19:18,100 - INFO -   Batch 1/203 | Batch Energy: 0.5819 | Perplexity: 1201.9930
2026-05-15 12:19:21,045 - INFO - Epoch 5/10 | Train Energy: 0.6214 | Train Perplexity: 1211.6690 | Val Energy: 0.6192 | Val Perplexity: 1205.2392
2026-05-15 12:19:21,056 - INFO - Saved checkpoint to checkpoints/model_epoch_5.pt
2026-05-15 12:19:21,056 - INFO - Epoch 6/10
2026-05-15 12:19:21,071 - INFO -   Batch 1/203 | Batch Energy: 0.5770 | Perplexity: 1207.6064
2026-05-15 12:19:23,983 - INFO - Epoch 6/10 | Train Energy: 0.6173 | Train Perplexity: 1213.9848 | Val Energy: 0.6151 | Val Perplexity: 1210.7506
2026-05-15 12:19:23,983 - INFO - Epoch 7/10
2026-05-15 12:19:23,997 - INFO -   Batch 1/203 | Batch Energy: 0.5719 | Perplexity: 1181.4899
2026-05-15 12:19:26,895 - INFO - Epoch 7/10 | Train Energy: 0.6140 | Train Perplexity: 1213.7960 | Val Energy: 0.6122 | Val Perplexity: 1217.0684
2026-05-15 12:19:26,895 - INFO - Epoch 8/10
2026-05-15 12:19:26,909 - INFO -   Batch 1/203 | Batch Energy: 0.5695 | Perplexity: 1212.1883
2026-05-15 12:19:29,815 - INFO - Epoch 8/10 | Train Energy: 0.6113 | Train Perplexity: 1211.5694 | Val Energy: 0.6092 | Val Perplexity: 1212.4341
2026-05-15 12:19:29,815 - INFO - Epoch 9/10
2026-05-15 12:19:29,829 - INFO -   Batch 1/203 | Batch Energy: 0.5691 | Perplexity: 1242.2287
2026-05-15 12:19:32,733 - INFO - Epoch 9/10 | Train Energy: 0.6088 | Train Perplexity: 1211.3986 | Val Energy: 0.6067 | Val Perplexity: 1205.7375
2026-05-15 12:19:32,733 - INFO - Epoch 10/10
2026-05-15 12:19:32,746 - INFO -   Batch 1/203 | Batch Energy: 0.5644 | Perplexity: 1234.0000
2026-05-15 12:19:35,637 - INFO - Epoch 10/10 | Train Energy: 0.6066 | Train Perplexity: 1214.0600 | Val Energy: 0.6050 | Val Perplexity: 1209.2360
2026-05-15 12:19:35,646 - INFO - Saved checkpoint to checkpoints/model_epoch_10.pt
2026-05-15 12:19:35,853 - INFO - Training completed in 30.03 seconds
2026-05-15 12:19:35,853 - INFO - Final model saved to: checkpoints/final_model.pt
2026-05-15 12:19:35,853 - INFO - ========== Training completed ==========
2026-05-15 12:28:20,566 - INFO - 
########################################################################################################################
2026-05-15 12:28:20,566 - INFO - Using device: cuda:0 (local rank 0)
2026-05-15 12:28:20,566 - INFO - Saving the hyperparameters configurations:
2026-05-15 12:28:20,566 - INFO - {
      "vocab_size": 1024,
      "block_size": 240,
      "lr": 3.885392918546742e-06,
      "inference_lr": 0.0003885392918546742,
      "peak_learning_rate": 3.885392918546742e-05,
      "warmup_steps": 356,
      "n_embed": 128,
      "dropout": 0.13792051616168877,
      "T": 1,
      "update_bias": false,
      "num_heads": 8,
      "n_blocks": 1,
      "batch_size": 8,
      "num_epochs": 10,
      "internal_energy_fn_name": "pc_e",
      "output_energy_fn_name": "pc_e",
      "combined_internal_weight": 0.6015226149249674,
      "combined_output_weight": 0.3984773850750326,
      "use_flash_attention": false,
      "alpha": 0.5
}
2026-05-15 12:28:20,727 - INFO - ========== Training started ==========
2026-05-15 12:28:20,727 - INFO - 0.49 M parameters
2026-05-15 12:28:20,727 - INFO - Epoch 1/10
2026-05-15 12:28:21,203 - INFO -   Batch 10/203 | Batch Energy: 0.6288 | Perplexity: 1216.1820
2026-05-15 12:28:24,046 - INFO - Epoch 1/10 | Train Energy: 0.6149 | Train Perplexity: 1212.1539 | Val Energy: 0.6045 | Val Perplexity: 1207.3560
2026-05-15 12:28:24,046 - INFO - Epoch 2/10
2026-05-15 12:28:24,184 - INFO -   Batch 10/203 | Batch Energy: 0.6046 | Perplexity: 1249.6831
2026-05-15 12:28:27,014 - INFO - Epoch 2/10 | Train Energy: 0.6272 | Train Perplexity: 1211.2229 | Val Energy: 0.6372 | Val Perplexity: 1209.4243
2026-05-15 12:28:27,014 - INFO - Epoch 3/10
2026-05-15 12:28:27,155 - INFO -   Batch 10/203 | Batch Energy: 0.6337 | Perplexity: 1229.3925
2026-05-15 12:28:29,998 - INFO - Epoch 3/10 | Train Energy: 0.6331 | Train Perplexity: 1215.6394 | Val Energy: 0.6298 | Val Perplexity: 1212.5391
2026-05-15 12:28:29,998 - INFO - Epoch 4/10
2026-05-15 12:28:30,142 - INFO -   Batch 10/203 | Batch Energy: 0.6282 | Perplexity: 1231.5182
2026-05-15 12:28:32,957 - INFO - Epoch 4/10 | Train Energy: 0.6264 | Train Perplexity: 1214.4013 | Val Energy: 0.6239 | Val Perplexity: 1210.0990
2026-05-15 12:28:32,958 - INFO - Epoch 5/10
2026-05-15 12:28:33,097 - INFO -   Batch 10/203 | Batch Energy: 0.6247 | Perplexity: 1206.1619
2026-05-15 12:28:35,905 - INFO - Epoch 5/10 | Train Energy: 0.6214 | Train Perplexity: 1211.6690 | Val Energy: 0.6192 | Val Perplexity: 1205.2392
2026-05-15 12:28:35,916 - INFO - Saved checkpoint to checkpoints/model_epoch_5.pt
2026-05-15 12:28:35,916 - INFO - Epoch 6/10
2026-05-15 12:28:36,054 - INFO -   Batch 10/203 | Batch Energy: 0.6145 | Perplexity: 1191.5096
2026-05-15 12:28:38,861 - INFO - Epoch 6/10 | Train Energy: 0.6173 | Train Perplexity: 1213.9848 | Val Energy: 0.6151 | Val Perplexity: 1210.7506
2026-05-15 12:28:38,861 - INFO - Epoch 7/10
2026-05-15 12:28:39,002 - INFO -   Batch 10/203 | Batch Energy: 0.6128 | Perplexity: 1237.5799
2026-05-15 12:28:41,810 - INFO - Epoch 7/10 | Train Energy: 0.6140 | Train Perplexity: 1213.7960 | Val Energy: 0.6122 | Val Perplexity: 1217.0684
2026-05-15 12:28:41,811 - INFO - Epoch 8/10
2026-05-15 12:28:41,950 - INFO -   Batch 10/203 | Batch Energy: 0.6110 | Perplexity: 1208.5684
2026-05-15 12:28:44,774 - INFO - Epoch 8/10 | Train Energy: 0.6113 | Train Perplexity: 1211.5694 | Val Energy: 0.6092 | Val Perplexity: 1212.4341
2026-05-15 12:28:44,774 - INFO - Epoch 9/10
2026-05-15 12:28:44,912 - INFO -   Batch 10/203 | Batch Energy: 0.6060 | Perplexity: 1214.8356
2026-05-15 12:28:47,730 - INFO - Epoch 9/10 | Train Energy: 0.6088 | Train Perplexity: 1211.3986 | Val Energy: 0.6067 | Val Perplexity: 1205.7375
2026-05-15 12:28:47,730 - INFO - Epoch 10/10
2026-05-15 12:28:47,865 - INFO -   Batch 10/203 | Batch Energy: 0.6060 | Perplexity: 1201.2109
2026-05-15 12:28:50,703 - INFO - Epoch 10/10 | Train Energy: 0.6066 | Train Perplexity: 1214.0600 | Val Energy: 0.6050 | Val Perplexity: 1209.2360
2026-05-15 12:28:50,711 - INFO - Saved checkpoint to checkpoints/model_epoch_10.pt
2026-05-15 12:28:50,925 - INFO - Training completed in 30.20 seconds
2026-05-15 12:28:50,925 - INFO - Final model saved to: checkpoints/final_model.pt
2026-05-15 12:28:50,925 - INFO - ========== Training completed ==========
2026-05-15 12:37:25,155 - INFO - 
########################################################################################################################
2026-05-15 12:37:25,155 - INFO - Using device: cuda:0 (local rank 0)
2026-05-15 12:37:25,156 - INFO - Saving the hyperparameters configurations:
2026-05-15 12:37:25,156 - INFO - {
      "vocab_size": 1024,
      "block_size": 240,
      "lr": 3.885392918546742e-06,
      "inference_lr": 0.0003885392918546742,
      "peak_learning_rate": 3.885392918546742e-05,
      "warmup_steps": 356,
      "n_embed": 128,
      "dropout": 0.13792051616168877,
      "T": 1,
      "update_bias": false,
      "num_heads": 8,
      "n_blocks": 1,
      "batch_size": 8,
      "num_epochs": 10,
      "internal_energy_fn_name": "pc_e",
      "output_energy_fn_name": "pc_e",
      "combined_internal_weight": 0.6015226149249674,
      "combined_output_weight": 0.3984773850750326,
      "use_flash_attention": false,
      "alpha": 0.5
}
2026-05-15 12:37:25,334 - INFO - ========== Training started ==========
2026-05-15 12:37:25,335 - INFO - 0.49 M parameters
2026-05-15 12:37:25,335 - INFO - Epoch 1/10
2026-05-15 12:37:25,815 - INFO -   Batch 10/203 | Batch Energy: 0.6288 | Perplexity: 1216.1820
2026-05-15 12:37:28,699 - INFO - Epoch 1/10 | Train Energy: 0.6149 | Train Perplexity: 1212.1539 | Val Energy: 0.6045 | Val Perplexity: 1207.3560
2026-05-15 12:37:28,699 - INFO - Epoch 2/10
2026-05-15 12:37:28,838 - INFO -   Batch 10/203 | Batch Energy: 0.6046 | Perplexity: 1249.6831
2026-05-15 12:37:31,676 - INFO - Epoch 2/10 | Train Energy: 0.6272 | Train Perplexity: 1211.2229 | Val Energy: 0.6372 | Val Perplexity: 1209.4243
2026-05-15 12:37:31,676 - INFO - Epoch 3/10
2026-05-15 12:37:31,813 - INFO -   Batch 10/203 | Batch Energy: 0.6337 | Perplexity: 1229.3925
2026-05-15 12:37:34,644 - INFO - Epoch 3/10 | Train Energy: 0.6331 | Train Perplexity: 1215.6394 | Val Energy: 0.6298 | Val Perplexity: 1212.5391
2026-05-15 12:37:34,644 - INFO - Epoch 4/10
2026-05-15 12:37:34,783 - INFO -   Batch 10/203 | Batch Energy: 0.6282 | Perplexity: 1231.5182
2026-05-15 12:37:37,606 - INFO - Epoch 4/10 | Train Energy: 0.6264 | Train Perplexity: 1214.4013 | Val Energy: 0.6239 | Val Perplexity: 1210.0990
2026-05-15 12:37:37,606 - INFO - Epoch 5/10
2026-05-15 12:37:37,745 - INFO -   Batch 10/203 | Batch Energy: 0.6247 | Perplexity: 1206.1619
2026-05-15 12:37:40,581 - INFO - Epoch 5/10 | Train Energy: 0.6214 | Train Perplexity: 1211.6690 | Val Energy: 0.6192 | Val Perplexity: 1205.2392
2026-05-15 12:37:40,605 - INFO - Saved checkpoint to checkpoints/model_epoch_5.pt
2026-05-15 12:37:40,605 - INFO - Epoch 6/10
2026-05-15 12:37:40,742 - INFO -   Batch 10/203 | Batch Energy: 0.6145 | Perplexity: 1191.5096
2026-05-15 12:37:43,560 - INFO - Epoch 6/10 | Train Energy: 0.6173 | Train Perplexity: 1213.9848 | Val Energy: 0.6151 | Val Perplexity: 1210.7506
2026-05-15 12:37:43,560 - INFO - Epoch 7/10
2026-05-15 12:37:43,698 - INFO -   Batch 10/203 | Batch Energy: 0.6128 | Perplexity: 1237.5799
2026-05-15 12:37:46,551 - INFO - Epoch 7/10 | Train Energy: 0.6140 | Train Perplexity: 1213.7960 | Val Energy: 0.6122 | Val Perplexity: 1217.0684
2026-05-15 12:37:46,551 - INFO - Epoch 8/10
2026-05-15 12:37:46,687 - INFO -   Batch 10/203 | Batch Energy: 0.6110 | Perplexity: 1208.5684
2026-05-15 12:37:49,522 - INFO - Epoch 8/10 | Train Energy: 0.6113 | Train Perplexity: 1211.5694 | Val Energy: 0.6092 | Val Perplexity: 1212.4341
2026-05-15 12:37:49,522 - INFO - Epoch 9/10
2026-05-15 12:37:49,659 - INFO -   Batch 10/203 | Batch Energy: 0.6060 | Perplexity: 1214.8356
2026-05-15 12:37:52,477 - INFO - Epoch 9/10 | Train Energy: 0.6088 | Train Perplexity: 1211.3986 | Val Energy: 0.6067 | Val Perplexity: 1205.7375
2026-05-15 12:37:52,477 - INFO - Epoch 10/10
2026-05-15 12:37:52,614 - INFO -   Batch 10/203 | Batch Energy: 0.6060 | Perplexity: 1201.2109
2026-05-15 12:37:55,444 - INFO - Epoch 10/10 | Train Energy: 0.6066 | Train Perplexity: 1214.0600 | Val Energy: 0.6050 | Val Perplexity: 1209.2360
2026-05-15 12:37:55,453 - INFO - Saved checkpoint to checkpoints/model_epoch_10.pt
2026-05-15 12:37:55,746 - INFO - Training completed in 30.41 seconds
2026-05-15 12:37:55,746 - INFO - Final model saved to: checkpoints/final_model.pt
2026-05-15 12:37:55,746 - INFO - ========== Training completed ==========
2026-05-15 12:39:11,561 - INFO - 
########################################################################################################################
2026-05-15 12:39:11,561 - INFO - Using device: cuda:0 (local rank 0)
2026-05-15 12:39:11,561 - INFO - Saving the hyperparameters configurations:
2026-05-15 12:39:11,561 - INFO - {
      "vocab_size": 1024,
      "block_size": 240,
      "lr": 3.885392918546742e-06,
      "inference_lr": 0.0003885392918546742,
      "peak_learning_rate": 3.885392918546742e-05,
      "warmup_steps": 356,
      "n_embed": 128,
      "dropout": 0.13792051616168877,
      "T": 1,
      "update_bias": false,
      "num_heads": 8,
      "n_blocks": 1,
      "batch_size": 8,
      "num_epochs": 10,
      "internal_energy_fn_name": "pc_e",
      "output_energy_fn_name": "pc_e",
      "combined_internal_weight": 0.6015226149249674,
      "combined_output_weight": 0.3984773850750326,
      "use_flash_attention": false,
      "alpha": 0.5
}
2026-05-15 12:39:11,721 - INFO - ========== Training started ==========
2026-05-15 12:39:11,721 - INFO - 0.49 M parameters
2026-05-15 12:39:11,721 - INFO - Epoch 1/10
2026-05-15 12:39:12,199 - INFO -   Batch 10/203 | Batch Energy: 0.6288 | Perplexity: 1216.1820
2026-05-15 12:39:15,082 - INFO - Epoch 1/10 | Train Energy: 0.6149 | Train Perplexity: 1212.1539 | Val Energy: 0.6045 | Val Perplexity: 1207.3560
2026-05-15 12:39:15,083 - INFO - Epoch 2/10
2026-05-15 12:39:15,220 - INFO -   Batch 10/203 | Batch Energy: 0.6046 | Perplexity: 1249.6831
2026-05-15 12:39:18,092 - INFO - Epoch 2/10 | Train Energy: 0.6272 | Train Perplexity: 1211.2229 | Val Energy: 0.6372 | Val Perplexity: 1209.4243
2026-05-15 12:39:18,092 - INFO - Epoch 3/10
2026-05-15 12:39:18,229 - INFO -   Batch 10/203 | Batch Energy: 0.6337 | Perplexity: 1229.3925
2026-05-15 12:39:21,095 - INFO - Epoch 3/10 | Train Energy: 0.6331 | Train Perplexity: 1215.6394 | Val Energy: 0.6298 | Val Perplexity: 1212.5391
2026-05-15 12:39:21,095 - INFO - Epoch 4/10
2026-05-15 12:39:21,233 - INFO -   Batch 10/203 | Batch Energy: 0.6282 | Perplexity: 1231.5182
2026-05-15 12:39:24,073 - INFO - Epoch 4/10 | Train Energy: 0.6264 | Train Perplexity: 1214.4013 | Val Energy: 0.6239 | Val Perplexity: 1210.0990
2026-05-15 12:39:24,073 - INFO - Epoch 5/10
2026-05-15 12:39:24,210 - INFO -   Batch 10/203 | Batch Energy: 0.6247 | Perplexity: 1206.1619
2026-05-15 12:40:23,324 - INFO - 
########################################################################################################################
2026-05-15 12:40:23,324 - INFO - Using device: cuda:0 (local rank 0)
2026-05-15 12:40:23,324 - INFO - Saving the hyperparameters configurations:
2026-05-15 12:40:23,324 - INFO - {
      "vocab_size": 1024,
      "block_size": 240,
      "lr": 3.885392918546742e-06,
      "inference_lr": 0.0003885392918546742,
      "peak_learning_rate": 3.885392918546742e-05,
      "warmup_steps": 356,
      "n_embed": 128,
      "dropout": 0.13792051616168877,
      "T": 1,
      "update_bias": false,
      "num_heads": 8,
      "n_blocks": 1,
      "batch_size": 8,
      "num_epochs": 10,
      "internal_energy_fn_name": "pc_e",
      "output_energy_fn_name": "pc_e",
      "combined_internal_weight": 0.6015226149249674,
      "combined_output_weight": 0.3984773850750326,
      "use_flash_attention": false,
      "alpha": 0.5
}
2026-05-15 12:40:23,511 - INFO - ========== Training started ==========
2026-05-15 12:40:23,511 - INFO - 0.49 M parameters
2026-05-15 12:40:23,511 - INFO - Epoch 1/10
2026-05-15 12:40:23,991 - INFO -   Batch 10/203 | Batch Energy: 0.6288 | Perplexity: 1216.1820
2026-05-15 12:40:26,907 - INFO - Epoch 1/10 | Train Energy: 0.6149 | Train Perplexity: 1212.1539 | Val Energy: 0.6045 | Val Perplexity: 1207.3560
2026-05-15 12:40:26,907 - INFO - Epoch 2/10
2026-05-15 12:40:27,044 - INFO -   Batch 10/203 | Batch Energy: 0.6046 | Perplexity: 1249.6831
2026-05-15 12:40:29,979 - INFO - Epoch 2/10 | Train Energy: 0.6272 | Train Perplexity: 1211.2229 | Val Energy: 0.6372 | Val Perplexity: 1209.4243
2026-05-15 12:40:29,979 - INFO - Epoch 3/10
2026-05-15 12:40:30,130 - INFO -   Batch 10/203 | Batch Energy: 0.6337 | Perplexity: 1229.3925
2026-05-15 12:40:32,961 - INFO - Epoch 3/10 | Train Energy: 0.6331 | Train Perplexity: 1215.6394 | Val Energy: 0.6298 | Val Perplexity: 1212.5391
2026-05-15 12:40:32,961 - INFO - Epoch 4/10
2026-05-15 12:40:33,098 - INFO -   Batch 10/203 | Batch Energy: 0.6282 | Perplexity: 1231.5182
2026-05-15 12:40:35,928 - INFO - Epoch 4/10 | Train Energy: 0.6264 | Train Perplexity: 1214.4013 | Val Energy: 0.6239 | Val Perplexity: 1210.0990
2026-05-15 12:40:35,928 - INFO - Epoch 5/10
2026-05-15 12:40:36,072 - INFO -   Batch 10/203 | Batch Energy: 0.6247 | Perplexity: 1206.1619
2026-05-15 12:40:38,881 - INFO - Epoch 5/10 | Train Energy: 0.6214 | Train Perplexity: 1211.6690 | Val Energy: 0.6192 | Val Perplexity: 1205.2392
2026-05-15 12:40:38,892 - INFO - Saved checkpoint to checkpoints/model_epoch_5.pt
2026-05-15 12:40:38,892 - INFO - Epoch 6/10
2026-05-15 12:40:39,030 - INFO -   Batch 10/203 | Batch Energy: 0.6145 | Perplexity: 1191.5096
2026-05-15 12:40:41,861 - INFO - Epoch 6/10 | Train Energy: 0.6173 | Train Perplexity: 1213.9848 | Val Energy: 0.6151 | Val Perplexity: 1210.7506
2026-05-15 12:40:41,861 - INFO - Epoch 7/10
2026-05-15 12:40:41,999 - INFO -   Batch 10/203 | Batch Energy: 0.6128 | Perplexity: 1237.5799
2026-05-15 12:40:44,817 - INFO - Epoch 7/10 | Train Energy: 0.6140 | Train Perplexity: 1213.7960 | Val Energy: 0.6122 | Val Perplexity: 1217.0684
2026-05-15 12:40:44,818 - INFO - Epoch 8/10
2026-05-15 12:40:44,954 - INFO -   Batch 10/203 | Batch Energy: 0.6110 | Perplexity: 1208.5684
2026-05-15 12:40:47,809 - INFO - Epoch 8/10 | Train Energy: 0.6113 | Train Perplexity: 1211.5694 | Val Energy: 0.6092 | Val Perplexity: 1212.4341
2026-05-15 12:40:47,809 - INFO - Epoch 9/10
2026-05-15 12:40:47,948 - INFO -   Batch 10/203 | Batch Energy: 0.6060 | Perplexity: 1214.8356
2026-05-15 12:40:50,797 - INFO - Epoch 9/10 | Train Energy: 0.6088 | Train Perplexity: 1211.3986 | Val Energy: 0.6067 | Val Perplexity: 1205.7375
2026-05-15 12:40:50,798 - INFO - Epoch 10/10
2026-05-15 12:40:50,935 - INFO -   Batch 10/203 | Batch Energy: 0.6060 | Perplexity: 1201.2109
2026-05-15 12:40:53,787 - INFO - Epoch 10/10 | Train Energy: 0.6066 | Train Perplexity: 1214.0600 | Val Energy: 0.6050 | Val Perplexity: 1209.2360
2026-05-15 12:40:53,797 - INFO - Saved checkpoint to checkpoints/model_epoch_10.pt
2026-05-15 12:40:54,088 - INFO - Training completed in 30.58 seconds
2026-05-15 12:40:54,088 - INFO - Final model saved to: checkpoints/final_model.pt
2026-05-15 12:40:54,088 - INFO - ========== Training completed ==========
2026-05-15 12:51:31,385 - INFO - 
########################################################################################################################
2026-05-15 12:51:31,385 - INFO - Using device: cuda:0 (local rank 0)
2026-05-15 12:51:31,385 - INFO - Saving the hyperparameters configurations:
2026-05-15 12:51:31,385 - INFO - {
      "vocab_size": 1024,
      "block_size": 240,
      "lr": 3.885392918546742e-06,
      "inference_lr": 0.0003885392918546742,
      "peak_learning_rate": 3.885392918546742e-05,
      "warmup_steps": 356,
      "n_embed": 128,
      "dropout": 0.13792051616168877,
      "T": 1,
      "update_bias": false,
      "num_heads": 8,
      "n_blocks": 1,
      "batch_size": 8,
      "num_epochs": 10,
      "internal_energy_fn_name": "pc_e",
      "output_energy_fn_name": "pc_e",
      "combined_internal_weight": 0.6015226149249674,
      "combined_output_weight": 0.3984773850750326,
      "use_flash_attention": false,
      "alpha": 0.5
}
2026-05-15 12:51:31,567 - INFO - ========== Training started ==========
2026-05-15 12:51:31,567 - INFO - 0.49 M parameters
2026-05-15 12:51:31,567 - INFO - Epoch 1/10
2026-05-15 12:51:32,050 - INFO -   Batch 10/203 | Batch Energy: 0.6288 | Perplexity: 1216.1820
2026-05-15 12:51:34,935 - INFO - Epoch 2/10
2026-05-15 12:51:35,073 - INFO -   Batch 10/203 | Batch Energy: 0.6046 | Perplexity: 1249.6831
2026-05-15 12:51:37,930 - INFO - Epoch 3/10
2026-05-15 12:51:38,070 - INFO -   Batch 10/203 | Batch Energy: 0.6337 | Perplexity: 1229.3925
2026-05-15 12:51:40,924 - INFO - Epoch 4/10
2026-05-15 12:51:41,062 - INFO -   Batch 10/203 | Batch Energy: 0.6282 | Perplexity: 1231.5182
2026-05-15 12:51:43,894 - INFO - Epoch 5/10
2026-05-15 12:51:44,034 - INFO -   Batch 10/203 | Batch Energy: 0.6247 | Perplexity: 1206.1619
2026-05-15 12:51:46,900 - INFO - Saved checkpoint to checkpoints/model_epoch_5.pt
2026-05-15 12:51:46,900 - INFO - Epoch 6/10
2026-05-15 12:51:47,043 - INFO -   Batch 10/203 | Batch Energy: 0.6145 | Perplexity: 1191.5096
2026-05-15 12:51:49,900 - INFO - Epoch 7/10
2026-05-15 12:51:50,045 - INFO -   Batch 10/203 | Batch Energy: 0.6128 | Perplexity: 1237.5799
2026-05-15 12:51:52,910 - INFO - Epoch 8/10
2026-05-15 12:51:53,051 - INFO -   Batch 10/203 | Batch Energy: 0.6110 | Perplexity: 1208.5684
2026-05-15 12:51:56,005 - INFO - Epoch 9/10
2026-05-15 12:51:56,146 - INFO -   Batch 10/203 | Batch Energy: 0.6060 | Perplexity: 1214.8356
2026-05-15 12:51:59,011 - INFO - Epoch 10/10
2026-05-15 12:51:59,150 - INFO -   Batch 10/203 | Batch Energy: 0.6060 | Perplexity: 1201.2109
2026-05-15 12:52:02,026 - INFO - Saved checkpoint to checkpoints/model_epoch_10.pt
2026-05-15 12:52:02,243 - INFO - Training completed in 30.68 seconds
2026-05-15 12:52:02,243 - INFO - Final model saved to: checkpoints/final_model.pt
2026-05-15 12:52:02,243 - INFO - ========== Training completed ==========
2026-05-15 13:04:29,823 - INFO - 
########################################################################################################################
2026-05-15 13:04:29,823 - INFO - Using device: cuda:0 (local rank 0)
2026-05-15 13:04:29,823 - INFO - Saving the hyperparameters configurations:
2026-05-15 13:04:29,823 - INFO - {
      "vocab_size": 1024,
      "block_size": 240,
      "lr": 3.885392918546742e-06,
      "inference_lr": 0.0003885392918546742,
      "peak_learning_rate": 3.885392918546742e-05,
      "warmup_steps": 356,
      "n_embed": 128,
      "dropout": 0.13792051616168877,
      "T": 1,
      "update_bias": false,
      "num_heads": 8,
      "n_blocks": 1,
      "batch_size": 8,
      "num_epochs": 10,
      "internal_energy_fn_name": "pc_e",
      "output_energy_fn_name": "pc_e",
      "combined_internal_weight": 0.6015226149249674,
      "combined_output_weight": 0.3984773850750326,
      "use_flash_attention": false,
      "alpha": 0.5
}
2026-05-15 13:04:29,985 - INFO - ========== Training started ==========
2026-05-15 13:04:29,985 - INFO - 0.49 M parameters
2026-05-15 13:04:29,985 - INFO - Epoch 1/10
2026-05-15 13:04:30,479 - INFO -   Batch 10/203 | Batch Energy: 0.6288 | Perplexity: 1216.1820
2026-05-15 13:04:33,367 - INFO - Epoch 2/10
2026-05-15 13:04:33,505 - INFO -   Batch 10/203 | Batch Energy: 0.6046 | Perplexity: 1249.6831
2026-05-15 13:04:36,339 - INFO - Epoch 3/10
2026-05-15 13:04:36,479 - INFO -   Batch 10/203 | Batch Energy: 0.6337 | Perplexity: 1229.3925
2026-05-15 13:04:39,314 - INFO - Epoch 4/10
2026-05-15 13:04:39,453 - INFO -   Batch 10/203 | Batch Energy: 0.6282 | Perplexity: 1231.5182
2026-05-15 13:04:42,319 - INFO - Epoch 5/10
2026-05-15 13:04:42,459 - INFO -   Batch 10/203 | Batch Energy: 0.6247 | Perplexity: 1206.1619
2026-05-15 13:04:45,339 - INFO - Saved checkpoint to checkpoints/model_epoch_5.pt
2026-05-15 13:04:45,339 - INFO - Epoch 6/10
2026-05-15 13:04:45,478 - INFO -   Batch 10/203 | Batch Energy: 0.6145 | Perplexity: 1191.5096
2026-05-15 13:04:48,327 - INFO - Epoch 7/10
2026-05-15 13:04:48,476 - INFO -   Batch 10/203 | Batch Energy: 0.6128 | Perplexity: 1237.5799
2026-05-15 13:04:51,411 - INFO - Epoch 8/10
2026-05-15 13:04:51,551 - INFO -   Batch 10/203 | Batch Energy: 0.6110 | Perplexity: 1208.5684
2026-05-15 13:04:54,408 - INFO - Epoch 9/10
2026-05-15 13:04:54,546 - INFO -   Batch 10/203 | Batch Energy: 0.6060 | Perplexity: 1214.8356
2026-05-15 13:04:57,360 - INFO - Epoch 10/10
2026-05-15 13:04:57,499 - INFO -   Batch 10/203 | Batch Energy: 0.6060 | Perplexity: 1201.2109
2026-05-15 13:05:00,336 - INFO - Saved checkpoint to checkpoints/model_epoch_10.pt
2026-05-15 13:05:00,550 - INFO - Training completed in 30.57 seconds
2026-05-15 13:05:00,550 - INFO - Final model saved to: checkpoints/final_model.pt
2026-05-15 13:05:00,550 - INFO - ========== Training completed ==========
2026-05-15 13:10:35,165 - INFO - 
########################################################################################################################
2026-05-15 13:10:35,165 - INFO - Using device: cuda:0 (local rank 0)
2026-05-15 13:10:35,165 - INFO - Saving the hyperparameters configurations:
2026-05-15 13:10:35,165 - INFO - {
      "vocab_size": 1024,
      "block_size": 240,
      "lr": 3.885392918546742e-06,
      "inference_lr": 0.0003885392918546742,
      "peak_learning_rate": 3.885392918546742e-05,
      "warmup_steps": 356,
      "n_embed": 128,
      "dropout": 0.13792051616168877,
      "T": 1,
      "update_bias": false,
      "num_heads": 8,
      "n_blocks": 1,
      "batch_size": 8,
      "num_epochs": 10,
      "internal_energy_fn_name": "pc_e",
      "output_energy_fn_name": "pc_e",
      "combined_internal_weight": 0.6015226149249674,
      "combined_output_weight": 0.3984773850750326,
      "use_flash_attention": false,
      "alpha": 0.5
}
2026-05-15 13:10:35,328 - INFO - ========== Training started ==========
2026-05-15 13:10:35,329 - INFO - 0.49 M parameters
2026-05-15 13:10:35,329 - INFO - Epoch 1/10
2026-05-15 13:10:35,798 - INFO -   Batch 10/203 | Batch Energy: 0.6321 | Perplexity: 1216.1809
2026-05-15 13:10:38,723 - INFO - Epoch 2/10
2026-05-15 13:10:38,864 - INFO -   Batch 10/203 | Batch Energy: 0.6260 | Perplexity: 1249.6867
2026-05-15 13:10:41,761 - INFO - Epoch 3/10
2026-05-15 13:10:41,901 - INFO -   Batch 10/203 | Batch Energy: 0.6146 | Perplexity: 1229.4002
2026-05-15 13:10:44,778 - INFO - Epoch 4/10
2026-05-15 13:10:44,919 - INFO -   Batch 10/203 | Batch Energy: 0.6053 | Perplexity: 1231.5429
2026-05-15 13:10:47,786 - INFO - Epoch 5/10
2026-05-15 13:10:47,929 - INFO -   Batch 10/203 | Batch Energy: 0.6004 | Perplexity: 1206.1844
2026-05-15 13:10:50,826 - INFO - Saved checkpoint to checkpoints/model_epoch_5.pt
2026-05-15 13:10:50,826 - INFO - Epoch 6/10
2026-05-15 13:10:50,967 - INFO -   Batch 10/203 | Batch Energy: 0.5940 | Perplexity: 1191.5477
2026-05-15 13:10:53,845 - INFO - Epoch 7/10
2026-05-15 13:10:53,985 - INFO -   Batch 10/203 | Batch Energy: 0.5910 | Perplexity: 1237.6094
2026-05-15 13:10:56,882 - INFO - Epoch 8/10
2026-05-15 13:10:57,024 - INFO -   Batch 10/203 | Batch Energy: 0.5884 | Perplexity: 1208.5955
2026-05-15 13:10:59,911 - INFO - Epoch 9/10
2026-05-15 13:11:00,056 - INFO -   Batch 10/203 | Batch Energy: 0.5821 | Perplexity: 1214.9104
2026-05-15 13:11:02,931 - INFO - Epoch 10/10
2026-05-15 13:11:03,072 - INFO -   Batch 10/203 | Batch Energy: 0.5822 | Perplexity: 1201.2825
2026-05-15 13:11:05,963 - INFO - Saved checkpoint to checkpoints/model_epoch_10.pt
2026-05-15 13:11:06,176 - INFO - Training completed in 30.85 seconds
2026-05-15 13:11:06,176 - INFO - Final model saved to: checkpoints/final_model.pt
2026-05-15 13:11:06,176 - INFO - ========== Training completed ==========
2026-05-15 13:15:55,632 - INFO - 
########################################################################################################################
2026-05-15 13:15:55,632 - INFO - Using device: cuda:0 (local rank 0)
2026-05-15 13:15:55,632 - INFO - Saving the hyperparameters configurations:
2026-05-15 13:15:55,632 - INFO - {
      "vocab_size": 1024,
      "block_size": 240,
      "lr": 3.885392918546742e-06,
      "inference_lr": 0.0003885392918546742,
      "peak_learning_rate": 3.885392918546742e-05,
      "warmup_steps": 356,
      "n_embed": 128,
      "dropout": 0.13792051616168877,
      "T": 1,
      "update_bias": false,
      "num_heads": 8,
      "n_blocks": 1,
      "batch_size": 8,
      "num_epochs": 10,
      "internal_energy_fn_name": "pc_e",
      "output_energy_fn_name": "pc_e",
      "combined_internal_weight": 0.6015226149249674,
      "combined_output_weight": 0.3984773850750326,
      "use_flash_attention": false,
      "alpha": 0.5
}
2026-05-15 13:15:55,804 - INFO - ========== Training started ==========
2026-05-15 13:15:55,805 - INFO - 0.49 M parameters
2026-05-15 13:15:55,805 - INFO - Epoch 1/10
2026-05-15 13:15:56,131 - INFO -   Batch 1/203 | Batch Energy: 0.6328 | Perplexity: 1204.8950
2026-05-15 13:16:01,667 - INFO - Epoch 2/10
2026-05-15 13:16:01,693 - INFO -   Batch 1/203 | Batch Energy: 0.6241 | Perplexity: 1215.5124
2026-05-15 13:16:07,151 - INFO - Epoch 3/10
2026-05-15 13:16:07,178 - INFO -   Batch 1/203 | Batch Energy: 0.6145 | Perplexity: 1226.5228
2026-05-15 13:16:12,714 - INFO - Epoch 4/10
2026-05-15 13:16:12,743 - INFO -   Batch 1/203 | Batch Energy: 0.6070 | Perplexity: 1204.2838
2026-05-15 13:16:18,174 - INFO - Epoch 5/10
2026-05-15 13:16:18,201 - INFO -   Batch 1/203 | Batch Energy: 0.6003 | Perplexity: 1202.0131
2026-05-15 13:16:23,677 - INFO - Saved checkpoint to checkpoints/model_epoch_5.pt
2026-05-15 13:16:23,677 - INFO - Epoch 6/10
2026-05-15 13:16:23,705 - INFO -   Batch 1/203 | Batch Energy: 0.5952 | Perplexity: 1207.6404
2026-05-15 13:16:29,133 - INFO - Epoch 7/10
2026-05-15 13:16:29,159 - INFO -   Batch 1/203 | Batch Energy: 0.5896 | Perplexity: 1181.5491
2026-05-15 13:16:34,606 - INFO - Epoch 8/10
2026-05-15 13:16:34,633 - INFO -   Batch 1/203 | Batch Energy: 0.5869 | Perplexity: 1212.2531
2026-05-15 13:16:40,033 - INFO - Epoch 9/10
2026-05-15 13:16:40,066 - INFO -   Batch 1/203 | Batch Energy: 0.5867 | Perplexity: 1242.2856
2026-05-15 13:16:45,556 - INFO - Epoch 10/10
2026-05-15 13:16:45,583 - INFO -   Batch 1/203 | Batch Energy: 0.5821 | Perplexity: 1234.0860
2026-05-15 13:16:51,086 - INFO - Saved checkpoint to checkpoints/model_epoch_10.pt
2026-05-15 13:16:51,307 - INFO - Training completed in 55.50 seconds
2026-05-15 13:16:51,308 - INFO - Final model saved to: checkpoints/final_model.pt
2026-05-15 13:16:51,308 - INFO - ========== Training completed ==========
